"ID";"fair_enough_score";"fair_enough_score_total";"fair_enough_score_percent";"fair_enough_score_metrics_count";"fair_enough_score_metrics_percent";"fair_enough_xml_document";"fair_enough_Gen2_FM_F1B_metadata";"fair_enough_Gen2_FM_F1A";"fair_enough_Gen2_FM_F2B";"fair_enough_Gen2_FM_F2A";"fair_enough_Gen2_FM_F3_data";"fair_enough_Gen2_FM_F3_metadata";"fair_enough_Gen2_FM_F4";"fair_enough_Gen2_FM_A1.1_data";"fair_enough_Gen2_FM_A1.1_metadata";"fair_enough_Gen2_FM_A1.2_data";"fair_enough_Gen2_FM_A1.2_metadata";"fair_enough_Gen2_FM_A2";"fair_enough_Gen2_FM_I1B_data";"fair_enough_Gen2_FM_I1A_data";"fair_enough_Gen2_FM_I1B_metadata";"fair_enough_Gen2_FM_I1A_metadata";"fair_enough_Gen2_FM_I2B";"fair_enough_Gen2_FM_I2A";"fair_enough_Gen2_FM_I3";"fair_enough_Gen2_FM_R1.1_metadata";"fair_enough_Gen2_FM_R1.1_data";"fair_enough_f1";"fair_enough_f2";"fair_enough_f3";"fair_enough_f4";"fair_enough_a1.1";"fair_enough_a1.2";"fair_enough_a2";"fair_enough_i1";"fair_enough_i2";"fair_enough_i3";"fair_enough_r1.1"
"https://osf.io/r7g9q/";11;22;50;7;31,82;NA;0;1;1;1;0;0;0;0;1;0;0;0;0;0;1;1;0;0;1;0;0;50;100;0;0;50;0;0;50;0;50;0
"https://www.ncbi.nlm.nih.gov/nuccore/MW208755";3;22;13,64;2;9,09;NA;0;1;0;0;0;0;0;0;1;0;0;0;0;0;0;0;0;0;0;0;0;50;0;0;0;50;0;0;0;0;0;0
"https://www.ncbi.nlm.nih.gov/nuccore/MN555567";3;22;13,64;2;9,09;NA;0;1;0;0;0;0;0;0;1;0;0;0;0;0;0;0;0;0;0;0;0;50;0;0;0;50;0;0;0;0;0;0
"https://www.ebi.ac.uk/pride/archive/projects/PXD022350";5;22;22,73;2;9,09;NA;0;1;0;0;0;0;0;0;1;0;0;0;0;0;0;0;0;0;0;0;0;50;0;0;0;50;0;0;0;0;0;0
"https://osf.io/738yf/";3;22;13,64;2;9,09;NA;0;1;0;0;0;0;0;0;1;0;0;0;0;0;0;0;0;0;0;0;0;50;0;0;0;50;0;0;0;0;0;0
"https://osf.io/ftb9c/";3;22;13,64;2;9,09;NA;0;1;0;0;0;0;0;0;1;0;0;0;0;0;0;0;0;0;0;0;0;50;0;0;0;50;0;0;0;0;0;0
"https://doi.org/10.5061/dryad.66t1g1k27";17;22;77,27;15;68,18;NA;1;1;1;1;1;1;0;1;1;1;1;0;0;0;1;1;0;1;1;0;1;100;100;100;0;100;100;0;50;50;50;50
"https://trace.ncbi.nlm.nih.gov/Traces/sra/?run=SRR12059634";3;22;13,64;2;9,09;NA;0;1;0;0;0;0;0;0;1;0;0;0;0;0;0;0;0;0;0;0;0;50;0;0;0;50;0;0;0;0;0;0
"https://oar.ptb.de/resources/show/10.7795/710.20201113";3;22;13,64;2;9,09;NA;0;1;0;0;0;0;0;0;1;0;0;0;0;0;0;0;0;0;0;0;0;50;0;0;0;50;0;0;0;0;0;0
"https://www.ncbi.nlm.nih.gov/geo/query/acc.cgi?acc=GSE159907";3;22;13,64;2;9,09;NA;0;1;0;0;0;0;0;0;1;0;0;0;0;0;0;0;0;0;0;0;0;50;0;0;0;50;0;0;0;0;0;0
"https://www.ncbi.nlm.nih.gov/nuccore/NM_013275.6?report=fasta&to=9301";3;22;13,64;2;9,09;NA;0;1;0;0;0;0;0;0;1;0;0;0;0;0;0;0;0;0;0;0;0;50;0;0;0;50;0;0;0;0;0;0
"https://osf.io/92swt/?view_only=faec41999e4848ef9535139dfe982c1c";11;22;50;7;31,82;NA;0;1;1;1;0;0;0;0;1;0;0;0;0;0;1;1;0;0;1;0;0;50;100;0;0;50;0;0;50;0;50;0
"https://www.ncbi.nlm.nih.gov/geo/query/acc.cgi?acc=GSE168808";3;22;13,64;2;9,09;NA;0;1;0;0;0;0;0;0;1;0;0;0;0;0;0;0;0;0;0;0;0;50;0;0;0;50;0;0;0;0;0;0
"https://www.ncbi.nlm.nih.gov/nuccore/MW057694";3;22;13,64;2;9,09;NA;0;1;0;0;0;0;0;0;1;0;0;0;0;0;0;0;0;0;0;0;0;50;0;0;0;50;0;0;0;0;0;0
"https://www.ncbi.nlm.nih.gov/nuccore/MW072297";3;22;13,64;2;9,09;NA;0;1;0;0;0;0;0;0;1;0;0;0;0;0;0;0;0;0;0;0;0;50;0;0;0;50;0;0;0;0;0;0
"https://doi.org/10.5281/zenodo.4669937";19;22;86,36;15;68,18;NA;1;1;1;1;1;1;0;1;1;1;1;0;0;0;1;1;0;1;1;0;1;100;100;100;0;100;100;0;50;50;50;50
"https://www.ncbi.nlm.nih.gov/geo/query/acc.cgi?acc=GSE175699";3;22;13,64;2;9,09;NA;0;1;0;0;0;0;0;0;1;0;0;0;0;0;0;0;0;0;0;0;0;50;0;0;0;50;0;0;0;0;0;0
"https://www.ebi.ac.uk/ena/browser/view/PRJEB35507";3;22;13,64;6;27,27;NA;0;1;1;1;0;0;0;0;1;0;0;0;0;0;1;1;0;0;0;0;0;50;100;0;0;50;0;0;50;0;0;0
"https://www.ncbi.nlm.nih.gov/geo/query/acc.cgi?acc=GSE90805";2;22;9,09;2;9,09;NA;0;1;0;0;0;0;0;0;1;0;0;0;0;0;0;0;0;0;0;0;0;50;0;0;0;50;0;0;0;0;0;0
"https://www.ncbi.nlm.nih.gov/geo/query/acc.cgi?acc=GSE163579";3;22;13,64;2;9,09;NA;0;1;0;0;0;0;0;0;1;0;0;0;0;0;0;0;0;0;0;0;0;50;0;0;0;50;0;0;0;0;0;0
"https://osf.io/bupge/";10;22;45,45;7;31,82;NA;0;1;1;1;0;0;0;0;1;0;0;0;0;0;1;1;0;0;1;0;0;50;100;0;0;50;0;0;50;0;50;0
"https://www.ncbi.nlm.nih.gov/geo/query/acc.cgi?acc=GSE165332";3;22;13,64;2;9,09;NA;0;1;0;0;0;0;0;0;1;0;0;0;0;0;0;0;0;0;0;0;0;50;0;0;0;50;0;0;0;0;0;0
"https://trace.ncbi.nlm.nih.gov/Traces/sra/?run=SRR12801265";3;22;13,64;2;9,09;NA;0;1;0;0;0;0;0;0;1;0;0;0;0;0;0;0;0;0;0;0;0;50;0;0;0;50;0;0;0;0;0;0
"https://trace.ncbi.nlm.nih.gov/Traces/sra/?run=SRR13999246";3;22;13,64;2;9,09;NA;0;1;0;0;0;0;0;0;1;0;0;0;0;0;0;0;0;0;0;0;0;50;0;0;0;50;0;0;0;0;0;0
"https://www.ncbi.nlm.nih.gov/geo/query/acc.cgi?acc=GSE180557";3;22;13,64;2;9,09;NA;0;1;0;0;0;0;0;0;1;0;0;0;0;0;0;0;0;0;0;0;0;50;0;0;0;50;0;0;0;0;0;0
"https://www.ebi.ac.uk/pride/archive/projects/PXD014260";5;22;22,73;2;9,09;NA;0;1;0;0;0;0;0;0;1;0;0;0;0;0;0;0;0;0;0;0;0;50;0;0;0;50;0;0;0;0;0;0
"https://www.ncbi.nlm.nih.gov/geo/query/acc.cgi?acc=GSE158596";3;22;13,64;2;9,09;NA;0;1;0;0;0;0;0;0;1;0;0;0;0;0;0;0;0;0;0;0;0;50;0;0;0;50;0;0;0;0;0;0
"https://www.ncbi.nlm.nih.gov/geo/query/acc.cgi?acc=GSE168499";3;22;13,64;2;9,09;NA;0;1;0;0;0;0;0;0;1;0;0;0;0;0;0;0;0;0;0;0;0;50;0;0;0;50;0;0;0;0;0;0
"https://osf.io/er6b8/";3;22;13,64;2;9,09;NA;0;1;0;0;0;0;0;0;1;0;0;0;0;0;0;0;0;0;0;0;0;50;0;0;0;50;0;0;0;0;0;0
"https://doi.org/10.6084/m9.figshare.14524716.v1";17;22;77,27;15;68,18;NA;1;1;1;1;1;1;0;1;1;1;1;0;0;0;1;1;0;1;1;0;1;100;100;100;0;100;100;0;50;50;50;50
"https://osf.io/xwnr3/";10;22;45,45;7;31,82;NA;0;1;1;1;0;0;0;0;1;0;0;0;0;0;1;1;0;0;1;0;0;50;100;0;0;50;0;0;50;0;50;0
"https://doi.org/10.5281/zenodo.5159386";15;22;68,18;11;50;NA;1;1;1;1;0;0;0;0;1;0;1;0;0;0;1;1;0;1;1;0;1;100;100;0;0;50;50;0;50;50;50;50
"https://doi.org/10.6084/m9.figshare.14450727.v1";17;22;77,27;15;68,18;NA;1;1;1;1;1;1;0;1;1;1;1;0;0;0;1;1;0;1;1;0;1;100;100;100;0;100;100;0;50;50;50;50
"https://doi.org/10.17605/OSF.IO/AKRH9";13;22;59,09;10;45,45;NA;1;1;1;1;0;1;0;0;1;0;1;0;0;0;1;1;0;0;1;0;0;100;100;50;0;50;50;0;50;0;50;0
"https://www.ncbi.nlm.nih.gov/geo/query/acc.cgi?acc=GSE165263";3;22;13,64;2;9,09;NA;0;1;0;0;0;0;0;0;1;0;0;0;0;0;0;0;0;0;0;0;0;50;0;0;0;50;0;0;0;0;0;0
"https://trace.ncbi.nlm.nih.gov/Traces/sra/?run=SRR10743233";3;22;13,64;2;9,09;NA;0;1;0;0;0;0;0;0;1;0;0;0;0;0;0;0;0;0;0;0;0;50;0;0;0;50;0;0;0;0;0;0
"https://www.ncbi.nlm.nih.gov/geo/query/acc.cgi?acc=GSE141861";3;22;13,64;2;9,09;NA;0;1;0;0;0;0;0;0;1;0;0;0;0;0;0;0;0;0;0;0;0;50;0;0;0;50;0;0;0;0;0;0
"https://figshare.com/articles/dataset/Additional_file_1_of_The_glycosyltransferase_ST3GAL2_is_regulated_by_miR-615-3p_in_the_intestinal_tract_of_Campylobacter_jejuni_infected_mice/14870435";12;22;54,55;12;54,55;NA;0;1;1;1;1;0;0;1;1;1;0;0;0;0;1;1;0;1;1;0;1;50;100;50;0;100;50;0;50;50;50;50
"https://www.ncbi.nlm.nih.gov/geo/query/acc.cgi?acc=GSE163521";3;22;13,64;2;9,09;NA;0;1;0;0;0;0;0;0;1;0;0;0;0;0;0;0;0;0;0;0;0;50;0;0;0;50;0;0;0;0;0;0
"https://figshare.com/articles/dataset/Additional_file_1_of_Epigenetic_adaptations_of_the_masticatory_mucosa_to_periodontal_inflammation/16928628";12;22;54,55;12;54,55;NA;0;1;1;1;1;0;0;1;1;1;0;0;0;0;1;1;0;1;1;0;1;50;100;50;0;100;50;0;50;50;50;50
"https://www.ncbi.nlm.nih.gov/nuccore/MT107888";3;22;13,64;2;9,09;NA;0;1;0;0;0;0;0;0;1;0;0;0;0;0;0;0;0;0;0;0;0;50;0;0;0;50;0;0;0;0;0;0
"https://github.com/volkamerlab/cptox21_manuscript_SI/tree/master/data/data_signatures";5;22;22,73;6;27,27;NA;0;1;1;1;0;0;0;0;1;0;0;0;0;0;1;1;0;0;0;0;0;50;100;0;0;50;0;0;50;0;0;0
"https://www.ebi.ac.uk/ena/browser/view/PRJEB39814?show=reads";3;22;13,64;6;27,27;NA;0;1;1;1;0;0;0;0;1;0;0;0;0;0;1;1;0;0;0;0;0;50;100;0;0;50;0;0;50;0;0;0
"https://trace.ncbi.nlm.nih.gov/Traces/sra/?run=SRR12921007";3;22;13,64;2;9,09;NA;0;1;0;0;0;0;0;0;1;0;0;0;0;0;0;0;0;0;0;0;0;50;0;0;0;50;0;0;0;0;0;0
"https://www.ebi.ac.uk/ena/browser/view/PRJEB46911?show=reads";3;22;13,64;6;27,27;NA;0;1;1;1;0;0;0;0;1;0;0;0;0;0;1;1;0;0;0;0;0;50;100;0;0;50;0;0;50;0;0;0
"https://osf.io/zy7vs";3;22;13,64;2;9,09;NA;0;1;0;0;0;0;0;0;1;0;0;0;0;0;0;0;0;0;0;0;0;50;0;0;0;50;0;0;0;0;0;0
"https://doi.org/10.6084/m9.figshare.14527317.v4";NA;NA;NA;15;68,18;TRUE;1;1;1;1;1;1;0;1;1;1;1;0;0;0;1;1;0;1;1;0;1;100;100;100;0;100;100;0;50;50;50;50
"https://osf.io/7xc23/";3;22;13,64;2;9,09;NA;0;1;0;0;0;0;0;0;1;0;0;0;0;0;0;0;0;0;0;0;0;50;0;0;0;50;0;0;0;0;0;0
"https://doi.org/10.5281/zenodo.4498214";NA;NA;NA;14;63,64;TRUE;1;1;1;1;1;0;0;1;1;1;1;0;0;0;1;1;0;1;1;0;1;100;100;50;0;100;100;0;50;50;50;50
"https://doi.org/10.17605/OSF.IO/B5296";14;22;63,64;10;45,45;NA;1;1;1;1;0;1;0;0;1;0;1;0;0;0;1;1;0;0;1;0;0;100;100;50;0;50;50;0;50;0;50;0
"https://doi.org/10.17605/OSF.IO/W3JUH";13;22;59,09;10;45,45;NA;1;1;1;1;0;1;0;0;1;0;1;0;0;0;1;1;0;0;1;0;0;100;100;50;0;50;50;0;50;0;50;0
"https://figshare.com/articles/dataset/Reporting_assessments_for_sample_of_110_preclinical_systematic_reviews_/14543924";12;22;54,55;12;54,55;NA;0;1;1;1;1;0;0;1;1;1;0;0;0;0;1;1;0;1;1;0;1;50;100;50;0;100;50;0;50;50;50;50
"https://figshare.com/articles/dataset/This_file_contains_all_raw_data_underlying_the_figures_/17226515";12;22;54,55;12;54,55;NA;0;1;1;1;1;0;0;1;1;1;0;0;0;0;1;1;0;1;1;0;1;50;100;50;0;100;50;0;50;50;50;50
"https://figshare.com/articles/dataset/Numerical_values_underlying_summary_data_displayed_in_figures_/17123529";12;22;54,55;12;54,55;NA;0;1;1;1;1;0;0;1;1;1;0;0;0;0;1;1;0;1;1;0;1;50;100;50;0;100;50;0;50;50;50;50
"https://dx.doi.org/10.5281/zenodo.4064148";12;22;54,55;14;63,64;NA;1;1;1;1;1;0;0;1;1;1;1;0;0;0;1;1;0;1;1;0;1;100;100;50;0;100;100;0;50;50;50;50
"https://www.ebi.ac.uk/ena/browser/view/PRJEB40670?show=reads";3;22;13,64;6;27,27;NA;0;1;1;1;0;0;0;0;1;0;0;0;0;0;1;1;0;0;0;0;0;50;100;0;0;50;0;0;50;0;0;0
"https://itbgit.biologie.hu-berlin.de/dorel/phosphoproteomics_tnb_perturbations/-/blob/master/210113.proteinGroups.filteredNormalz.txt?expanded=true&viewer=simple";10;22;45,45;7;31,82;NA;0;1;1;1;0;0;0;0;1;0;0;0;0;0;1;1;0;0;1;0;0;50;100;0;0;50;0;0;50;0;50;0
"https://figshare.com/articles/dataset/All_somatic_SNVs_and_small_insertions_deletions_indels_detected_in_the_study_/13513223";12;22;54,55;12;54,55;NA;0;1;1;1;1;0;0;1;1;1;0;0;0;0;1;1;0;1;1;0;1;50;100;50;0;100;50;0;50;50;50;50
"https://figshare.com/articles/dataset/NSC23766_treatment_of_wild_type_mouse_sperm_/13714335";12;22;54,55;12;54,55;NA;0;1;1;1;1;0;0;1;1;1;0;0;0;0;1;1;0;1;1;0;1;50;100;50;0;100;50;0;50;50;50;50
"https://figshare.com/articles/dataset/Raw_data_of_the_lipidomics_experiments_including_sample_identifiers_/14831532";12;22;54,55;6;27,27;NA;0;1;1;1;0;0;0;0;1;0;0;0;0;0;1;1;0;0;0;0;0;50;100;0;0;50;0;0;50;0;0;0
"https://figshare.com/articles/dataset/Sources_of_the_CNV-case_cohorts_used_in_this_study_/15077835";12;22;54,55;12;54,55;NA;0;1;1;1;1;0;0;1;1;1;0;0;0;0;1;1;0;1;1;0;1;50;100;50;0;100;50;0;50;50;50;50
"https://figshare.com/articles/journal_contribution/Data_basis_for_meta-analyses_and_meta-regression_analyses_/16415146";9;22;40,91;6;27,27;NA;0;1;1;1;0;0;0;0;1;0;0;0;0;0;1;1;0;0;0;0;0;50;100;0;0;50;0;0;50;0;0;0
"https://figshare.com/articles/dataset/Data_table_depicting_overall_typing_results_/14311834";12;22;54,55;12;54,55;NA;0;1;1;1;1;0;0;1;1;1;0;0;0;0;1;1;0;1;1;0;1;50;100;50;0;100;50;0;50;50;50;50
"https://www.ncbi.nlm.nih.gov/nuccore/MW383507";3;22;13,64;2;9,09;NA;0;1;0;0;0;0;0;0;1;0;0;0;0;0;0;0;0;0;0;0;0;50;0;0;0;50;0;0;0;0;0;0
"https://figshare.com/articles/dataset/Dataset_1_/16806162";12;22;54,55;12;54,55;NA;0;1;1;1;1;0;0;1;1;1;0;0;0;0;1;1;0;1;1;0;1;50;100;50;0;100;50;0;50;50;50;50
"https://doi.org/10.5281/zenodo.4049178";15;22;68,18;12;54,55;NA;1;1;1;1;0;1;0;0;1;0;1;0;0;0;1;1;0;1;1;0;1;100;100;50;0;50;50;0;50;50;50;50
"https://figshare.com/articles/dataset/Tacrolimus_PK_model_dataset_/13630924";12;22;54,55;12;54,55;NA;0;1;1;1;1;0;0;1;1;1;0;0;0;0;1;1;0;1;1;0;1;50;100;50;0;100;50;0;50;50;50;50
"https://figshare.com/articles/dataset/Raw_data_/13866240";12;22;54,55;12;54,55;NA;0;1;1;1;1;0;0;1;1;1;0;0;0;0;1;1;0;1;1;0;1;50;100;50;0;100;50;0;50;50;50;50
"https://figshare.com/articles/dataset/S1_Data_-/14041848";12;22;54,55;12;54,55;NA;0;1;1;1;1;0;0;1;1;1;0;0;0;0;1;1;0;1;1;0;1;50;100;50;0;100;50;0;50;50;50;50
"https://www.ncbi.nlm.nih.gov/geo/query/acc.cgi?acc=GSE166400";3;22;13,64;2;9,09;NA;0;1;0;0;0;0;0;0;1;0;0;0;0;0;0;0;0;0;0;0;0;50;0;0;0;50;0;0;0;0;0;0
"https://figshare.com/articles/dataset/S1_Data_-/14162457";12;22;54,55;12;54,55;NA;0;1;1;1;1;0;0;1;1;1;0;0;0;0;1;1;0;1;1;0;1;50;100;50;0;100;50;0;50;50;50;50
"https://doi.org/10.11588/data/FSPQL4";19;22;86,36;10;45,45;NA;1;1;1;1;0;0;0;0;1;0;1;0;0;0;1;1;0;1;1;0;0;100;100;0;0;50;50;0;50;50;50;0
"https://osf.io/t3mcj/";3;22;13,64;2;9,09;NA;0;1;0;0;0;0;0;0;1;0;0;0;0;0;0;0;0;0;0;0;0;50;0;0;0;50;0;0;0;0;0;0
"https://figshare.com/articles/dataset/S1_Dataset_-/14409535";12;22;54,55;12;54,55;NA;0;1;1;1;1;0;0;1;1;1;0;0;0;0;1;1;0;1;1;0;1;50;100;50;0;100;50;0;50;50;50;50
"https://doi.org/10.5281/zenodo.4135394";15;22;68,18;12;54,55;NA;1;1;1;1;0;1;0;0;1;0;1;0;0;0;1;1;0;1;1;0;1;100;100;50;0;50;50;0;50;50;50;50
"https://figshare.com/articles/dataset/Raw_data_of_all_MRSA_outbreak_reports_included_/14383401";12;22;54,55;12;54,55;NA;0;1;1;1;1;0;0;1;1;1;0;0;0;0;1;1;0;1;1;0;1;50;100;50;0;100;50;0;50;50;50;50
"https://figshare.com/articles/dataset/Raw_data_1_/14549776";12;22;54,55;12;54,55;NA;0;1;1;1;1;0;0;1;1;1;0;0;0;0;1;1;0;1;1;0;1;50;100;50;0;100;50;0;50;50;50;50
"https://doi.org/10.5281/zenodo.3718578";19;22;86,36;11;50;NA;1;1;1;1;0;0;0;0;1;1;1;0;0;0;1;1;0;1;1;0;0;100;100;0;0;50;100;0;50;50;50;0
"https://figshare.com/articles/dataset/S1_Dataset_-/14976465";12;22;54,55;12;54,55;NA;0;1;1;1;1;0;0;1;1;1;0;0;0;0;1;1;0;1;1;0;1;50;100;50;0;100;50;0;50;50;50;50
"https://figshare.com/articles/dataset/Supplementary_study_data_/14894303";12;22;54,55;12;54,55;NA;0;1;1;1;1;0;0;1;1;1;0;0;0;0;1;1;0;1;1;0;1;50;100;50;0;100;50;0;50;50;50;50
"https://doi.org/10.6084/m9.figshare.13251428";14;22;63,64;14;63,64;NA;1;1;1;1;1;0;0;1;1;1;1;0;0;0;1;1;0;1;1;0;1;100;100;50;0;100;100;0;50;50;50;50
"http://dx.doi.org/10.25532/OPARA-120";3;22;13,64;11;50;NA;1;1;1;1;0;0;0;0;1;0;1;0;0;0;1;1;0;1;1;0;1;100;100;0;0;50;50;0;50;50;50;50
"https://osf.io/bdsqv/";3;22;13,64;2;9,09;NA;0;1;0;0;0;0;0;0;1;0;0;0;0;0;0;0;0;0;0;0;0;50;0;0;0;50;0;0;0;0;0;0
"https://figshare.com/articles/dataset/S1_Dataset_-/16602615";11;22;50;12;54,55;NA;0;1;1;1;1;0;0;1;1;1;0;0;0;0;1;1;0;1;1;0;1;50;100;50;0;100;50;0;50;50;50;50
"https://figshare.com/articles/dataset/S1_Dataset_-/16662303";12;22;54,55;12;54,55;NA;0;1;1;1;1;0;0;1;1;1;0;0;0;0;1;1;0;1;1;0;1;50;100;50;0;100;50;0;50;50;50;50
"https://doi.org/10.6084/m9.figshare.16680565.v2";17;22;77,27;15;68,18;NA;1;1;1;1;1;1;0;1;1;1;1;0;0;0;1;1;0;1;1;0;1;100;100;100;0;100;100;0;50;50;50;50
"https://figshare.com/articles/dataset/Dataset_for_60_pats_CPI_/16925496";12;22;54,55;12;54,55;NA;0;1;1;1;1;0;0;1;1;1;0;0;0;0;1;1;0;1;1;0;1;50;100;50;0;100;50;0;50;50;50;50
"https://figshare.com/articles/dataset/Somatic_variants_of_candidate_driver_genes_in_MSH3-deficient_adenomas_/17094902";12;22;54,55;12;54,55;NA;0;1;1;1;1;0;0;1;1;1;0;0;0;0;1;1;0;1;1;0;1;50;100;50;0;100;50;0;50;50;50;50
"https://www.ncbi.nlm.nih.gov/nuccore/MT776952";3;22;13,64;2;9,09;NA;0;1;0;0;0;0;0;0;1;0;0;0;0;0;0;0;0;0;0;0;0;50;0;0;0;50;0;0;0;0;0;0
"https://trace.ncbi.nlm.nih.gov/Traces/sra/?run=SRR9891693";3;22;13,64;2;9,09;NA;0;1;0;0;0;0;0;0;1;0;0;0;0;0;0;0;0;0;0;0;0;50;0;0;0;50;0;0;0;0;0;0
"https://www.wwpdb.org/pdb?id=pdb_00006zue";3;22;13,64;2;9,09;NA;0;1;0;0;0;0;0;0;1;0;0;0;0;0;0;0;0;0;0;0;0;50;0;0;0;50;0;0;0;0;0;0
"https://www.ebi.ac.uk/emdb/EMD-10611";9;22;40,91;6;27,27;NA;0;1;1;1;0;0;0;0;1;0;0;0;0;0;1;1;0;0;0;0;0;50;100;0;0;50;0;0;50;0;0;0
"https://www.ebi.ac.uk/pride/archive/projects/PXD020453";5;22;22,73;2;9,09;NA;0;1;0;0;0;0;0;0;1;0;0;0;0;0;0;0;0;0;0;0;0;50;0;0;0;50;0;0;0;0;0;0
"https://www.ncbi.nlm.nih.gov/geo/query/acc.cgi?acc=GSE160845";3;22;13,64;2;9,09;NA;0;1;0;0;0;0;0;0;1;0;0;0;0;0;0;0;0;0;0;0;0;50;0;0;0;50;0;0;0;0;0;0
"https://www.ebi.ac.uk/pride/archive/projects/PXD018651";5;22;22,73;2;9,09;NA;0;1;0;0;0;0;0;0;1;0;0;0;0;0;0;0;0;0;0;0;0;50;0;0;0;50;0;0;0;0;0;0
"https://www.metabolomicsworkbench.org/data/DRCCMetadata.php?Mode=Study&StudyID=ST001673";3;22;13,64;2;9,09;NA;0;1;0;0;0;0;0;0;1;0;0;0;0;0;0;0;0;0;0;0;0;50;0;0;0;50;0;0;0;0;0;0
"https://www.ebi.ac.uk/pride/archive/projects/PXD020175";5;22;22,73;2;9,09;NA;0;1;0;0;0;0;0;0;1;0;0;0;0;0;0;0;0;0;0;0;0;50;0;0;0;50;0;0;0;0;0;0
"https://www.ncbi.nlm.nih.gov/geo/query/acc.cgi?acc=GSE156544";3;22;13,64;2;9,09;NA;0;1;0;0;0;0;0;0;1;0;0;0;0;0;0;0;0;0;0;0;0;50;0;0;0;50;0;0;0;0;0;0
"https://www.ncbi.nlm.nih.gov/geo/query/acc.cgi?acc=GSE153105";3;22;13,64;2;9,09;NA;0;1;0;0;0;0;0;0;1;0;0;0;0;0;0;0;0;0;0;0;0;50;0;0;0;50;0;0;0;0;0;0
"https://www.ncbi.nlm.nih.gov/geo/query/acc.cgi?acc=GSE166555";3;22;13,64;2;9,09;NA;0;1;0;0;0;0;0;0;1;0;0;0;0;0;0;0;0;0;0;0;0;50;0;0;0;50;0;0;0;0;0;0
"https://github.com/molsysbio/sccrc/tree/master/_data";5;22;22,73;6;27,27;NA;0;1;1;1;0;0;0;0;1;0;0;0;0;0;1;1;0;0;0;0;0;50;100;0;0;50;0;0;50;0;0;0
"https://www.ncbi.nlm.nih.gov/geo/query/acc.cgi?acc=GSE159978";3;22;13,64;2;9,09;NA;0;1;0;0;0;0;0;0;1;0;0;0;0;0;0;0;0;0;0;0;0;50;0;0;0;50;0;0;0;0;0;0
"https://doi.org/10.5281/zenodo.4434363";NA;NA;NA;15;68,18;TRUE;1;1;1;1;1;1;0;1;1;1;1;0;0;0;1;1;0;1;1;0;1;100;100;100;0;100;100;0;50;50;50;50
"https://www.ncbi.nlm.nih.gov/geo/query/acc.cgi?acc=GSE153894";3;22;13,64;2;9,09;NA;0;1;0;0;0;0;0;0;1;0;0;0;0;0;0;0;0;0;0;0;0;50;0;0;0;50;0;0;0;0;0;0
"https://www.ebi.ac.uk/pride/archive/projects/PXD024707";5;22;22,73;2;9,09;NA;0;1;0;0;0;0;0;0;1;0;0;0;0;0;0;0;0;0;0;0;0;50;0;0;0;50;0;0;0;0;0;0
"https://doi.org/10.6084/m9.figshare.14778417";14;22;63,64;14;63,64;NA;1;1;1;1;1;0;0;1;1;1;1;0;0;0;1;1;0;1;1;0;1;100;100;50;0;100;100;0;50;50;50;50
"https://www.ncbi.nlm.nih.gov/geo/query/acc.cgi?acc=GSE185854";3;22;13,64;2;9,09;NA;0;1;0;0;0;0;0;0;1;0;0;0;0;0;0;0;0;0;0;0;0;50;0;0;0;50;0;0;0;0;0;0
"https://trace.ncbi.nlm.nih.gov/Traces/sra/?run=SRR11498174";3;22;13,64;2;9,09;NA;0;1;0;0;0;0;0;0;1;0;0;0;0;0;0;0;0;0;0;0;0;50;0;0;0;50;0;0;0;0;0;0
"https://www.ncbi.nlm.nih.gov/geo/query/acc.cgi?acc=GSE146284";3;22;13,64;2;9,09;NA;0;1;0;0;0;0;0;0;1;0;0;0;0;0;0;0;0;0;0;0;0;50;0;0;0;50;0;0;0;0;0;0
"https://github.com/hdsu-bioquant/irene-data";9;22;40,91;6;27,27;NA;0;1;1;1;0;0;0;0;1;0;0;0;0;0;1;1;0;0;0;0;0;50;100;0;0;50;0;0;50;0;0;0
"https://figshare.com/articles/dataset/DataSheet1_A_Systematic_Review_of_Transcriptional_Dysregulation_in_Huntington_s_Disease_Studied_by_RNA_Sequencing_XLSX/16816798?backTo=/collections/A_Systematic_Review_of_Transcriptional_Dysregulation_in_Huntington_s_Disease_Studied_by_RNA_Sequencing/5663986";12;22;54,55;12;54,55;NA;0;1;1;1;1;0;0;1;1;1;0;0;0;0;1;1;0;1;1;0;1;50;100;50;0;100;50;0;50;50;50;50
"https://trace.ncbi.nlm.nih.gov/Traces/sra/?run=SRR12678969";3;22;13,64;2;9,09;NA;0;1;0;0;0;0;0;0;1;0;0;0;0;0;0;0;0;0;0;0;0;50;0;0;0;50;0;0;0;0;0;0
"https://figshare.com/articles/dataset/Table_2_Evidence_of_B_Cell_Clonality_and_Investigation_Into_Properties_of_the_IgM_in_Patients_With_Schnitzler_Syndrome_xlsx/13324736?backTo=/collections/Evidence_of_B_Cell_Clonality_and_Investigation_Into_Properties_of_the_IgM_in_Patients_With_Schnitzler_Syndrome/5227352";12;22;54,55;12;54,55;NA;0;1;1;1;1;0;0;1;1;1;0;0;0;0;1;1;0;1;1;0;1;50;100;50;0;100;50;0;50;50;50;50
"https://trace.ncbi.nlm.nih.gov/Traces/sra/?run=SRR13009845";3;22;13,64;2;9,09;NA;0;1;0;0;0;0;0;0;1;0;0;0;0;0;0;0;0;0;0;0;0;50;0;0;0;50;0;0;0;0;0;0
"https://www.ncbi.nlm.nih.gov/geo/query/acc.cgi?acc=GSE124719";3;22;13,64;2;9,09;NA;0;1;0;0;0;0;0;0;1;0;0;0;0;0;0;0;0;0;0;0;0;50;0;0;0;50;0;0;0;0;0;0
"https://figshare.com/articles/dataset/Table_1_Modulation_of_Liver_Inflammation_and_Fibrosis_by_Interleukin-37_XLSX/14160740?backTo=/collections/Modulation_of_Liver_Inflammation_and_Fibrosis_by_Interleukin-37/5326814";12;22;54,55;12;54,55;NA;0;1;1;1;1;0;0;1;1;1;0;0;0;0;1;1;0;1;1;0;1;50;100;50;0;100;50;0;50;50;50;50
"https://www.ncbi.nlm.nih.gov/geo/query/acc.cgi?acc=GSE182644";3;22;13,64;2;9,09;NA;0;1;0;0;0;0;0;0;1;0;0;0;0;0;0;0;0;0;0;0;0;50;0;0;0;50;0;0;0;0;0;0
"https://www.ebi.ac.uk/arrayexpress/experiments/E-MTAB-9850/";9;22;40,91;6;27,27;NA;0;1;1;1;0;0;0;0;1;0;0;0;0;0;1;1;0;0;0;0;0;50;100;0;0;50;0;0;50;0;0;0
"https://www.ebi.ac.uk/ena/browser/view/PRJEB42795?show=reads";3;22;13,64;6;27,27;NA;0;1;1;1;0;0;0;0;1;0;0;0;0;0;1;1;0;0;0;0;0;50;100;0;0;50;0;0;50;0;0;0
"https://www.ebi.ac.uk/pride/archive/projects/PXD024375";5;22;22,73;2;9,09;NA;0;1;0;0;0;0;0;0;1;0;0;0;0;0;0;0;0;0;0;0;0;50;0;0;0;50;0;0;0;0;0;0
"https://figshare.com/articles/dataset/Data_Sheet_1_The_Effect_of_Allicin_on_the_Proteome_of_SARS-CoV-2_Infected_Calu-3_Cells_XLSX/16894696?backTo=/collections/The_Effect_of_Allicin_on_the_Proteome_of_SARS-CoV-2_Infected_Calu-3_Cells/5682514";12;22;54,55;12;54,55;NA;0;1;1;1;1;0;0;1;1;1;0;0;0;0;1;1;0;1;1;0;1;50;100;50;0;100;50;0;50;50;50;50
"https://www.ebi.ac.uk/pride/archive/projects/PXD023740/";5;22;22,73;2;9,09;NA;0;1;0;0;0;0;0;0;1;0;0;0;0;0;0;0;0;0;0;0;0;50;0;0;0;50;0;0;0;0;0;0
"https://figshare.com/articles/dataset/Table1_Altered_Glycosylation_in_the_Aging_Heart_XLSX/14694453?backTo=/collections/Altered_Glycosylation_in_the_Aging_Heart/5442648";12;22;54,55;12;54,55;NA;0;1;1;1;1;0;0;1;1;1;0;0;0;0;1;1;0;1;1;0;1;50;100;50;0;100;50;0;50;50;50;50
"https://www.ncbi.nlm.nih.gov/geo/query/acc.cgi?acc=GSE155945";3;22;13,64;2;9,09;NA;0;1;0;0;0;0;0;0;1;0;0;0;0;0;0;0;0;0;0;0;0;50;0;0;0;50;0;0;0;0;0;0
"http://doi.org/10.5281/zenodo.4362503";15;22;68,18;11;50;NA;1;1;1;1;0;0;0;0;1;0;1;0;0;0;1;1;0;1;1;0;1;100;100;0;0;50;50;0;50;50;50;50
"https://www.ncbi.nlm.nih.gov/geo/query/acc.cgi?acc=GSE88710";3;22;13,64;2;9,09;NA;0;1;0;0;0;0;0;0;1;0;0;0;0;0;0;0;0;0;0;0;0;50;0;0;0;50;0;0;0;0;0;0
"https://figshare.com/articles/dataset/EEG_resting_state_power_before_during_and_after_60_days_of_bed_rest/12148359?file=25963484";12;22;54,55;12;54,55;NA;0;1;1;1;1;0;0;1;1;1;0;0;0;0;1;1;0;1;1;0;1;50;100;50;0;100;50;0;50;50;50;50
"http://doi.org/10.6084/m9.figshare.13633790";14;22;63,64;14;63,64;NA;1;1;1;1;1;0;0;1;1;1;1;0;0;0;1;1;0;1;1;0;1;100;100;50;0;100;100;0;50;50;50;50
"https://figshare.com/articles/dataset/raw_data_of_Aging_Affects_KV7_Channels_and_Perivascular_Adipose_Tissue-Mediated_Vascular_Tone/16920589";12;22;54,55;12;54,55;NA;0;1;1;1;1;0;0;1;1;1;0;0;0;0;1;1;0;1;1;0;1;50;100;50;0;100;50;0;50;50;50;50
"https://osf.io/e8tg5/";11;22;50;7;31,82;NA;0;1;1;1;0;0;0;0;1;0;0;0;0;0;1;1;0;0;1;0;0;50;100;0;0;50;0;0;50;0;50;0
"https://osf.io/qgntp/";3;22;13,64;2;9,09;NA;0;1;0;0;0;0;0;0;1;0;0;0;0;0;0;0;0;0;0;0;0;50;0;0;0;50;0;0;0;0;0;0
"https://data.4dnucleome.org/files-processed/4DNFIJRX16EK/#file-overview";5;22;22,73;6;27,27;NA;0;1;1;1;0;0;0;0;1;0;0;0;0;0;1;1;0;0;0;0;0;50;100;0;0;50;0;0;50;0;0;0
"https://www.ebi.ac.uk/ena/browser/view/PRJEB44908?show=reads";3;22;13,64;6;27,27;NA;0;1;1;1;0;0;0;0;1;0;0;0;0;0;1;1;0;0;0;0;0;50;100;0;0;50;0;0;50;0;0;0
"https://trace.ncbi.nlm.nih.gov/Traces/sra/?run=ERR5917174";3;22;13,64;2;9,09;NA;0;1;0;0;0;0;0;0;1;0;0;0;0;0;0;0;0;0;0;0;0;50;0;0;0;50;0;0;0;0;0;0
"https://www.ebi.ac.uk/pride/archive/projects/PXD018230";5;22;22,73;2;9,09;NA;0;1;0;0;0;0;0;0;1;0;0;0;0;0;0;0;0;0;0;0;0;50;0;0;0;50;0;0;0;0;0;0
"https://www.ncbi.nlm.nih.gov/geo/query/acc.cgi?acc=GSE111079";3;22;13,64;2;9,09;NA;0;1;0;0;0;0;0;0;1;0;0;0;0;0;0;0;0;0;0;0;0;50;0;0;0;50;0;0;0;0;0;0
"https://www.ebi.ac.uk/arrayexpress/experiments/E-MTAB-9701/";9;22;40,91;6;27,27;NA;0;1;1;1;0;0;0;0;1;0;0;0;0;0;1;1;0;0;0;0;0;50;100;0;0;50;0;0;50;0;0;0
"https://www.ncbi.nlm.nih.gov/geo/query/acc.cgi?acc=GSE178468";3;22;13,64;2;9,09;NA;0;1;0;0;0;0;0;0;1;0;0;0;0;0;0;0;0;0;0;0;0;50;0;0;0;50;0;0;0;0;0;0
"https://www.ncbi.nlm.nih.gov/nuccore/MZ474965.1";3;22;13,64;2;9,09;NA;0;1;0;0;0;0;0;0;1;0;0;0;0;0;0;0;0;0;0;0;0;50;0;0;0;50;0;0;0;0;0;0
"https://www.ncbi.nlm.nih.gov/Traces/wgs/JAIEZW01?display=contigs";3;22;13,64;4;18,18;NA;0;1;0;1;0;0;0;0;1;0;0;0;0;0;0;1;0;0;0;0;0;50;50;0;0;50;0;0;25;0;0;0
"https://trace.ncbi.nlm.nih.gov/Traces/sra/?run=SRR15177978";3;22;13,64;2;9,09;NA;0;1;0;0;0;0;0;0;1;0;0;0;0;0;0;0;0;0;0;0;0;50;0;0;0;50;0;0;0;0;0;0
"https://trace.ncbi.nlm.nih.gov/Traces/sra/?run=SRR15177977";3;22;13,64;2;9,09;NA;0;1;0;0;0;0;0;0;1;0;0;0;0;0;0;0;0;0;0;0;0;50;0;0;0;50;0;0;0;0;0;0
"https://doi.org/10.6084/m9.figshare.14975286.v1";NA;NA;NA;15;68,18;TRUE;1;1;1;1;1;1;0;1;1;1;1;0;0;0;1;1;0;1;1;0;1;100;100;100;0;100;100;0;50;50;50;50
"https://www.ncbi.nlm.nih.gov/geo/query/acc.cgi?acc=GSE163168";3;22;13,64;2;9,09;NA;0;1;0;0;0;0;0;0;1;0;0;0;0;0;0;0;0;0;0;0;0;50;0;0;0;50;0;0;0;0;0;0
"https://doi.org/doi:10.25345/C5NN4G";4;22;18,18;10;45,45;NA;1;1;1;1;0;0;0;0;1;0;1;0;0;0;1;1;0;1;1;0;0;100;100;0;0;50;50;0;50;50;50;0
"https://www.ncbi.nlm.nih.gov/protein/NP_849148.2/";3;22;13,64;2;9,09;NA;0;1;0;0;0;0;0;0;1;0;0;0;0;0;0;0;0;0;0;0;0;50;0;0;0;50;0;0;0;0;0;0
"http://doi.org/10.5281/zenodo.4884946";15;22;68,18;11;50;NA;1;1;1;1;0;0;0;0;1;0;1;0;0;0;1;1;0;1;1;0;1;100;100;0;0;50;50;0;50;50;50;50
"http://doi.org/10.5281/zenodo.5524539";NA;NA;NA;14;63,64;TRUE;1;1;1;1;1;0;0;1;1;1;1;0;0;0;1;1;0;1;1;0;1;100;100;50;0;100;100;0;50;50;50;50
"https://trace.ncbi.nlm.nih.gov/Traces/index.html?view=run_browser&acc=SRR19746232&display=metadata";3;22;13,64;2;9,09;NA;0;1;0;0;0;0;0;0;1;0;0;0;0;0;0;0;0;0;0;0;0;50;0;0;0;50;0;0;0;0;0;0
"https://www.ncbi.nlm.nih.gov/geo/query/acc.cgi?acc=GSE169213";3;22;13,64;2;9,09;NA;0;1;0;0;0;0;0;0;1;0;0;0;0;0;0;0;0;0;0;0;0;50;0;0;0;50;0;0;0;0;0;0
"https://www.ncbi.nlm.nih.gov/nuccore/mw822235";3;22;13,64;2;9,09;NA;0;1;0;0;0;0;0;0;1;0;0;0;0;0;0;0;0;0;0;0;0;50;0;0;0;50;0;0;0;0;0;0
"https://doi.org/10.5281/zenodo.5377507";15;22;68,18;11;50;NA;1;1;1;1;0;0;0;0;1;0;1;0;0;0;1;1;0;1;1;0;1;100;100;0;0;50;50;0;50;50;50;50
"https://doi.org/10.17605/OSF.IO/NGHFS";13;22;59,09;10;45,45;NA;1;1;1;1;0;1;0;0;1;0;1;0;0;0;1;1;0;0;1;0;0;100;100;50;0;50;50;0;50;0;50;0
"https://www.ncbi.nlm.nih.gov/geo/query/acc.cgi?acc=GSE178416";3;22;13,64;2;9,09;NA;0;1;0;0;0;0;0;0;1;0;0;0;0;0;0;0;0;0;0;0;0;50;0;0;0;50;0;0;0;0;0;0
"https://www.ncbi.nlm.nih.gov/geo/query/acc.cgi?acc=GSE171994";3;22;13,64;2;9,09;NA;0;1;0;0;0;0;0;0;1;0;0;0;0;0;0;0;0;0;0;0;0;50;0;0;0;50;0;0;0;0;0;0
"https://doi.org/10.5281/zenodo.4906565";18;22;81,82;14;63,64;NA;1;1;1;1;1;0;0;1;1;1;1;0;0;0;1;1;0;1;1;0;1;100;100;50;0;100;100;0;50;50;50;50
"https://doi.org/10.6084/m9.figshare.13653269";14;22;63,64;14;63,64;NA;1;1;1;1;1;0;0;1;1;1;1;0;0;0;1;1;0;1;1;0;1;100;100;50;0;100;100;0;50;50;50;50
"https://data.4dnucleome.org/files-fastq/4DNFI1F6ZLAO/";5;22;22,73;6;27,27;NA;0;1;1;1;0;0;0;0;1;0;0;0;0;0;1;1;0;0;0;0;0;50;100;0;0;50;0;0;50;0;0;0
"https://trace.ncbi.nlm.nih.gov/Traces/index.html?view=run_browser&acc=SRR14197386&display=data-access";3;22;13,64;2;9,09;NA;0;1;0;0;0;0;0;0;1;0;0;0;0;0;0;0;0;0;0;0;0;50;0;0;0;50;0;0;0;0;0;0
"https://doi.org/10.5281/zenodo.5235706";19;22;86,36;15;68,18;NA;1;1;1;1;1;1;0;1;1;1;1;0;0;0;1;1;0;1;1;0;1;100;100;100;0;100;100;0;50;50;50;50
"https://osf.io/qakbv/";NA;NA;NA;7;31,82;TRUE;0;1;1;1;0;0;0;0;1;0;0;0;0;0;1;1;0;0;1;0;0;50;100;0;0;50;0;0;50;0;50;0
"https://dx.doi.org/10.17617/3.64";12;22;54,55;10;45,45;NA;1;1;1;1;0;0;0;0;1;0;1;0;0;0;1;1;0;1;1;0;0;100;100;0;0;50;50;0;50;50;50;0
"https://osf.io/3jq76?view_only=917a4a545f144ddd948c4ae6a3bcb2e5";3;22;13,64;2;9,09;NA;0;1;0;0;0;0;0;0;1;0;0;0;0;0;0;0;0;0;0;0;0;50;0;0;0;50;0;0;0;0;0;0
"https://osf.io/kyr8v/";11;22;50;7;31,82;NA;0;1;1;1;0;0;0;0;1;0;0;0;0;0;1;1;0;0;1;0;0;50;100;0;0;50;0;0;50;0;50;0
"https://doi.org/10.5281/zenodo.3876271";14;22;63,64;14;63,64;NA;1;1;1;1;1;0;0;1;1;1;1;0;0;0;1;1;0;1;1;0;1;100;100;50;0;100;100;0;50;50;50;50
"https://doi.org/10.6084/m9.figshare.13298012.v1";16;22;72,73;15;68,18;NA;1;1;1;1;1;1;0;1;1;1;1;0;0;0;1;1;0;1;1;0;1;100;100;100;0;100;100;0;50;50;50;50
"https://doi.org/10.6084/m9.figshare.14035935";14;22;63,64;14;63,64;NA;1;1;1;1;1;0;0;1;1;1;1;0;0;0;1;1;0;1;1;0;1;100;100;50;0;100;100;0;50;50;50;50
"https://doi.org/10.6084/m9.figshare.14780127.v1";NA;NA;NA;15;68,18;TRUE;1;1;1;1;1;1;0;1;1;1;1;0;0;0;1;1;0;1;1;0;1;100;100;100;0;100;100;0;50;50;50;50
"https://www.ncbi.nlm.nih.gov/geo/query/acc.cgi?acc=GSE161441";3;22;13,64;2;9,09;NA;0;1;0;0;0;0;0;0;1;0;0;0;0;0;0;0;0;0;0;0;0;50;0;0;0;50;0;0;0;0;0;0
"https://www.ebi.ac.uk/gwas/studies/GCST90010722";3;22;13,64;2;9,09;NA;0;1;0;0;0;0;0;0;1;0;0;0;0;0;0;0;0;0;0;0;0;50;0;0;0;50;0;0;0;0;0;0
"https://doi.org/10.6084/m9.figshare.14938755";14;22;63,64;14;63,64;NA;1;1;1;1;1;0;0;1;1;1;1;0;0;0;1;1;0;1;1;0;1;100;100;50;0;100;100;0;50;50;50;50
"https://www.ebi.ac.uk/pride/archive/projects/PXD023613";5;22;22,73;2;9,09;NA;0;1;0;0;0;0;0;0;1;0;0;0;0;0;0;0;0;0;0;0;0;50;0;0;0;50;0;0;0;0;0;0
"https://trace.ncbi.nlm.nih.gov/Traces/index.html?view=run_browser&acc=ERR1915528&display=data-access";3;22;13,64;2;9,09;NA;0;1;0;0;0;0;0;0;1;0;0;0;0;0;0;0;0;0;0;0;0;50;0;0;0;50;0;0;0;0;0;0
"https://doi.org/10.5281/zenodo.4728981";14;22;63,64;11;50;NA;1;1;1;1;0;0;0;0;1;0;1;0;0;0;1;1;0;1;1;0;1;100;100;0;0;50;50;0;50;50;50;50
"https://www.ebi.ac.uk/ena/browser/view/PRJEB41311";3;22;13,64;6;27,27;NA;0;1;1;1;0;0;0;0;1;0;0;0;0;0;1;1;0;0;0;0;0;50;100;0;0;50;0;0;50;0;0;0
"https://massive.ucsd.edu/ProteoSAFe/dataset.jsp?task=1a42c18056484609afafe07519049ad9";NA;NA;NA;2;9,09;TRUE;0;1;0;0;0;0;0;0;1;0;0;0;0;0;0;0;0;0;0;0;0;50;0;0;0;50;0;0;0;0;0;0
"https://www.ncbi.nlm.nih.gov/geo/query/acc.cgi?acc=GSE184329";3;22;13,64;2;9,09;NA;0;1;0;0;0;0;0;0;1;0;0;0;0;0;0;0;0;0;0;0;0;50;0;0;0;50;0;0;0;0;0;0
"https://www.ncbi.nlm.nih.gov/geo/query/acc.cgi?acc=GSE148792";3;22;13,64;2;9,09;NA;0;1;0;0;0;0;0;0;1;0;0;0;0;0;0;0;0;0;0;0;0;50;0;0;0;50;0;0;0;0;0;0
"https://github.com/pombo-lab/WinickNg_Kukalev_Harabula_Nature_2021/tree/main/microscopy_images/";5;22;22,73;6;27,27;NA;0;1;1;1;0;0;0;0;1;0;0;0;0;0;1;1;0;0;0;0;0;50;100;0;0;50;0;0;50;0;0;0
"https://www.ebi.ac.uk/ena/browser/view/ERR389126?show=reads";3;22;13,64;6;27,27;NA;0;1;1;1;0;0;0;0;1;0;0;0;0;0;1;1;0;0;0;0;0;50;100;0;0;50;0;0;50;0;0;0
"https://www.ncbi.nlm.nih.gov/geo/query/acc.cgi?acc=GSE165532";3;22;13,64;2;9,09;NA;0;1;0;0;0;0;0;0;1;0;0;0;0;0;0;0;0;0;0;0;0;50;0;0;0;50;0;0;0;0;0;0
"https://doi.org/10.6084/m9.figshare.12436517";14;22;63,64;14;63,64;NA;1;1;1;1;1;0;0;1;1;1;1;0;0;0;1;1;0;1;1;0;1;100;100;50;0;100;100;0;50;50;50;50
"https://www.ncbi.nlm.nih.gov/geo/query/acc.cgi?acc=GSE144103";3;22;13,64;2;9,09;NA;0;1;0;0;0;0;0;0;1;0;0;0;0;0;0;0;0;0;0;0;0;50;0;0;0;50;0;0;0;0;0;0
"https://trace.ncbi.nlm.nih.gov/Traces/index.html?view=run_browser&acc=SRR6122124&display=metadata";3;22;13,64;2;9,09;NA;0;1;0;0;0;0;0;0;1;0;0;0;0;0;0;0;0;0;0;0;0;50;0;0;0;50;0;0;0;0;0;0
"https://www.ncbi.nlm.nih.gov/geo/query/acc.cgi?acc=GSE137335";3;22;13,64;2;9,09;NA;0;1;0;0;0;0;0;0;1;0;0;0;0;0;0;0;0;0;0;0;0;50;0;0;0;50;0;0;0;0;0;0
"https://www.ncbi.nlm.nih.gov/nuccore/MW294174.2/";3;22;13,64;2;9,09;NA;0;1;0;0;0;0;0;0;1;0;0;0;0;0;0;0;0;0;0;0;0;50;0;0;0;50;0;0;0;0;0;0
"https://www.ncbi.nlm.nih.gov/geo/query/acc.cgi?acc=GSE128636";3;22;13,64;2;9,09;NA;0;1;0;0;0;0;0;0;1;0;0;0;0;0;0;0;0;0;0;0;0;50;0;0;0;50;0;0;0;0;0;0
"https://www.ncbi.nlm.nih.gov/geo/query/acc.cgi?acc=GSE87076";3;22;13,64;2;9,09;NA;0;1;0;0;0;0;0;0;1;0;0;0;0;0;0;0;0;0;0;0;0;50;0;0;0;50;0;0;0;0;0;0
"https://doi.org/10.6084/m9.figshare.12129534";14;22;63,64;14;63,64;NA;1;1;1;1;1;0;0;1;1;1;1;0;0;0;1;1;0;1;1;0;1;100;100;50;0;100;100;0;50;50;50;50
"https://www.ebi.ac.uk/biostudies/studies/S-BSST699?query=S-BSST699";9;22;40,91;6;27,27;NA;0;1;1;1;0;0;0;0;1;0;0;0;0;0;1;1;0;0;0;0;0;50;100;0;0;50;0;0;50;0;0;0
"https://www.ncbi.nlm.nih.gov/geo/query/acc.cgi?acc=GSE154803";3;22;13,64;2;9,09;NA;0;1;0;0;0;0;0;0;1;0;0;0;0;0;0;0;0;0;0;0;0;50;0;0;0;50;0;0;0;0;0;0
"https://www.ncbi.nlm.nih.gov/nuccore/MN481964";3;22;13,64;2;9,09;NA;0;1;0;0;0;0;0;0;1;0;0;0;0;0;0;0;0;0;0;0;0;50;0;0;0;50;0;0;0;0;0;0
"https://doi.org/10.6084/m9.figshare.14785434";14;22;63,64;14;63,64;NA;1;1;1;1;1;0;0;1;1;1;1;0;0;0;1;1;0;1;1;0;1;100;100;50;0;100;100;0;50;50;50;50
"https://trace.ncbi.nlm.nih.gov/Traces/index.html?view=run_browser&acc=SRR13039593&display=data-access";3;22;13,64;2;9,09;NA;0;1;0;0;0;0;0;0;1;0;0;0;0;0;0;0;0;0;0;0;0;50;0;0;0;50;0;0;0;0;0;0
"https://www.ebi.ac.uk/biostudies/studies/S-BSST630";9;22;40,91;6;27,27;NA;0;1;1;1;0;0;0;0;1;0;0;0;0;0;1;1;0;0;0;0;0;50;100;0;0;50;0;0;50;0;0;0
"https://www.ebi.ac.uk/pride/archive/projects/PXD024800";5;22;22,73;2;9,09;NA;0;1;0;0;0;0;0;0;1;0;0;0;0;0;0;0;0;0;0;0;0;50;0;0;0;50;0;0;0;0;0;0
"https://doi.org/10.5281/zenodo.3478502";17;22;77,27;15;68,18;NA;1;1;1;1;1;1;0;1;1;1;1;0;0;0;1;1;0;1;1;0;1;100;100;100;0;100;100;0;50;50;50;50
"https://www.ncbi.nlm.nih.gov/geo/query/acc.cgi?acc=GSE158038";3;22;13,64;2;9,09;NA;0;1;0;0;0;0;0;0;1;0;0;0;0;0;0;0;0;0;0;0;0;50;0;0;0;50;0;0;0;0;0;0
"https://osf.io/qesv4/";11;22;50;7;31,82;NA;0;1;1;1;0;0;0;0;1;0;0;0;0;0;1;1;0;0;1;0;0;50;100;0;0;50;0;0;50;0;50;0
"https://www.ncbi.nlm.nih.gov/geo/query/acc.cgi?acc=GSE152915";3;22;13,64;2;9,09;NA;0;1;0;0;0;0;0;0;1;0;0;0;0;0;0;0;0;0;0;0;0;50;0;0;0;50;0;0;0;0;0;0
"https://www.ebi.ac.uk/pride/archive/projects/PXD019112";5;22;22,73;2;9,09;NA;0;1;0;0;0;0;0;0;1;0;0;0;0;0;0;0;0;0;0;0;0;50;0;0;0;50;0;0;0;0;0;0
"https://doi.org/10.5281/zenodo.3744152";NA;NA;NA;15;68,18;TRUE;1;1;1;1;1;1;0;1;1;1;1;0;0;0;1;1;0;1;1;0;1;100;100;100;0;100;100;0;50;50;50;50
"https://www.ncbi.nlm.nih.gov/geo/query/acc.cgi?acc=GSE63197";3;22;13,64;2;9,09;NA;0;1;0;0;0;0;0;0;1;0;0;0;0;0;0;0;0;0;0;0;0;50;0;0;0;50;0;0;0;0;0;0
"https://trace.ncbi.nlm.nih.gov/Traces/index.html?view=run_browser&acc=SRR10392018&display=data-access";3;22;13,64;2;9,09;NA;0;1;0;0;0;0;0;0;1;0;0;0;0;0;0;0;0;0;0;0;0;50;0;0;0;50;0;0;0;0;0;0
"https://www.ncbi.nlm.nih.gov/geo/query/acc.cgi?acc=GSE140929";3;22;13,64;2;9,09;NA;0;1;0;0;0;0;0;0;1;0;0;0;0;0;0;0;0;0;0;0;0;50;0;0;0;50;0;0;0;0;0;0
"https://www.ebi.ac.uk/ena/browser/view/PRJEB35529?show=reads";3;22;13,64;6;27,27;NA;0;1;1;1;0;0;0;0;1;0;0;0;0;0;1;1;0;0;0;0;0;50;100;0;0;50;0;0;50;0;0;0
"https://doi.org/10.5281/zenodo.3992607";NA;NA;NA;15;68,18;TRUE;1;1;1;1;1;1;0;1;1;1;1;0;0;0;1;1;0;1;1;0;1;100;100;100;0;100;100;0;50;50;50;50
"https://www.ncbi.nlm.nih.gov/geo/query/acc.cgi?acc=GSE169265";3;22;13,64;2;9,09;NA;0;1;0;0;0;0;0;0;1;0;0;0;0;0;0;0;0;0;0;0;0;50;0;0;0;50;0;0;0;0;0;0
"https://www.ncbi.nlm.nih.gov/geo/query/acc.cgi?acc=GSE185041";3;22;13,64;2;9,09;NA;0;1;0;0;0;0;0;0;1;0;0;0;0;0;0;0;0;0;0;0;0;50;0;0;0;50;0;0;0;0;0;0
"https://doi.org/10.5281/zenodo.4223729";13;22;59,09;11;50;NA;1;1;1;1;0;0;0;0;1;0;1;0;0;0;1;1;0;1;1;0;1;100;100;0;0;50;50;0;50;50;50;50
"https://doi.org/10.25375/uct.9782798";13;22;59,09;14;63,64;NA;1;1;1;1;1;0;0;1;1;1;1;0;0;0;1;1;0;1;1;0;1;100;100;50;0;100;100;0;50;50;50;50
"https://www.ebi.ac.uk/arrayexpress/experiments/E-MTAB-10389/";9;22;40,91;6;27,27;NA;0;1;1;1;0;0;0;0;1;0;0;0;0;0;1;1;0;0;0;0;0;50;100;0;0;50;0;0;50;0;0;0
"https://www.ebi.ac.uk/pride/archive/projects/PXD025752";5;22;22,73;2;9,09;NA;0;1;0;0;0;0;0;0;1;0;0;0;0;0;0;0;0;0;0;0;0;50;0;0;0;50;0;0;0;0;0;0
"http://dx.doi.org/10.17632/fzcmhhjs76.3";11;22;50;11;50;NA;1;1;1;1;0;0;0;0;1;0;1;0;0;0;1;1;0;1;1;0;1;100;100;0;0;50;50;0;50;50;50;50
"https://trace.ncbi.nlm.nih.gov/Traces/index.html?view=run_browser&acc=SRR13753728&display=data-access";3;22;13,64;2;9,09;NA;0;1;0;0;0;0;0;0;1;0;0;0;0;0;0;0;0;0;0;0;0;50;0;0;0;50;0;0;0;0;0;0
"https://www.ncbi.nlm.nih.gov/geo/query/acc.cgi?acc=GSE148729";3;22;13,64;2;9,09;NA;0;1;0;0;0;0;0;0;1;0;0;0;0;0;0;0;0;0;0;0;0;50;0;0;0;50;0;0;0;0;0;0
"https://zenodo.org/record/4031204#.YCpK_S1h1Bw";12;22;54,55;12;54,55;NA;0;1;1;1;1;0;0;1;1;1;0;0;0;0;1;1;0;1;1;0;1;50;100;50;0;100;50;0;50;50;50;50
"https://doi.org/10.17605/OSF.IO/Y2CFM";12;22;54,55;10;45,45;NA;1;1;1;1;0;1;0;0;1;0;1;0;0;0;1;1;0;0;1;0;0;100;100;50;0;50;50;0;50;0;50;0
"https://www.ebi.ac.uk/arrayexpress/experiments/E-MTAB-8924/";9;22;40,91;6;27,27;NA;0;1;1;1;0;0;0;0;1;0;0;0;0;0;1;1;0;0;0;0;0;50;100;0;0;50;0;0;50;0;0;0
"https://doi.org/10.5281/zenodo.5141343";19;22;86,36;14;63,64;NA;1;1;1;1;1;0;0;1;1;1;1;0;0;0;1;1;0;1;1;0;1;100;100;50;0;100;100;0;50;50;50;50
"http://dx.doi.org/10.17632/fzcmhhjs76.2";11;22;50;11;50;NA;1;1;1;1;0;0;0;0;1;0;1;0;0;0;1;1;0;1;1;0;1;100;100;0;0;50;50;0;50;50;50;50
NA;11;22;50;NA;NA;NA;NA;NA;NA;NA;NA;NA;NA;NA;NA;NA;NA;NA;NA;NA;NA;NA;NA;NA;NA;NA;NA;NA;NA;NA;NA;NA;NA;NA;NA;NA;NA;NA
"https://osf.io/vraun/";11;22;50;7;31,82;NA;0;1;1;1;0;0;0;0;1;0;0;0;0;0;1;1;0;0;1;0;0;50;100;0;0;50;0;0;50;0;50;0
"https://www.ebi.ac.uk/biostudies/studies/S-BSST525";9;22;40,91;6;27,27;NA;0;1;1;1;0;0;0;0;1;0;0;0;0;0;1;1;0;0;0;0;0;50;100;0;0;50;0;0;50;0;0;0
"https://osf.io/3xcdu/?view_only=957edc6293894497ba7aaf5bb8fc8205";9;22;40,91;6;27,27;NA;0;1;1;1;0;0;0;0;1;0;0;0;0;0;1;1;0;0;0;0;0;50;100;0;0;50;0;0;50;0;0;0
"https://www.ncbi.nlm.nih.gov/geo/query/acc.cgi?acc=GSE178959";3;22;13,64;2;9,09;NA;0;1;0;0;0;0;0;0;1;0;0;0;0;0;0;0;0;0;0;0;0;50;0;0;0;50;0;0;0;0;0;0
"https://osf.io/5xq9p/";10;22;45,45;7;31,82;NA;0;1;1;1;0;0;0;0;1;0;0;0;0;0;1;1;0;0;1;0;0;50;100;0;0;50;0;0;50;0;50;0
"http://doi.org/10.2210/pdb7PIV/pdb";12;22;54,55;11;50;NA;1;1;1;1;0;0;0;0;1;0;1;0;0;0;1;1;1;1;1;0;0;100;100;0;0;50;50;0;50;100;50;0
"https://www.ebi.ac.uk/emdb/EMD-13454";9;22;40,91;6;27,27;NA;0;1;1;1;0;0;0;0;1;0;0;0;0;0;1;1;0;0;0;0;0;50;100;0;0;50;0;0;50;0;0;0
"https://www.ncbi.nlm.nih.gov/nuccore/NM_020971.3?report=graph&mk=3375|NM_020971.3:c.3375_3393del|green";3;22;13,64;2;9,09;NA;0;1;0;0;0;0;0;0;1;0;0;0;0;0;0;0;0;0;0;0;0;50;0;0;0;50;0;0;0;0;0;0
"https://trace.ncbi.nlm.nih.gov/Traces/index.html?view=run_browser&acc=SRR14368488&display=data-access";3;22;13,64;2;9,09;NA;0;1;0;0;0;0;0;0;1;0;0;0;0;0;0;0;0;0;0;0;0;50;0;0;0;50;0;0;0;0;0;0
"https://github.com/dieterich-lab/ComparisonOfMetabolicLabeling/tree/master/pulseRTc/results/slam/data";5;22;22,73;6;27,27;NA;0;1;1;1;0;0;0;0;1;0;0;0;0;0;1;1;0;0;0;0;0;50;100;0;0;50;0;0;50;0;0;0
"http://doi.org/10.17605/OSF.IO/GUPBF";13;22;59,09;9;40,91;NA;1;1;1;1;0;0;0;0;1;0;1;0;0;0;1;1;0;0;1;0;0;100;100;0;0;50;50;0;50;0;50;0
"https://www.ncbi.nlm.nih.gov/geo/query/acc.cgi?acc=GSE140383";3;22;13,64;2;9,09;NA;0;1;0;0;0;0;0;0;1;0;0;0;0;0;0;0;0;0;0;0;0;50;0;0;0;50;0;0;0;0;0;0
"https://doi.org/doi:10.25345/C58D7S";4;22;18,18;10;45,45;NA;1;1;1;1;0;0;0;0;1;0;1;0;0;0;1;1;0;1;1;0;0;100;100;0;0;50;50;0;50;50;50;0
"https://www.ncbi.nlm.nih.gov/geo/query/acc.cgi?acc=GSE150305";3;22;13,64;2;9,09;NA;0;1;0;0;0;0;0;0;1;0;0;0;0;0;0;0;0;0;0;0;0;50;0;0;0;50;0;0;0;0;0;0
"https://www.ebi.ac.uk/gwas/studies/GCST90027163";3;22;13,64;2;9,09;NA;0;1;0;0;0;0;0;0;1;0;0;0;0;0;0;0;0;0;0;0;0;50;0;0;0;50;0;0;0;0;0;0
"https://www.ncbi.nlm.nih.gov/geo/query/acc.cgi?acc=GSE157486";3;22;13,64;2;9,09;NA;0;1;0;0;0;0;0;0;1;0;0;0;0;0;0;0;0;0;0;0;0;50;0;0;0;50;0;0;0;0;0;0
"https://www.ncbi.nlm.nih.gov/geo/query/acc.cgi?acc=GSE156478";3;22;13,64;2;9,09;NA;0;1;0;0;0;0;0;0;1;0;0;0;0;0;0;0;0;0;0;0;0;50;0;0;0;50;0;0;0;0;0;0
"https://www.ncbi.nlm.nih.gov/geo/query/acc.cgi?acc=GSE165580";3;22;13,64;2;9,09;NA;0;1;0;0;0;0;0;0;1;0;0;0;0;0;0;0;0;0;0;0;0;50;0;0;0;50;0;0;0;0;0;0
"https://trace.ncbi.nlm.nih.gov/Traces/?view=run_browser&acc=SRR15817216&display=data-access";3;22;13,64;2;9,09;NA;0;1;0;0;0;0;0;0;1;0;0;0;0;0;0;0;0;0;0;0;0;50;0;0;0;50;0;0;0;0;0;0
"https://doi.org/10.5281/zenodo.3527540";NA;NA;NA;14;63,64;TRUE;1;1;1;1;1;0;0;1;1;1;1;0;0;0;1;1;0;1;1;0;1;100;100;50;0;100;100;0;50;50;50;50
"https://trace.ncbi.nlm.nih.gov/Traces/?view=run_browser&acc=SRR12880623&display=data-access";3;22;13,64;2;9,09;NA;0;1;0;0;0;0;0;0;1;0;0;0;0;0;0;0;0;0;0;0;0;50;0;0;0;50;0;0;0;0;0;0
"https://www.ebi.ac.uk/arrayexpress/experiments/E-MTAB-10478/";9;22;40,91;6;27,27;NA;0;1;1;1;0;0;0;0;1;0;0;0;0;0;1;1;0;0;0;0;0;50;100;0;0;50;0;0;50;0;0;0
"https://www.deciphergenomics.org/patient/427511/overview/general";3;22;13,64;6;27,27;NA;0;1;1;1;0;0;0;0;1;0;0;0;0;0;1;1;0;0;0;0;0;50;100;0;0;50;0;0;50;0;0;0
"https://www.ebi.ac.uk/arrayexpress/experiments/E-MTAB-10633/";9;22;40,91;6;27,27;NA;0;1;1;1;0;0;0;0;1;0;0;0;0;0;1;1;0;0;0;0;0;50;100;0;0;50;0;0;50;0;0;0
"https://www.ncbi.nlm.nih.gov/geo/query/acc.cgi?acc=GSE182004";3;22;13,64;2;9,09;NA;0;1;0;0;0;0;0;0;1;0;0;0;0;0;0;0;0;0;0;0;0;50;0;0;0;50;0;0;0;0;0;0
"https://www.ebi.ac.uk/ena/browser/view/PRJEB32775";3;22;13,64;6;27,27;NA;0;1;1;1;0;0;0;0;1;0;0;0;0;0;1;1;0;0;0;0;0;50;100;0;0;50;0;0;50;0;0;0
"http://doi.org/10.17632/mtd59df24s.2";13;22;59,09;11;50;NA;1;1;1;1;0;0;0;0;1;0;1;0;0;0;1;1;0;1;1;0;1;100;100;0;0;50;50;0;50;50;50;50
"https://trace.ncbi.nlm.nih.gov/Traces/?view=run_browser&acc=SRR14573783&display=metadata";3;22;13,64;2;9,09;NA;0;1;0;0;0;0;0;0;1;0;0;0;0;0;0;0;0;0;0;0;0;50;0;0;0;50;0;0;0;0;0;0
"https://data.mendeley.com/datasets/mkz6jfywmd/1";11;22;50;11;50;NA;0;1;1;1;1;0;0;1;1;1;0;0;0;0;1;1;0;1;1;0;0;50;100;50;0;100;50;0;50;50;50;0
"https://www.ebi.ac.uk/pride/archive/projects/PXD018244";5;22;22,73;2;9,09;NA;0;1;0;0;0;0;0;0;1;0;0;0;0;0;0;0;0;0;0;0;0;50;0;0;0;50;0;0;0;0;0;0
"https://doi.org/10.18112/openneuro.ds003716.v1.0.0";6;22;27,27;10;45,45;NA;1;1;1;1;0;0;0;0;1;0;1;0;0;0;1;1;0;1;1;0;0;100;100;0;0;50;50;0;50;50;50;0
"https://www.ncbi.nlm.nih.gov/geo/query/acc.cgi?acc=GSE109600";3;22;13,64;2;9,09;NA;0;1;0;0;0;0;0;0;1;0;0;0;0;0;0;0;0;0;0;0;0;50;0;0;0;50;0;0;0;0;0;0
"https://www.ncbi.nlm.nih.gov/geo/query/acc.cgi?acc=GSE140686";3;22;13,64;2;9,09;NA;0;1;0;0;0;0;0;0;1;0;0;0;0;0;0;0;0;0;0;0;0;50;0;0;0;50;0;0;0;0;0;0
"https://www.ncbi.nlm.nih.gov/geo/query/acc.cgi?acc=GSE165329";3;22;13,64;2;9,09;NA;0;1;0;0;0;0;0;0;1;0;0;0;0;0;0;0;0;0;0;0;0;50;0;0;0;50;0;0;0;0;0;0
"https://www.ncbi.nlm.nih.gov/geo/query/acc.cgi?acc=GSE112658";3;22;13,64;2;9,09;NA;0;1;0;0;0;0;0;0;1;0;0;0;0;0;0;0;0;0;0;0;0;50;0;0;0;50;0;0;0;0;0;0
"https://www.ebi.ac.uk/ena/browser/view/ERX2579784?show=reads";3;22;13,64;6;27,27;NA;0;1;1;1;0;0;0;0;1;0;0;0;0;0;1;1;0;0;0;0;0;50;100;0;0;50;0;0;50;0;0;0
"https://www.ncbi.nlm.nih.gov/geo/query/acc.cgi?acc=GSE58211";NA;NA;NA;2;9,09;TRUE;0;1;0;0;0;0;0;0;1;0;0;0;0;0;0;0;0;0;0;0;0;50;0;0;0;50;0;0;0;0;0;0
"https://www.ebi.ac.uk/pride/archive/projects/PXD004608";5;22;22,73;2;9,09;NA;0;1;0;0;0;0;0;0;1;0;0;0;0;0;0;0;0;0;0;0;0;50;0;0;0;50;0;0;0;0;0;0
"https://www.ncbi.nlm.nih.gov/geo/query/acc.cgi?acc=GSM3608793";3;22;13,64;2;9,09;NA;0;1;0;0;0;0;0;0;1;0;0;0;0;0;0;0;0;0;0;0;0;50;0;0;0;50;0;0;0;0;0;0
"https://www.ncbi.nlm.nih.gov/geo/query/acc.cgi?acc=GSE183598";3;22;13,64;2;9,09;NA;0;1;0;0;0;0;0;0;1;0;0;0;0;0;0;0;0;0;0;0;0;50;0;0;0;50;0;0;0;0;0;0
"https://www.ebi.ac.uk/pride/archive/projects/PXD023889";5;22;22,73;2;9,09;NA;0;1;0;0;0;0;0;0;1;0;0;0;0;0;0;0;0;0;0;0;0;50;0;0;0;50;0;0;0;0;0;0
"https://www.ncbi.nlm.nih.gov/geo/query/acc.cgi?acc=GSE149025";3;22;13,64;2;9,09;NA;0;1;0;0;0;0;0;0;1;0;0;0;0;0;0;0;0;0;0;0;0;50;0;0;0;50;0;0;0;0;0;0
"https://doi.org/10.6084/m9.figshare.12382685.v1";NA;NA;NA;15;68,18;TRUE;1;1;1;1;1;1;0;1;1;1;1;0;0;0;1;1;0;1;1;0;1;100;100;100;0;100;100;0;50;50;50;50
"https://www.ncbi.nlm.nih.gov/geo/query/acc.cgi?acc=GSE181457";3;22;13,64;2;9,09;NA;0;1;0;0;0;0;0;0;1;0;0;0;0;0;0;0;0;0;0;0;0;50;0;0;0;50;0;0;0;0;0;0
"https://www.ncbi.nlm.nih.gov/nuccore/mt094341";3;22;13,64;2;9,09;NA;0;1;0;0;0;0;0;0;1;0;0;0;0;0;0;0;0;0;0;0;0;50;0;0;0;50;0;0;0;0;0;0
"https://trace.ncbi.nlm.nih.gov/Traces/?view=run_browser&acc=SRR12749894&display=data-access";3;22;13,64;2;9,09;NA;0;1;0;0;0;0;0;0;1;0;0;0;0;0;0;0;0;0;0;0;0;50;0;0;0;50;0;0;0;0;0;0
"https://www.ebi.ac.uk/pride/archive/projects/PXD022709";5;22;22,73;2;9,09;NA;0;1;0;0;0;0;0;0;1;0;0;0;0;0;0;0;0;0;0;0;0;50;0;0;0;50;0;0;0;0;0;0
"https://osf.io/q23ce/";10;22;45,45;7;31,82;NA;0;1;1;1;0;0;0;0;1;0;0;0;0;0;1;1;0;0;1;0;0;50;100;0;0;50;0;0;50;0;50;0
"https://www.ncbi.nlm.nih.gov/geo/query/acc.cgi?acc=GSE141504";3;22;13,64;2;9,09;NA;0;1;0;0;0;0;0;0;1;0;0;0;0;0;0;0;0;0;0;0;0;50;0;0;0;50;0;0;0;0;0;0
"http://doi.org/10.2210/pdb7BL2/pdb";12;22;54,55;11;50;NA;1;1;1;1;0;0;0;0;1;0;1;0;0;0;1;1;1;1;1;0;0;100;100;0;0;50;50;0;50;100;50;0
"https://www.ebi.ac.uk/pride/archive/projects/PXD021374";5;22;22,73;2;9,09;NA;0;1;0;0;0;0;0;0;1;0;0;0;0;0;0;0;0;0;0;0;0;50;0;0;0;50;0;0;0;0;0;0
"https://dx.doi.org/10.17632/g2ghpnf4zk.1";11;22;50;11;50;NA;1;1;1;1;0;0;0;0;1;0;1;0;0;0;1;1;0;1;1;0;1;100;100;0;0;50;50;0;50;50;50;50
"https://www.ebi.ac.uk/pride/archive/projects/PXD011715";5;22;22,73;2;9,09;NA;0;1;0;0;0;0;0;0;1;0;0;0;0;0;0;0;0;0;0;0;0;50;0;0;0;50;0;0;0;0;0;0
"https://www.ebi.ac.uk/arrayexpress/experiments/E-MTAB-6588/";9;22;40,91;6;27,27;NA;0;1;1;1;0;0;0;0;1;0;0;0;0;0;1;1;0;0;0;0;0;50;100;0;0;50;0;0;50;0;0;0
"https://www.ncbi.nlm.nih.gov/geo/query/acc.cgi?acc=GSE171099";3;22;13,64;2;9,09;NA;0;1;0;0;0;0;0;0;1;0;0;0;0;0;0;0;0;0;0;0;0;50;0;0;0;50;0;0;0;0;0;0
"http://doi.org/10.17605/OSF.IO/6K7VN";14;22;63,64;9;40,91;NA;1;1;1;1;0;0;0;0;1;0;1;0;0;0;1;1;0;0;1;0;0;100;100;0;0;50;50;0;50;0;50;0
"https://doi.org/10.5281/zenodo.4670433";13;22;59,09;11;50;NA;1;1;1;1;0;0;0;0;1;0;1;0;0;0;1;1;0;1;1;0;1;100;100;0;0;50;50;0;50;50;50;50
"https://www.ncbi.nlm.nih.gov/geo/query/acc.cgi?acc=GSE158577";3;22;13,64;2;9,09;NA;0;1;0;0;0;0;0;0;1;0;0;0;0;0;0;0;0;0;0;0;0;50;0;0;0;50;0;0;0;0;0;0
"https://doi.org/10.5281/zenodo.4945655";13;22;59,09;11;50;NA;1;1;1;1;0;0;0;0;1;0;1;0;0;0;1;1;0;1;1;0;1;100;100;0;0;50;50;0;50;50;50;50
"https://www.ncbi.nlm.nih.gov/geo/query/acc.cgi?acc=GSE160672";3;22;13,64;2;9,09;NA;0;1;0;0;0;0;0;0;1;0;0;0;0;0;0;0;0;0;0;0;0;50;0;0;0;50;0;0;0;0;0;0
"https://www.ncbi.nlm.nih.gov/geo/query/acc.cgi?acc=GSE40589";3;22;13,64;2;9,09;NA;0;1;0;0;0;0;0;0;1;0;0;0;0;0;0;0;0;0;0;0;0;50;0;0;0;50;0;0;0;0;0;0
"https://doi.org/doi:10.25345/C5VG6C";NA;NA;NA;10;45,45;TRUE;1;1;1;1;0;0;0;0;1;0;1;0;0;0;1;1;0;1;1;0;0;100;100;0;0;50;50;0;50;50;50;0
"https://gnps.ucsd.edu/ProteoSAFe/status.jsp?task=628bd0896fad4eae91f6be5f12373d25";3;22;13,64;2;9,09;NA;0;1;0;0;0;0;0;0;1;0;0;0;0;0;0;0;0;0;0;0;0;50;0;0;0;50;0;0;0;0;0;0
"https://www.ebi.ac.uk/pride/archive/projects/PXD011771";5;22;22,73;2;9,09;NA;0;1;0;0;0;0;0;0;1;0;0;0;0;0;0;0;0;0;0;0;0;50;0;0;0;50;0;0;0;0;0;0
"https://www.ncbi.nlm.nih.gov/geo/query/acc.cgi?acc=gse160097";3;22;13,64;2;9,09;NA;0;1;0;0;0;0;0;0;1;0;0;0;0;0;0;0;0;0;0;0;0;50;0;0;0;50;0;0;0;0;0;0
"https://www.ebi.ac.uk/arrayexpress/experiments/E-MTAB-7680/";9;22;40,91;6;27,27;NA;0;1;1;1;0;0;0;0;1;0;0;0;0;0;1;1;0;0;0;0;0;50;100;0;0;50;0;0;50;0;0;0
"https://doi.org/10.5281/zenodo.3479558";NA;NA;NA;14;63,64;TRUE;1;1;1;1;1;0;0;1;1;1;1;0;0;0;1;1;0;1;1;0;1;100;100;50;0;100;100;0;50;50;50;50
"https://www.ebi.ac.uk/pride/archive/projects/PXD028005";5;22;22,73;2;9,09;NA;0;1;0;0;0;0;0;0;1;0;0;0;0;0;0;0;0;0;0;0;0;50;0;0;0;50;0;0;0;0;0;0
"http://doi.org/10.17605/OSF.IO/PTJBN";13;22;59,09;9;40,91;NA;1;1;1;1;0;0;0;0;1;0;1;0;0;0;1;1;0;0;1;0;0;100;100;0;0;50;50;0;50;0;50;0
"https://www.ebi.ac.uk/pride/archive/projects/PXD014740";5;22;22,73;2;9,09;NA;0;1;0;0;0;0;0;0;1;0;0;0;0;0;0;0;0;0;0;0;0;50;0;0;0;50;0;0;0;0;0;0
"https://www.ncbi.nlm.nih.gov/geo/query/acc.cgi?acc=GSE136199";3;22;13,64;2;9,09;NA;0;1;0;0;0;0;0;0;1;0;0;0;0;0;0;0;0;0;0;0;0;50;0;0;0;50;0;0;0;0;0;0
"https://www.rcsb.org/structure/6SWA";NA;NA;NA;6;27,27;TRUE;0;1;1;1;0;0;0;0;1;0;0;0;0;0;1;1;0;0;0;0;0;50;100;0;0;50;0;0;50;0;0;0
"https://www.ebi.ac.uk/emdb/EMD-10321";9;22;40,91;6;27,27;NA;0;1;1;1;0;0;0;0;1;0;0;0;0;0;1;1;0;0;0;0;0;50;100;0;0;50;0;0;50;0;0;0
"https://github.com/grundm/graphCA/blob/master/analysis/behavior/nt_trials.txt";5;22;22,73;6;27,27;NA;0;1;1;1;0;0;0;0;1;0;0;0;0;0;1;1;0;0;0;0;0;50;100;0;0;50;0;0;50;0;0;0
"https://www.ncbi.nlm.nih.gov/geo/query/acc.cgi?acc=GSE184895";NA;NA;NA;2;9,09;TRUE;0;1;0;0;0;0;0;0;1;0;0;0;0;0;0;0;0;0;0;0;0;50;0;0;0;50;0;0;0;0;0;0
"https://www.ebi.ac.uk/arrayexpress/experiments/E-MTAB-9067/";9;22;40,91;6;27,27;NA;0;1;1;1;0;0;0;0;1;0;0;0;0;0;1;1;0;0;0;0;0;50;100;0;0;50;0;0;50;0;0;0
"http://dx.doi.org/10.2210/pdb7o6x/pdb";NA;NA;NA;11;50;TRUE;1;1;1;1;0;0;0;0;1;0;1;0;0;0;1;1;1;1;1;0;0;100;100;0;0;50;50;0;50;100;50;0
"https://doi.org/10.23729/4d448eb0-c6ef-4b7d-a557-3758f5f68d47";5;22;22,73;11;50;NA;1;1;1;1;0;0;0;0;1;0;1;0;0;0;1;1;0;1;1;0;1;100;100;0;0;50;50;0;50;50;50;50
"https://doi.org/10.17605/OSF.IO/RUJWA";13;22;59,09;10;45,45;NA;1;1;1;1;0;1;0;0;1;0;1;0;0;0;1;1;0;0;1;0;0;100;100;50;0;50;50;0;50;0;50;0
"https://www.ccdc.cam.ac.uk/structures/Search?Ccdcid=2033292&DatabaseToSearch=Published";2;22;9,09;6;27,27;NA;0;1;1;1;0;0;0;0;1;0;0;0;0;0;1;1;0;0;0;0;0;50;100;0;0;50;0;0;50;0;0;0
"https://www.ncbi.nlm.nih.gov/geo/query/acc.cgi?acc=GSE166420";3;22;13,64;2;9,09;NA;0;1;0;0;0;0;0;0;1;0;0;0;0;0;0;0;0;0;0;0;0;50;0;0;0;50;0;0;0;0;0;0
"https://flowrepository.org/id/FR-FCM-Z3G7";2;22;9,09;2;9,09;NA;0;1;0;0;0;0;0;0;1;0;0;0;0;0;0;0;0;0;0;0;0;50;0;0;0;50;0;0;0;0;0;0
"https://doi.org/10.6084/m9.figshare.14166983";11;22;50;11;50;NA;1;1;1;1;0;0;0;0;1;0;1;0;0;0;1;1;0;1;1;0;1;100;100;0;0;50;50;0;50;50;50;50
"https://www.ncbi.nlm.nih.gov/nuccore/MW582527";3;22;13,64;2;9,09;NA;0;1;0;0;0;0;0;0;1;0;0;0;0;0;0;0;0;0;0;0;0;50;0;0;0;50;0;0;0;0;0;0
"https://doi.org/10.6084/m9.figshare.14393600";14;22;63,64;14;63,64;NA;1;1;1;1;1;0;0;1;1;1;1;0;0;0;1;1;0;1;1;0;1;100;100;50;0;100;100;0;50;50;50;50
"https://www.ebi.ac.uk/arrayexpress/experiments/E-MTAB-8746/";9;22;40,91;6;27,27;NA;0;1;1;1;0;0;0;0;1;0;0;0;0;0;1;1;0;0;0;0;0;50;100;0;0;50;0;0;50;0;0;0
"https://osf.io/w8h2q/";NA;NA;NA;7;31,82;TRUE;0;1;1;1;0;0;0;0;1;0;0;0;0;0;1;1;0;0;1;0;0;50;100;0;0;50;0;0;50;0;50;0
"https://trace.ncbi.nlm.nih.gov/Traces/?view=run_browser&acc=ERR4778373&display=metadata";3;22;13,64;2;9,09;NA;0;1;0;0;0;0;0;0;1;0;0;0;0;0;0;0;0;0;0;0;0;50;0;0;0;50;0;0;0;0;0;0
"https://github.com/wan-yang/flu-subtropic-climate-models/tree/main/data_climate";5;22;22,73;6;27,27;NA;0;1;1;1;0;0;0;0;1;0;0;0;0;0;1;1;0;0;0;0;0;50;100;0;0;50;0;0;50;0;0;0
"https://figshare.com/articles/dataset/S1_File_-/14441052";12;22;54,55;12;54,55;NA;0;1;1;1;1;0;0;1;1;1;0;0;0;0;1;1;0;1;1;0;1;50;100;50;0;100;50;0;50;50;50;50
"https://www.sasbdb.org/data/SASDKW8/";2;22;9,09;6;27,27;NA;0;1;1;1;0;0;0;0;1;0;0;0;0;0;1;1;0;0;0;0;0;50;100;0;0;50;0;0;50;0;0;0
"https://www.ebi.ac.uk/pride/archive/projects/PXD027257";5;22;22,73;2;9,09;NA;0;1;0;0;0;0;0;0;1;0;0;0;0;0;0;0;0;0;0;0;0;50;0;0;0;50;0;0;0;0;0;0
"https://www.ebi.ac.uk/arrayexpress/experiments/E-MTAB-10788/";9;22;40,91;6;27,27;NA;0;1;1;1;0;0;0;0;1;0;0;0;0;0;1;1;0;0;0;0;0;50;100;0;0;50;0;0;50;0;0;0
"https://github.com/lveaor/Umbrella-review-2021/blob/main/Table_for_script.xlsx";5;22;22,73;6;27,27;NA;0;1;1;1;0;0;0;0;1;0;0;0;0;0;1;1;0;0;0;0;0;50;100;0;0;50;0;0;50;0;0;0
"https://github.com/agschlagenhauf/qMRI/tree/main/data";5;22;22,73;6;27,27;NA;0;1;1;1;0;0;0;0;1;0;0;0;0;0;1;1;0;0;0;0;0;50;100;0;0;50;0;0;50;0;0;0
"https://www.ncbi.nlm.nih.gov/geo/query/acc.cgi?acc=GSE171965";NA;NA;NA;2;9,09;TRUE;0;1;0;0;0;0;0;0;1;0;0;0;0;0;0;0;0;0;0;0;0;50;0;0;0;50;0;0;0;0;0;0
"https://www.addgene.org/137191/";3;22;13,64;6;27,27;NA;0;1;1;1;0;0;0;0;1;0;0;0;0;0;1;1;0;0;0;0;0;50;100;0;0;50;0;0;50;0;0;0
"https://trace.ncbi.nlm.nih.gov/Traces/sra/?run=SRR16549034";3;22;13,64;2;9,09;NA;0;1;0;0;0;0;0;0;1;0;0;0;0;0;0;0;0;0;0;0;0;50;0;0;0;50;0;0;0;0;0;0
"https://github.com/arx-deidentifier/genetic-benchmark/tree/master/data";5;22;22,73;6;27,27;NA;0;1;1;1;0;0;0;0;1;0;0;0;0;0;1;1;0;0;0;0;0;50;100;0;0;50;0;0;50;0;0;0
"https://doi.org/10.6084/m9.figshare.14573082";14;22;63,64;14;63,64;NA;1;1;1;1;1;0;0;1;1;1;1;0;0;0;1;1;0;1;1;0;1;100;100;50;0;100;100;0;50;50;50;50
"https://doi.org/10.17632/f9vm3c4d7v.1";13;22;59,09;11;50;NA;1;1;1;1;0;0;0;0;1;0;1;0;0;0;1;1;0;1;1;0;1;100;100;0;0;50;50;0;50;50;50;50
"https://doi.org/10.6084/m9.figshare.15179134.v1";10;22;45,45;11;50;NA;1;1;1;1;0;0;0;0;1;0;1;0;0;0;1;1;0;1;1;0;1;100;100;0;0;50;50;0;50;50;50;50
"https://dx.doi.org/10.17632/btchxktzyw";11;22;50;11;50;NA;1;1;1;1;0;0;0;0;1;0;1;0;0;0;1;1;0;1;1;0;1;100;100;0;0;50;50;0;50;50;50;50
"https://www.ncbi.nlm.nih.gov/bioproject/PRJNA680013";3;22;13,64;2;9,09;NA;0;1;0;0;0;0;0;0;1;0;0;0;0;0;0;0;0;0;0;0;0;50;0;0;0;50;0;0;0;0;0;0
"https://doi.org/10.6084/m9.figshare.13318754";14;22;63,64;13;59,09;NA;1;1;1;1;1;0;0;1;1;0;1;0;0;0;1;1;0;1;1;0;1;100;100;50;0;100;50;0;50;50;50;50
"https://doi.org/10.17605/OSF.IO/CDBHN";14;22;63,64;10;45,45;NA;1;1;1;1;0;1;0;0;1;0;1;0;0;0;1;1;0;0;1;0;0;100;100;50;0;50;50;0;50;0;50;0
NA;NA;NA;NA;NA;NA;TRUE;NA;NA;NA;NA;NA;NA;NA;NA;NA;NA;NA;NA;NA;NA;NA;NA;NA;NA;NA;NA;NA;NA;NA;NA;NA;NA;NA;NA;NA;NA;NA;NA
"http://www.addgene.org/129027/";3;22;13,64;6;27,27;NA;0;1;1;1;0;0;0;0;1;0;0;0;0;0;1;1;0;0;0;0;0;50;100;0;0;50;0;0;50;0;0;0
"https://osf.io/3u62p/";10;22;45,45;7;31,82;NA;0;1;1;1;0;0;0;0;1;0;0;0;0;0;1;1;0;0;1;0;0;50;100;0;0;50;0;0;50;0;50;0
NA;13;22;59,09;NA;NA;NA;NA;NA;NA;NA;NA;NA;NA;NA;NA;NA;NA;NA;NA;NA;NA;NA;NA;NA;NA;NA;NA;NA;NA;NA;NA;NA;NA;NA;NA;NA;NA;NA
"https://doi.org/10.5281/zenodo.3922212";15;22;68,18;12;54,55;NA;1;1;1;1;0;1;0;0;1;0;1;0;0;0;1;1;0;1;1;0;1;100;100;50;0;50;50;0;50;50;50;50
"https://doi.org/10.5281/zenodo.5746691";13;22;59,09;11;50;NA;1;1;1;1;0;0;0;0;1;0;1;0;0;0;1;1;0;1;1;0;1;100;100;0;0;50;50;0;50;50;50;50
"https://github.com/MarisaIsabell/CF-lung-microbiome-longitudinal-development/tree/master/data";5;22;22,73;6;27,27;NA;0;1;1;1;0;0;0;0;1;0;0;0;0;0;1;1;0;0;0;0;0;50;100;0;0;50;0;0;50;0;0;0
"https://www.ebi.ac.uk/ena/browser/view/PRJEB44368?show=reads";3;22;13,64;6;27,27;NA;0;1;1;1;0;0;0;0;1;0;0;0;0;0;1;1;0;0;0;0;0;50;100;0;0;50;0;0;50;0;0;0
"https://www.ncbi.nlm.nih.gov/geo/query/acc.cgi?acc=GSE158743";3;22;13,64;2;9,09;NA;0;1;0;0;0;0;0;0;1;0;0;0;0;0;0;0;0;0;0;0;0;50;0;0;0;50;0;0;0;0;0;0
"https://doi.org/10.6084/m9.figshare.16573481.v1";11;22;50;11;50;NA;1;1;1;1;0;0;0;0;1;0;1;0;0;0;1;1;0;1;1;0;1;100;100;0;0;50;50;0;50;50;50;50
"https://github.com/BernardoGG/SARS-CoV-2_Genomic_lineages_Ecuador/tree/master/Data";5;22;22,73;6;27,27;NA;0;1;1;1;0;0;0;0;1;0;0;0;0;0;1;1;0;0;0;0;0;50;100;0;0;50;0;0;50;0;0;0
"https://www.ebi.ac.uk/ena/browser/view/ERR7057540?show=reads";3;22;13,64;6;27,27;NA;0;1;1;1;0;0;0;0;1;0;0;0;0;0;1;1;0;0;0;0;0;50;100;0;0;50;0;0;50;0;0;0
"https://github.com/FunDyn/VirtualCohorts";10;22;45,45;6;27,27;NA;0;1;1;1;0;0;0;0;1;0;0;0;0;0;1;1;0;0;0;0;0;50;100;0;0;50;0;0;50;0;0;0
NA;19;22;86,36;NA;NA;NA;NA;NA;NA;NA;NA;NA;NA;NA;NA;NA;NA;NA;NA;NA;NA;NA;NA;NA;NA;NA;NA;NA;NA;NA;NA;NA;NA;NA;NA;NA;NA;NA
"https://doi.org/10.17605/OSF.IO/YJ5CA";14;22;63,64;10;45,45;NA;1;1;1;1;0;1;0;0;1;0;1;0;0;0;1;1;0;0;1;0;0;100;100;50;0;50;50;0;50;0;50;0
"https://github.com/saezlab/combiMS/tree/master/data/phosphos_raw_clean";5;22;22,73;6;27,27;NA;0;1;1;1;0;0;0;0;1;0;0;0;0;0;1;1;0;0;0;0;0;50;100;0;0;50;0;0;50;0;0;0
NA;14;22;63,64;NA;NA;NA;NA;NA;NA;NA;NA;NA;NA;NA;NA;NA;NA;NA;NA;NA;NA;NA;NA;NA;NA;NA;NA;NA;NA;NA;NA;NA;NA;NA;NA;NA;NA;NA
"https://www.ebi.ac.uk/gwas/studies/GCST90044763";3;22;13,64;2;9,09;NA;0;1;0;0;0;0;0;0;1;0;0;0;0;0;0;0;0;0;0;0;0;50;0;0;0;50;0;0;0;0;0;0
"https://www.ncbi.nlm.nih.gov/geo/query/acc.cgi?acc=gse173610";3;22;13,64;2;9,09;NA;0;1;0;0;0;0;0;0;1;0;0;0;0;0;0;0;0;0;0;0;0;50;0;0;0;50;0;0;0;0;0;0
"https://dx.doi.org/10.17632/5fpk9g52rw.1";11;22;50;11;50;NA;1;1;1;1;0;0;0;0;1;0;1;0;0;0;1;1;0;1;1;0;1;100;100;0;0;50;50;0;50;50;50;50
"https://www.ebi.ac.uk/metabolights/MTBLS2840/files";3;22;13,64;2;9,09;NA;0;1;0;0;0;0;0;0;1;0;0;0;0;0;0;0;0;0;0;0;0;50;0;0;0;50;0;0;0;0;0;0
"https://www.ncbi.nlm.nih.gov/geo/query/acc.cgi?acc=GSE162208";3;22;13,64;2;9,09;NA;0;1;0;0;0;0;0;0;1;0;0;0;0;0;0;0;0;0;0;0;0;50;0;0;0;50;0;0;0;0;0;0
"https://www.ebi.ac.uk/pride/archive/projects/PXD025164";5;22;22,73;2;9,09;NA;0;1;0;0;0;0;0;0;1;0;0;0;0;0;0;0;0;0;0;0;0;50;0;0;0;50;0;0;0;0;0;0
"https://www.ncbi.nlm.nih.gov/geo/query/acc.cgi?acc=GSE153403";3;22;13,64;2;9,09;NA;0;1;0;0;0;0;0;0;1;0;0;0;0;0;0;0;0;0;0;0;0;50;0;0;0;50;0;0;0;0;0;0
"https://www.ncbi.nlm.nih.gov/geo/query/acc.cgi?acc=GSE173378";3;22;13,64;2;9,09;NA;0;1;0;0;0;0;0;0;1;0;0;0;0;0;0;0;0;0;0;0;0;50;0;0;0;50;0;0;0;0;0;0
"http://www.ebi.ac.uk/ena/data/view/PRJEB38096";3;22;13,64;6;27,27;NA;0;1;1;1;0;0;0;0;1;0;0;0;0;0;1;1;0;0;0;0;0;50;100;0;0;50;0;0;50;0;0;0
"https://www.ncbi.nlm.nih.gov/geo/query/acc.cgi?acc=GSE175668";NA;NA;NA;2;9,09;TRUE;0;1;0;0;0;0;0;0;1;0;0;0;0;0;0;0;0;0;0;0;0;50;0;0;0;50;0;0;0;0;0;0
"https://www.ncbi.nlm.nih.gov/nuccore/2085340607";3;22;13,64;2;9,09;NA;0;1;0;0;0;0;0;0;1;0;0;0;0;0;0;0;0;0;0;0;0;50;0;0;0;50;0;0;0;0;0;0
"https://figshare.com/articles/dataset/S1_Dataset_-/14749705";12;22;54,55;12;54,55;NA;0;1;1;1;1;0;0;1;1;1;0;0;0;0;1;1;0;1;1;0;1;50;100;50;0;100;50;0;50;50;50;50
"https://dx.doi.org/10.17617/3.5k";12;22;54,55;10;45,45;NA;1;1;1;1;0;0;0;0;1;0;1;0;0;0;1;1;0;1;1;0;0;100;100;0;0;50;50;0;50;50;50;0
"https://www.ebi.ac.uk/ena/browser/view/PRJEB37553?show=reads";3;22;13,64;6;27,27;NA;0;1;1;1;0;0;0;0;1;0;0;0;0;0;1;1;0;0;0;0;0;50;100;0;0;50;0;0;50;0;0;0
"https://www.ncbi.nlm.nih.gov/geo/query/acc.cgi?acc=GSE89888";3;22;13,64;2;9,09;NA;0;1;0;0;0;0;0;0;1;0;0;0;0;0;0;0;0;0;0;0;0;50;0;0;0;50;0;0;0;0;0;0
"https://osf.io/5d8vu/";10;22;45,45;7;31,82;NA;0;1;1;1;0;0;0;0;1;0;0;0;0;0;1;1;0;0;1;0;0;50;100;0;0;50;0;0;50;0;50;0
"https://www.ncbi.nlm.nih.gov/nuccore/MZ389693";3;22;13,64;2;9,09;NA;0;1;0;0;0;0;0;0;1;0;0;0;0;0;0;0;0;0;0;0;0;50;0;0;0;50;0;0;0;0;0;0
"https://www.ncbi.nlm.nih.gov/geo/query/acc.cgi?acc=GSE190365";3;22;13,64;2;9,09;NA;0;1;0;0;0;0;0;0;1;0;0;0;0;0;0;0;0;0;0;0;0;50;0;0;0;50;0;0;0;0;0;0
"https://massive.ucsd.edu/ProteoSAFe/dataset.jsp?task=2ae5c0457a3f4e9196365f9448657b59";NA;NA;NA;2;9,09;TRUE;0;1;0;0;0;0;0;0;1;0;0;0;0;0;0;0;0;0;0;0;0;50;0;0;0;50;0;0;0;0;0;0
"https://www.ebi.ac.uk/pride/archive/projects/PXD018674";5;22;22,73;2;9,09;NA;0;1;0;0;0;0;0;0;1;0;0;0;0;0;0;0;0;0;0;0;0;50;0;0;0;50;0;0;0;0;0;0
"https://www.ebi.ac.uk/ena/browser/view/PRJEB42732?show=reads";3;22;13,64;6;27,27;NA;0;1;1;1;0;0;0;0;1;0;0;0;0;0;1;1;0;0;0;0;0;50;100;0;0;50;0;0;50;0;0;0
"https://www.ncbi.nlm.nih.gov/nuccore/MW002785";3;22;13,64;2;9,09;NA;0;1;0;0;0;0;0;0;1;0;0;0;0;0;0;0;0;0;0;0;0;50;0;0;0;50;0;0;0;0;0;0
"https://www.ebi.ac.uk/emdb/EMD-23469";9;22;40,91;6;27,27;NA;0;1;1;1;0;0;0;0;1;0;0;0;0;0;1;1;0;0;0;0;0;50;100;0;0;50;0;0;50;0;0;0
"https://www.rcsb.org/structure/7LM8";NA;NA;NA;6;27,27;TRUE;0;1;1;1;0;0;0;0;1;0;0;0;0;0;1;1;0;0;0;0;0;50;100;0;0;50;0;0;50;0;0;0
"https://github.com/athieffry/T1International-OoPE-survey-2020/tree/main/1a%20-%20Raw%20Data/survey";5;22;22,73;6;27,27;NA;0;1;1;1;0;0;0;0;1;0;0;0;0;0;1;1;0;0;0;0;0;50;100;0;0;50;0;0;50;0;0;0
"https://trace.ncbi.nlm.nih.gov/Traces/?view=run_browser&acc=SRR12130588&display=metadata";3;22;13,64;2;9,09;NA;0;1;0;0;0;0;0;0;1;0;0;0;0;0;0;0;0;0;0;0;0;50;0;0;0;50;0;0;0;0;0;0
"https://www.ncbi.nlm.nih.gov/geo/query/acc.cgi?acc=GSE173204";3;22;13,64;2;9,09;NA;0;1;0;0;0;0;0;0;1;0;0;0;0;0;0;0;0;0;0;0;0;50;0;0;0;50;0;0;0;0;0;0
"https://www.ebi.ac.uk/pride/archive/projects/PXD027109";5;22;22,73;2;9,09;NA;0;1;0;0;0;0;0;0;1;0;0;0;0;0;0;0;0;0;0;0;0;50;0;0;0;50;0;0;0;0;0;0
"https://www.ncbi.nlm.nih.gov/geo/query/acc.cgi?acc=GSE157820";3;22;13,64;2;9,09;NA;0;1;0;0;0;0;0;0;1;0;0;0;0;0;0;0;0;0;0;0;0;50;0;0;0;50;0;0;0;0;0;0
"https://osf.io/y8dfw/";10;22;45,45;7;31,82;NA;0;1;1;1;0;0;0;0;1;0;0;0;0;0;1;1;0;0;1;0;0;50;100;0;0;50;0;0;50;0;50;0
"https://www.ncbi.nlm.nih.gov/nuccore/OK239717";3;22;13,64;2;9,09;NA;0;1;0;0;0;0;0;0;1;0;0;0;0;0;0;0;0;0;0;0;0;50;0;0;0;50;0;0;0;0;0;0
"https://www.ncbi.nlm.nih.gov/geo/query/acc.cgi?acc=GSE167358";3;22;13,64;2;9,09;NA;0;1;0;0;0;0;0;0;1;0;0;0;0;0;0;0;0;0;0;0;0;50;0;0;0;50;0;0;0;0;0;0
"https://www.ncbi.nlm.nih.gov/geo/query/acc.cgi?acc=GSE173610";3;22;13,64;2;9,09;NA;0;1;0;0;0;0;0;0;1;0;0;0;0;0;0;0;0;0;0;0;0;50;0;0;0;50;0;0;0;0;0;0
"https://doi.org/10.7910/DVN/CQHHEH";NA;NA;NA;10;45,45;TRUE;1;1;1;1;0;0;0;0;1;0;1;0;0;0;1;1;0;1;1;0;0;100;100;0;0;50;50;0;50;50;50;0
"https://www.ncbi.nlm.nih.gov/geo/query/acc.cgi?acc=GSE159082";3;22;13,64;2;9,09;NA;0;1;0;0;0;0;0;0;1;0;0;0;0;0;0;0;0;0;0;0;0;50;0;0;0;50;0;0;0;0;0;0
"https://doi.org/10.17632/5n8df8jvk4.1";13;22;59,09;11;50;NA;1;1;1;1;0;0;0;0;1;0;1;0;0;0;1;1;0;1;1;0;1;100;100;0;0;50;50;0;50;50;50;50
"https://www.ncbi.nlm.nih.gov/geo/query/acc.cgi?acc=GSE185624";3;22;13,64;2;9,09;NA;0;1;0;0;0;0;0;0;1;0;0;0;0;0;0;0;0;0;0;0;0;50;0;0;0;50;0;0;0;0;0;0
"http://doi.org/10.2210/pdb7OW1/pdb";NA;NA;NA;11;50;TRUE;1;1;1;1;0;0;0;0;1;0;1;0;0;0;1;1;1;1;1;0;0;100;100;0;0;50;50;0;50;100;50;0
"https://www.ebi.ac.uk/metabolights/MTBLS284/descriptors";3;22;13,64;2;9,09;NA;0;1;0;0;0;0;0;0;1;0;0;0;0;0;0;0;0;0;0;0;0;50;0;0;0;50;0;0;0;0;0;0
"https://github.com/csi-hamburg/WAKE-UP-preserved-SC/tree/main/code/statistics_R";5;22;22,73;6;27,27;NA;0;1;1;1;0;0;0;0;1;0;0;0;0;0;1;1;0;0;0;0;0;50;100;0;0;50;0;0;50;0;0;0
"https://www.pgscatalog.org/score/PGS000886/";3;22;13,64;2;9,09;NA;0;1;0;0;0;0;0;0;1;0;0;0;0;0;0;0;0;0;0;0;0;50;0;0;0;50;0;0;0;0;0;0
"http://csg.sph.umich.edu/willer/public/glgc-lipids2021/";3;22;13,64;2;9,09;NA;0;1;0;0;0;0;0;0;1;0;0;0;0;0;0;0;0;0;0;0;0;50;0;0;0;50;0;0;0;0;0;0
"https://www.ncbi.nlm.nih.gov/geo/query/acc.cgi?acc=GSE94452";3;22;13,64;2;9,09;NA;0;1;0;0;0;0;0;0;1;0;0;0;0;0;0;0;0;0;0;0;0;50;0;0;0;50;0;0;0;0;0;0
"https://osf.io/bc58f/";11;22;50;7;31,82;NA;0;1;1;1;0;0;0;0;1;0;0;0;0;0;1;1;0;0;1;0;0;50;100;0;0;50;0;0;50;0;50;0
"https://github.com/fsera/COVIDWeather/blob/main/mcc_covid_temp_data.csv";5;22;22,73;6;27,27;NA;0;1;1;1;0;0;0;0;1;0;0;0;0;0;1;1;0;0;0;0;0;50;100;0;0;50;0;0;50;0;0;0
"https://www.ebi.ac.uk/gwas/studies/GCST004415";3;22;13,64;2;9,09;NA;0;1;0;0;0;0;0;0;1;0;0;0;0;0;0;0;0;0;0;0;0;50;0;0;0;50;0;0;0;0;0;0
"https://doi.org/10.5281/zenodo.3572799";NA;NA;NA;14;63,64;TRUE;1;1;1;1;1;0;0;1;1;1;1;0;0;0;1;1;0;1;1;0;1;100;100;50;0;100;100;0;50;50;50;50
"https://www.ebi.ac.uk/biostudies/arrayexpress/studies/E-MTAB-10432";9;22;40,91;6;27,27;NA;0;1;1;1;0;0;0;0;1;0;0;0;0;0;1;1;0;0;0;0;0;50;100;0;0;50;0;0;50;0;0;0
"https://www.ebi.ac.uk/ena/browser/view/PRJEB39208";3;22;13,64;6;27,27;NA;0;1;1;1;0;0;0;0;1;0;0;0;0;0;1;1;0;0;0;0;0;50;100;0;0;50;0;0;50;0;0;0
"https://www.ebi.ac.uk/arrayexpress/experiments/E-MTAB-10163/";9;22;40,91;6;27,27;NA;0;1;1;1;0;0;0;0;1;0;0;0;0;0;1;1;0;0;0;0;0;50;100;0;0;50;0;0;50;0;0;0
"https://www.ncbi.nlm.nih.gov/geo/query/acc.cgi?acc=GSE158916";3;22;13,64;2;9,09;NA;0;1;0;0;0;0;0;0;1;0;0;0;0;0;0;0;0;0;0;0;0;50;0;0;0;50;0;0;0;0;0;0
"https://www.ncbi.nlm.nih.gov/geo/query/acc.cgi?acc=GSE181599";3;22;13,64;2;9,09;NA;0;1;0;0;0;0;0;0;1;0;0;0;0;0;0;0;0;0;0;0;0;50;0;0;0;50;0;0;0;0;0;0
"https://www.ebi.ac.uk/pride/archive/projects/PXD018345";5;22;22,73;2;9,09;NA;0;1;0;0;0;0;0;0;1;0;0;0;0;0;0;0;0;0;0;0;0;50;0;0;0;50;0;0;0;0;0;0
"https://www.ebi.ac.uk/ena/browser/view/PRJEB31628";3;22;13,64;6;27,27;NA;0;1;1;1;0;0;0;0;1;0;0;0;0;0;1;1;0;0;0;0;0;50;100;0;0;50;0;0;50;0;0;0
"https://www.ncbi.nlm.nih.gov/geo/query/acc.cgi?acc=GSE145104";3;22;13,64;2;9,09;NA;0;1;0;0;0;0;0;0;1;0;0;0;0;0;0;0;0;0;0;0;0;50;0;0;0;50;0;0;0;0;0;0
"https://www.ebi.ac.uk/emdb/EMD-24120";9;22;40,91;6;27,27;NA;0;1;1;1;0;0;0;0;1;0;0;0;0;0;1;1;0;0;0;0;0;50;100;0;0;50;0;0;50;0;0;0
"https://doi.org/10.2210/pdb7n1p/pdb";11;22;50;11;50;NA;1;1;1;1;0;0;0;0;1;0;1;0;0;0;1;1;1;1;1;0;0;100;100;0;0;50;50;0;50;100;50;0
"https://www.ncbi.nlm.nih.gov/geo/query/acc.cgi?acc=GSE159986";3;22;13,64;2;9,09;NA;0;1;0;0;0;0;0;0;1;0;0;0;0;0;0;0;0;0;0;0;0;50;0;0;0;50;0;0;0;0;0;0
"https://trace.ncbi.nlm.nih.gov/Traces/?view=run_browser&acc=SRR17009152&display=data-access";3;22;13,64;2;9,09;NA;0;1;0;0;0;0;0;0;1;0;0;0;0;0;0;0;0;0;0;0;0;50;0;0;0;50;0;0;0;0;0;0
"https://www.ncbi.nlm.nih.gov/nuccore/OV076251.1";3;22;13,64;2;9,09;NA;0;1;0;0;0;0;0;0;1;0;0;0;0;0;0;0;0;0;0;0;0;50;0;0;0;50;0;0;0;0;0;0
"https://trace.ncbi.nlm.nih.gov/Traces/?view=run_browser&acc=SRR17052077&display=data-access";3;22;13,64;2;9,09;NA;0;1;0;0;0;0;0;0;1;0;0;0;0;0;0;0;0;0;0;0;0;50;0;0;0;50;0;0;0;0;0;0
"https://www.ncbi.nlm.nih.gov/geo/query/acc.cgi?acc=GSE152989";3;22;13,64;2;9,09;NA;0;1;0;0;0;0;0;0;1;0;0;0;0;0;0;0;0;0;0;0;0;50;0;0;0;50;0;0;0;0;0;0
"https://www.ebi.ac.uk/ena/browser/view/PRJEB45367";3;22;13,64;6;27,27;NA;0;1;1;1;0;0;0;0;1;0;0;0;0;0;1;1;0;0;0;0;0;50;100;0;0;50;0;0;50;0;0;0
"https://www.ebi.ac.uk/pride/archive/projects/PXD026748";5;22;22,73;2;9,09;NA;0;1;0;0;0;0;0;0;1;0;0;0;0;0;0;0;0;0;0;0;0;50;0;0;0;50;0;0;0;0;0;0
"https://www.ncbi.nlm.nih.gov/geo/query/acc.cgi?acc=GSE154027";3;22;13,64;2;9,09;NA;0;1;0;0;0;0;0;0;1;0;0;0;0;0;0;0;0;0;0;0;0;50;0;0;0;50;0;0;0;0;0;0
"https://github.com/theislab/Covid_meta_analysis/tree/main/Figure1_ACE2_TMPRSS2_coexp";5;22;22,73;6;27,27;NA;0;1;1;1;0;0;0;0;1;0;0;0;0;0;1;1;0;0;0;0;0;50;100;0;0;50;0;0;50;0;0;0
"https://www.ncbi.nlm.nih.gov/geo/query/acc.cgi?acc=GSE119025";3;22;13,64;2;9,09;NA;0;1;0;0;0;0;0;0;1;0;0;0;0;0;0;0;0;0;0;0;0;50;0;0;0;50;0;0;0;0;0;0
"https://www.ncbi.nlm.nih.gov/nuccore/KT587350";3;22;13,64;2;9,09;NA;0;1;0;0;0;0;0;0;1;0;0;0;0;0;0;0;0;0;0;0;0;50;0;0;0;50;0;0;0;0;0;0
"https://doi.org/10.5061/dryad.pnvx0k6kr";17;22;77,27;15;68,18;NA;1;1;1;1;1;1;0;1;1;1;1;0;0;0;1;1;0;1;1;0;1;100;100;100;0;100;100;0;50;50;50;50
"https://trace.ncbi.nlm.nih.gov/Traces/index.html?view=run_browser&acc=SRR12567753&display=data-access";3;22;13,64;2;9,09;NA;0;1;0;0;0;0;0;0;1;0;0;0;0;0;0;0;0;0;0;0;0;50;0;0;0;50;0;0;0;0;0;0
"https://doi.org/10.5281/zenodo.4768563";13;22;59,09;11;50;NA;1;1;1;1;0;0;0;0;1;0;1;0;0;0;1;1;0;1;1;0;1;100;100;0;0;50;50;0;50;50;50;50
"https://doi.org/10.5281/zenodo.4425256";NA;NA;NA;15;68,18;TRUE;1;1;1;1;1;1;0;1;1;1;1;0;0;0;1;1;0;1;1;0;1;100;100;100;0;100;100;0;50;50;50;50
"https://doi.org/10.17605/OSF.IO/P3X4R";5;22;22,73;12;54,55;NA;1;1;1;1;0;0;0;1;1;1;1;0;0;0;1;1;0;1;1;0;0;100;100;0;0;100;100;0;50;50;50;0
"https://doi.org/10.5281/zenodo.6500842";16;22;72,73;11;50;NA;1;1;1;1;0;0;0;0;1;0;1;0;0;0;1;1;0;1;1;0;1;100;100;0;0;50;50;0;50;50;50;50
"https://osf.io/duj47/";NA;NA;NA;7;31,82;TRUE;0;1;1;1;0;0;0;0;1;0;0;0;0;0;1;1;0;0;1;0;0;50;100;0;0;50;0;0;50;0;50;0
"https://identifiers.org/neurovault.collection:7566";15;22;68,18;12;54,55;NA;0;1;1;1;1;1;0;1;1;1;0;0;0;0;1;1;0;1;1;0;0;50;100;100;0;100;50;0;50;50;50;0
"https://doi.org/10.5281/zenodo.3736430";14;22;63,64;14;63,64;NA;1;1;1;1;1;0;0;1;1;1;1;0;0;0;1;1;0;1;1;0;1;100;100;50;0;100;100;0;50;50;50;50
"https://www.ebi.ac.uk/gwas/studies/GCST90007526";3;22;13,64;2;9,09;NA;0;1;0;0;0;0;0;0;1;0;0;0;0;0;0;0;0;0;0;0;0;50;0;0;0;50;0;0;0;0;0;0
"https://figshare.com/articles/dataset/Y-chromosome_haplotypes_Guevara_et_al_2016_and_SNP_assignment_by_multiplexes_This_study_/13509710";12;22;54,55;12;54,55;NA;0;1;1;1;1;0;0;1;1;1;0;0;0;0;1;1;0;1;1;0;1;50;100;50;0;100;50;0;50;50;50;50
"https://doi.org/10.24433/CO.0121060.v1";7;22;31,82;11;50;NA;1;1;1;1;0;0;0;0;1;0;1;0;0;0;1;1;0;1;1;0;1;100;100;0;0;50;50;0;50;50;50;50
"https://figshare.com/articles/dataset/Minimal_underlying_data_set_and_codebook_/17044919";12;22;54,55;12;54,55;NA;0;1;1;1;1;0;0;1;1;1;0;0;0;0;1;1;0;1;1;0;1;50;100;50;0;100;50;0;50;50;50;50
"http://doi.org/10.17605/OSF.IO/YKM6X";12;22;54,55;9;40,91;NA;1;1;1;1;0;0;0;0;1;0;1;0;0;0;1;1;0;0;1;0;0;100;100;0;0;50;50;0;50;0;50;0
"https://data.mendeley.com/datasets/hwxhw2sxys/1";11;22;50;8;36,36;NA;0;1;1;1;0;0;0;0;1;0;0;0;0;0;1;1;0;1;1;0;0;50;100;0;0;50;0;0;50;50;50;0
"http://doi.org/10.2210/pdb6MD5/pdb";12;22;54,55;11;50;NA;1;1;1;1;0;0;0;0;1;0;1;0;0;0;1;1;1;1;1;0;0;100;100;0;0;50;50;0;50;100;50;0
"https://www.ncbi.nlm.nih.gov/geo/query/acc.cgi?acc=GSE94916";3;22;13,64;2;9,09;NA;0;1;0;0;0;0;0;0;1;0;0;0;0;0;0;0;0;0;0;0;0;50;0;0;0;50;0;0;0;0;0;0
"https://www.ebi.ac.uk/pride/archive/projects/PXD027265";5;22;22,73;2;9,09;NA;0;1;0;0;0;0;0;0;1;0;0;0;0;0;0;0;0;0;0;0;0;50;0;0;0;50;0;0;0;0;0;0
"https://www.ncbi.nlm.nih.gov/geo/query/acc.cgi?acc=GSE151333";3;22;13,64;2;9,09;NA;0;1;0;0;0;0;0;0;1;0;0;0;0;0;0;0;0;0;0;0;0;50;0;0;0;50;0;0;0;0;0;0
"https://doi.org/doi:10.25345/C5NM3R";4;22;18,18;10;45,45;NA;1;1;1;1;0;0;0;0;1;0;1;0;0;0;1;1;0;1;1;0;0;100;100;0;0;50;50;0;50;50;50;0
"https://massive.ucsd.edu/ProteoSAFe/dataset.jsp?accession=MSV000081885";NA;NA;NA;2;9,09;TRUE;0;1;0;0;0;0;0;0;1;0;0;0;0;0;0;0;0;0;0;0;0;50;0;0;0;50;0;0;0;0;0;0
"https://www.ebi.ac.uk/pride/archive/projects/PXD027498";5;22;22,73;2;9,09;NA;0;1;0;0;0;0;0;0;1;0;0;0;0;0;0;0;0;0;0;0;0;50;0;0;0;50;0;0;0;0;0;0
"https://ddbj.nig.ac.jp/public/ddbj_database/dra/fastq/DRA010/DRA010491/";5;22;22,73;2;9,09;NA;0;1;0;0;0;0;0;0;1;0;0;0;0;0;0;0;0;0;0;0;0;50;0;0;0;50;0;0;0;0;0;0
"https://trace.ncbi.nlm.nih.gov/Traces/?view=run_browser&acc=SRR11196254&display=data-access";3;22;13,64;2;9,09;NA;0;1;0;0;0;0;0;0;1;0;0;0;0;0;0;0;0;0;0;0;0;50;0;0;0;50;0;0;0;0;0;0
"https://doi.org/10.5061/dryad.7h44j0zsr";17;22;77,27;15;68,18;NA;1;1;1;1;1;1;0;1;1;1;1;0;0;0;1;1;0;1;1;0;1;100;100;100;0;100;100;0;50;50;50;50
"https://www.ncbi.nlm.nih.gov/geo/query/acc.cgi?acc=GSE122505";3;22;13,64;2;9,09;NA;0;1;0;0;0;0;0;0;1;0;0;0;0;0;0;0;0;0;0;0;0;50;0;0;0;50;0;0;0;0;0;0
"https://www.ebi.ac.uk/gwas/studies/GCST011074";NA;NA;NA;2;9,09;TRUE;0;1;0;0;0;0;0;0;1;0;0;0;0;0;0;0;0;0;0;0;0;50;0;0;0;50;0;0;0;0;0;0
"https://www.ncbi.nlm.nih.gov/geo/query/acc.cgi?acc=GSE144288";3;22;13,64;2;9,09;NA;0;1;0;0;0;0;0;0;1;0;0;0;0;0;0;0;0;0;0;0;0;50;0;0;0;50;0;0;0;0;0;0
"https://www.ncbi.nlm.nih.gov/geo/query/acc.cgi?acc=GSE147722";3;22;13,64;2;9,09;NA;0;1;0;0;0;0;0;0;1;0;0;0;0;0;0;0;0;0;0;0;0;50;0;0;0;50;0;0;0;0;0;0
"https://doi.org/10.5281/zenodo.4671006";16;22;72,73;12;54,55;NA;1;1;1;1;0;1;0;0;1;0;1;0;0;0;1;1;0;1;1;0;1;100;100;50;0;50;50;0;50;50;50;50
"http://doi.org/10.2210/pdb7CQF/pdb";12;22;54,55;11;50;NA;1;1;1;1;0;0;0;0;1;0;1;0;0;0;1;1;1;1;1;0;0;100;100;0;0;50;50;0;50;100;50;0
"https://www.ncbi.nlm.nih.gov/geo/query/acc.cgi?acc=GSE160294";3;22;13,64;2;9,09;NA;0;1;0;0;0;0;0;0;1;0;0;0;0;0;0;0;0;0;0;0;0;50;0;0;0;50;0;0;0;0;0;0
"https://doi.org/10.5281/zenodo.5203142";NA;NA;NA;14;63,64;TRUE;1;1;1;1;1;0;0;1;1;1;1;0;0;0;1;1;0;1;1;0;1;100;100;50;0;100;100;0;50;50;50;50
"https://osf.io/dkx6y/";10;22;45,45;7;31,82;NA;0;1;1;1;0;0;0;0;1;0;0;0;0;0;1;1;0;0;1;0;0;50;100;0;0;50;0;0;50;0;50;0
NA;14;22;63,64;NA;NA;NA;NA;NA;NA;NA;NA;NA;NA;NA;NA;NA;NA;NA;NA;NA;NA;NA;NA;NA;NA;NA;NA;NA;NA;NA;NA;NA;NA;NA;NA;NA;NA;NA
"https://github.com/YunzheLiu/RLReplay/blob/main/MEGTrial_Thres.mat";5;22;22,73;6;27,27;NA;0;1;1;1;0;0;0;0;1;0;0;0;0;0;1;1;0;0;0;0;0;50;100;0;0;50;0;0;50;0;0;0
"http://doi.org/10.2210/pdb7LOP/pdb";NA;NA;NA;11;50;TRUE;1;1;1;1;0;0;0;0;1;0;1;0;0;0;1;1;1;1;1;0;0;100;100;0;0;50;50;0;50;100;50;0
"https://www.ebi.ac.uk/emdb/EMD-23466";9;22;40,91;6;27,27;NA;0;1;1;1;0;0;0;0;1;0;0;0;0;0;1;1;0;0;0;0;0;50;100;0;0;50;0;0;50;0;0;0
"https://github.com/CERI-KRISP/africa-covid19-genomics/tree/main/data";5;22;22,73;6;27,27;NA;0;1;1;1;0;0;0;0;1;0;0;0;0;0;1;1;0;0;0;0;0;50;100;0;0;50;0;0;50;0;0;0
"https://www.ncbi.nlm.nih.gov/geo/query/acc.cgi?acc=GSE118174";3;22;13,64;2;9,09;NA;0;1;0;0;0;0;0;0;1;0;0;0;0;0;0;0;0;0;0;0;0;50;0;0;0;50;0;0;0;0;0;0
"https://www.ncbi.nlm.nih.gov/geo/query/acc.cgi?acc=GSE148163";3;22;13,64;2;9,09;NA;0;1;0;0;0;0;0;0;1;0;0;0;0;0;0;0;0;0;0;0;0;50;0;0;0;50;0;0;0;0;0;0
"https://www.ebi.ac.uk/pride/archive/projects/PXD015579";5;22;22,73;2;9,09;NA;0;1;0;0;0;0;0;0;1;0;0;0;0;0;0;0;0;0;0;0;0;50;0;0;0;50;0;0;0;0;0;0
"https://www.ebi.ac.uk/biostudies/arrayexpress/studies/E-MTAB-9361";9;22;40,91;6;27,27;NA;0;1;1;1;0;0;0;0;1;0;0;0;0;0;1;1;0;0;0;0;0;50;100;0;0;50;0;0;50;0;0;0
"https://doi.org/10.6084/m9.figshare.13490262.v3";17;22;77,27;15;68,18;NA;1;1;1;1;1;1;0;1;1;1;1;0;0;0;1;1;0;1;1;0;1;100;100;100;0;100;100;0;50;50;50;50
"https://osf.io/spd9u/";10;22;45,45;7;31,82;NA;0;1;1;1;0;0;0;0;1;0;0;0;0;0;1;1;0;0;1;0;0;50;100;0;0;50;0;0;50;0;50;0
"https://osf.io/5qmz7/";11;22;50;7;31,82;NA;0;1;1;1;0;0;0;0;1;0;0;0;0;0;1;1;0;0;1;0;0;50;100;0;0;50;0;0;50;0;50;0
"https://github.com/wangbenchi/Shared_data";NA;NA;NA;6;27,27;TRUE;0;1;1;1;0;0;0;0;1;0;0;0;0;0;1;1;0;0;0;0;0;50;100;0;0;50;0;0;50;0;0;0
"https://doi.org/10.5281/zenodo.3899830";19;22;86,36;15;68,18;NA;1;1;1;1;1;1;0;1;1;1;1;0;0;0;1;1;0;1;1;0;1;100;100;100;0;100;100;0;50;50;50;50
"https://www.ncbi.nlm.nih.gov/geo/query/acc.cgi?acc=GSE165499";3;22;13,64;2;9,09;NA;0;1;0;0;0;0;0;0;1;0;0;0;0;0;0;0;0;0;0;0;0;50;0;0;0;50;0;0;0;0;0;0
"https://osf.io/uhxvt";11;22;50;2;9,09;NA;0;1;0;0;0;0;0;0;1;0;0;0;0;0;0;0;0;0;0;0;0;50;0;0;0;50;0;0;0;0;0;0
"https://www.ncbi.nlm.nih.gov/geo/query/acc.cgi?acc=GSE157285";3;22;13,64;2;9,09;NA;0;1;0;0;0;0;0;0;1;0;0;0;0;0;0;0;0;0;0;0;0;50;0;0;0;50;0;0;0;0;0;0
"https://figshare.com/articles/dataset/List_of_up-_and_downregulated_transcripts_from_sorted_stem_cells_sorted_Paneth_cells_and_organoids_with_a_p_value_0_05_/17123909?backTo=/collections/MLL1_is_required_for_maintenance_of_intestinal_stem_cells/5736735";12;22;54,55;12;54,55;NA;0;1;1;1;1;0;0;1;1;1;0;0;0;0;1;1;0;1;1;0;1;50;100;50;0;100;50;0;50;50;50;50
"https://doi.org/10.6084/m9.figshare.14931708.v1";NA;NA;NA;15;68,18;TRUE;1;1;1;1;1;1;0;1;1;1;1;0;0;0;1;1;0;1;1;0;1;100;100;100;0;100;100;0;50;50;50;50
"https://www.ncbi.nlm.nih.gov/nuccore/MW809725";3;22;13,64;2;9,09;NA;0;1;0;0;0;0;0;0;1;0;0;0;0;0;0;0;0;0;0;0;0;50;0;0;0;50;0;0;0;0;0;0
"https://www.ncbi.nlm.nih.gov/nuccore/MT993951";3;22;13,64;2;9,09;NA;0;1;0;0;0;0;0;0;1;0;0;0;0;0;0;0;0;0;0;0;0;50;0;0;0;50;0;0;0;0;0;0
"https://www.ncbi.nlm.nih.gov/nuccore/MT108784";3;22;13,64;2;9,09;NA;0;1;0;0;0;0;0;0;1;0;0;0;0;0;0;0;0;0;0;0;0;50;0;0;0;50;0;0;0;0;0;0
"https://www.ncbi.nlm.nih.gov/geo/query/acc.cgi?acc=GSE129772";3;22;13,64;2;9,09;NA;0;1;0;0;0;0;0;0;1;0;0;0;0;0;0;0;0;0;0;0;0;50;0;0;0;50;0;0;0;0;0;0
"https://www.ebi.ac.uk/pride/archive/projects/PXD029319";5;22;22,73;2;9,09;NA;0;1;0;0;0;0;0;0;1;0;0;0;0;0;0;0;0;0;0;0;0;50;0;0;0;50;0;0;0;0;0;0
"https://www.ebi.ac.uk/emdb/EMD-13672";9;22;40,91;6;27,27;NA;0;1;1;1;0;0;0;0;1;0;0;0;0;0;1;1;0;0;0;0;0;50;100;0;0;50;0;0;50;0;0;0
"https://www.ebi.ac.uk/empiar/EMPIAR-10822/";3;22;13,64;6;27,27;NA;0;1;1;1;0;0;0;0;1;0;0;0;0;0;1;1;0;0;0;0;0;50;100;0;0;50;0;0;50;0;0;0
"https://doi.org/10.6084/m9.figshare.13204370.v1";NA;NA;NA;15;68,18;TRUE;1;1;1;1;1;1;0;1;1;1;1;0;0;0;1;1;0;1;1;0;1;100;100;100;0;100;100;0;50;50;50;50
