"","article","id","eva_score_rda_f1_01d","eva_score_rda_f1_01m","eva_score_rda_f1_02d","eva_score_rda_f1_02m","eva_score_rda_f2_01m","eva_score_rda_f3_01m","eva_score_rda_f4_01m","eva_score_rda_a1_01m","eva_score_rda_a1_02d","eva_score_rda_a1_02m","eva_score_rda_a1_03d","eva_score_rda_a1_03m","eva_score_rda_a1_04d","eva_score_rda_a1_04m","eva_score_rda_a1_05d","eva_score_rda_a1_1_01d","eva_score_rda_a1_1_01m","eva_score_rda_a1_2_01d","eva_score_rda_a2_01m","eva_score_rda_i1_01d","eva_score_rda_i1_01m","eva_score_rda_i1_02d","eva_score_rda_i1_02m","eva_score_rda_i2_01d","eva_score_rda_i2_01m","eva_score_rda_i3_01d","eva_score_rda_i3_01m","eva_score_rda_i3_02d","eva_score_rda_i3_02m","eva_score_rda_i3_03m","eva_score_rda_i3_04m","eva_score_rda_r1_01m","eva_score_rda_r1_1_01m","eva_score_rda_r1_1_02m","eva_score_rda_r1_1_03m","eva_score_rda_r1_2_01m","eva_score_rda_r1_2_02m","eva_score_rda_r1_3_01d","eva_score_rda_r1_3_01m","eva_score_rda_r1_3_02d","eva_score_rda_r1_3_02m","total_score"
"1","10.1093/scan/nsab109","https://osf.io/r7g9q/",0,0,0,0,0,0,0,0,0,0,0,0,0,0,0,0,0,0,50,0,0,0,0,0,0,0,0,0,0,0,0,0,0,0,0,0,0,0,0,0,100,3.66
"2","10.1093/ve/veab030","https://www.ncbi.nlm.nih.gov/nuccore/MW208755",0,0,0,0,0,0,0,0,0,0,100,0,100,0,0,100,0,0,50,100,0,0,0,0,0,0,0,0,0,0,0,0,0,0,0,0,0,100,0,100,100,18.29
"3","10.1093/ve/veab036","https://www.ncbi.nlm.nih.gov/nuccore/MN555567",0,0,0,0,0,0,0,0,0,0,100,0,100,0,0,100,0,0,50,100,0,0,0,0,0,0,0,0,0,0,0,0,0,0,0,0,0,100,0,100,100,18.29
"4","10.1096/fj.202002658RR","https://www.ebi.ac.uk/pride/archive/projects/PXD022350",0,0,0,0,0,0,0,0,0,0,0,0,0,0,0,0,0,0,50,0,0,0,0,0,0,0,0,0,0,0,0,0,0,0,0,0,0,0,0,0,100,3.66
"5","10.1098/rsos.201494","https://osf.io/738yf/",0,0,0,0,0,0,0,0,0,0,0,0,0,0,0,0,0,0,50,0,0,0,0,0,0,0,0,0,0,0,0,0,0,0,0,0,0,0,0,0,100,3.66
"6","10.1098/rsos.210155","https://osf.io/ftb9c/",0,0,0,0,0,0,0,0,0,0,0,0,0,0,0,0,0,0,50,0,0,0,0,0,0,0,0,0,0,0,0,0,0,0,0,0,0,0,0,0,100,3.66
"7","10.1098/rspb.2021.0328","https://doi.org/10.5061/dryad.66t1g1k27",0,0,0,0,0,0,0,0,0,0,0,0,0,0,0,0,0,0,50,100,0,0,0,0,0,0,0,0,0,0,0,0,0,0,0,0,0,100,0,100,100,10.98
"8","10.1098/rspb.2021.0328","https://trace.ncbi.nlm.nih.gov/Traces/sra/?run=SRR12059634",0,0,0,0,0,0,0,0,0,0,0,0,0,0,0,0,0,0,50,0,0,0,0,0,0,0,0,0,0,0,0,0,0,0,0,0,0,0,0,0,100,3.66
"9","10.1098/rsta.2020.0202","https://oar.ptb.de/resources/show/10.7795/710.20201113",0,0,0,0,0,0,0,0,0,0,0,0,0,0,0,0,0,0,50,100,0,0,0,0,0,0,0,0,0,0,0,0,0,0,0,0,0,100,0,100,100,10.98
"10","10.1101/gr.269233.120","https://www.ncbi.nlm.nih.gov/geo/query/acc.cgi?acc=GSE159907",0,0,0,0,0,0,0,0,0,0,100,0,100,0,0,100,0,0,50,100,0,0,0,0,0,0,0,0,0,0,0,0,0,0,0,0,0,100,0,100,100,18.29
"11","10.1111/cge.13977","https://www.ncbi.nlm.nih.gov/nuccore/NM_013275.6?report=fasta&to=9301",0,0,0,0,0,0,0,0,0,0,100,0,100,0,0,100,0,0,50,100,0,0,0,0,0,0,0,0,0,0,0,0,0,0,0,0,0,100,0,100,100,18.29
"12","10.1111/medu.14596","https://osf.io/92swt/?view_only=faec41999e4848ef9535139dfe982c1c",0,0,0,0,0,0,0,0,0,0,0,0,0,0,0,0,0,0,50,0,0,0,0,0,0,0,0,0,0,0,0,0,0,0,0,0,0,0,0,0,100,3.66
"13","10.1111/nan.12741","https://www.ncbi.nlm.nih.gov/geo/query/acc.cgi?acc=GSE168808",0,0,0,0,0,0,0,0,0,0,100,0,100,0,0,100,0,0,50,100,0,0,0,0,0,0,0,0,0,0,0,0,0,0,0,0,0,100,0,100,100,18.29
"14","10.1111/tbed.14266","https://www.ncbi.nlm.nih.gov/nuccore/MW057694",0,0,0,0,0,0,0,0,0,0,100,0,100,0,0,100,0,0,50,100,0,0,0,0,0,0,0,0,0,0,0,0,0,0,0,0,0,100,0,100,100,18.29
"15","10.1111/tbed.14406","https://www.ncbi.nlm.nih.gov/nuccore/MW072297",0,0,0,0,0,0,0,0,0,0,100,0,100,0,0,0,0,0,50,100,0,0,0,0,0,0,0,0,0,0,0,0,0,0,0,0,0,100,0,100,100,15.85
"16","10.1136/bmjopen-2021-053096","https://doi.org/10.5281/zenodo.4669937",0,0,0,0,0,0,0,0,0,0,100,0,100,0,0,100,0,0,50,100,0,0,0,0,0,0,0,0,0,0,0,0,0,0,0,0,0,100,0,100,100,18.29
"17","10.1136/jitc-2020-002226","https://www.ncbi.nlm.nih.gov/geo/query/acc.cgi?acc=GSE175699",0,0,0,0,0,0,0,0,0,0,100,0,100,0,0,100,0,0,50,100,0,0,0,0,0,0,0,0,0,0,0,0,0,0,0,0,0,100,0,100,100,18.29
"18","10.1136/jitc-2021-002844","https://www.ebi.ac.uk/ena/browser/view/PRJEB35507",0,0,0,0,0,0,0,0,0,0,0,0,0,0,0,0,0,0,50,0,0,0,0,0,0,0,0,0,0,0,0,0,0,0,0,0,0,0,0,0,100,3.66
"19","10.1158/0008-5472.CAN-21-1621","https://www.ncbi.nlm.nih.gov/geo/query/acc.cgi?acc=GSE90805",0,0,0,0,0,0,0,0,0,0,100,0,100,0,0,100,0,0,50,100,0,0,0,0,0,0,0,0,0,0,0,0,0,0,0,0,0,100,0,100,100,18.29
"20","10.1158/2159-8290.CD-21-0276","https://www.ncbi.nlm.nih.gov/geo/query/acc.cgi?acc=GSE163579",0,0,0,0,0,0,0,0,0,0,100,0,100,0,0,100,0,0,50,100,0,0,0,0,0,0,0,0,0,0,0,0,0,0,0,0,0,100,0,100,100,18.29
"21","10.1158/2159-8290.CD-21-0276","https://osf.io/bupge/",0,0,0,0,0,0,0,0,0,0,0,0,0,0,0,0,0,0,50,0,0,0,0,0,0,0,0,0,0,0,0,0,0,0,0,0,0,0,0,0,100,3.66
"22","10.1158/2326-6066.CIR-20-0555","https://www.ncbi.nlm.nih.gov/geo/query/acc.cgi?acc=GSE165332",0,0,0,0,0,0,0,0,0,0,100,0,100,0,0,100,0,0,50,100,0,0,0,0,0,0,0,0,0,0,0,0,0,0,0,0,0,100,0,100,100,18.29
"23","10.1158/2643-3230.BCD-19-0059","https://trace.ncbi.nlm.nih.gov/Traces/sra/?run=SRR12801265",0,0,0,0,0,0,0,0,0,0,0,0,0,0,0,0,0,0,50,0,0,0,0,0,0,0,0,0,0,0,0,0,0,0,0,0,0,0,0,0,100,3.66
"24","10.1172/jci.insight.145994","https://trace.ncbi.nlm.nih.gov/Traces/sra/?run=SRR13999246",0,0,0,0,0,0,0,0,0,0,0,0,0,0,0,0,0,0,50,0,0,0,0,0,0,0,0,0,0,0,0,0,0,0,0,0,0,0,0,0,100,3.66
"25","10.1172/jci.insight.150107","https://www.ncbi.nlm.nih.gov/geo/query/acc.cgi?acc=GSE180557",0,0,0,0,0,0,0,0,0,0,100,0,100,0,0,100,0,0,50,100,0,0,0,0,0,0,0,0,0,0,0,0,0,0,0,0,0,100,0,100,100,18.29
"26","10.1172/JCI139076","https://www.ebi.ac.uk/pride/archive/projects/PXD014260",0,0,0,0,0,0,0,0,0,0,0,0,0,0,0,0,0,0,50,0,0,0,0,0,0,0,0,0,0,0,0,0,0,0,0,0,0,0,0,0,100,3.66
"27","10.1182/bloodadvances.2020003230","https://www.ncbi.nlm.nih.gov/geo/query/acc.cgi?acc=GSE158596",0,0,0,0,0,0,0,0,0,0,100,0,100,0,0,100,0,0,50,100,0,0,0,0,0,0,0,0,0,0,0,0,0,0,0,0,0,100,0,100,100,18.29
"28","10.1183/13993003.01470-2021","https://www.ncbi.nlm.nih.gov/geo/query/acc.cgi?acc=GSE168499",0,0,0,0,0,0,0,0,0,0,100,0,100,0,0,100,0,0,50,100,0,0,0,0,0,0,0,0,0,0,0,0,0,0,0,0,0,100,0,100,100,18.29
"29","10.1186/s12879-021-06829-7","https://osf.io/er6b8/",0,0,0,0,0,0,0,0,0,0,0,0,0,0,0,0,0,0,50,0,0,0,0,0,0,0,0,0,0,0,0,0,0,0,0,0,0,0,0,0,100,3.66
"30","10.1186/s12885-021-08186-9","https://doi.org/10.6084/m9.figshare.14524716.v1",0,0,0,0,0,0,0,0,0,0,0,0,0,0,0,0,0,0,50,0,0,0,0,0,0,0,0,0,0,0,0,0,0,0,0,0,0,0,0,0,100,3.66
"31","10.1186/s12887-021-02735-8","https://osf.io/xwnr3/",0,0,0,0,0,0,0,0,0,0,0,0,0,0,0,0,0,0,50,0,0,0,0,0,0,0,0,0,0,0,0,0,0,0,0,0,0,0,0,0,100,3.66
"32","10.1186/s12903-021-01911-7","https://doi.org/10.5281/zenodo.5159386",0,0,0,0,0,0,0,0,0,0,100,0,100,0,0,100,0,0,50,100,0,0,0,0,0,0,0,0,0,0,0,0,0,0,0,0,0,100,0,100,100,18.29
"33","10.1186/s12967-021-02774-w","https://doi.org/10.6084/m9.figshare.14450727.v1",0,0,0,0,0,0,0,0,0,0,0,0,0,0,0,0,0,0,50,0,0,0,0,0,0,0,0,0,0,0,0,0,0,0,0,0,0,0,0,0,100,3.66
"34","10.1186/s12983-021-00437-6","https://doi.org/10.17605/OSF.IO/AKRH9",0,0,0,0,0,0,0,0,0,0,0,0,0,0,0,0,0,0,50,0,0,0,0,0,0,0,0,0,0,0,0,0,0,0,0,0,0,0,0,0,100,3.66
"35","10.1186/s13024-021-00498-5","https://www.ncbi.nlm.nih.gov/geo/query/acc.cgi?acc=GSE165263",0,0,0,0,0,0,0,0,0,0,100,0,100,0,0,100,0,0,50,100,0,0,0,0,0,0,0,0,0,0,0,0,0,0,0,0,0,100,0,100,100,18.29
"36","10.1186/s13073-021-00926-7","https://trace.ncbi.nlm.nih.gov/Traces/sra/?run=SRR10743233",0,0,0,0,0,0,0,0,0,0,0,0,0,0,0,0,0,0,50,0,0,0,0,0,0,0,0,0,0,0,0,0,0,0,0,0,0,0,0,0,100,3.66
"37","10.1186/s13073-021-00926-7","https://www.ncbi.nlm.nih.gov/geo/query/acc.cgi?acc=GSE141861",0,0,0,0,0,0,0,0,0,0,100,0,100,0,0,100,0,0,50,100,0,0,0,0,0,0,0,0,0,0,0,0,0,0,0,0,0,100,0,100,100,18.29
"38","10.1186/s13099-021-00437-1","https://figshare.com/articles/dataset/Additional_file_1_of_The_glycosyltransferase_ST3GAL2_is_regulated_by_miR-615-3p_in_the_intestinal_tract_of_Campylobacter_jejuni_infected_mice/14870435",0,0,0,0,0,0,0,0,0,0,0,0,0,0,0,0,0,0,50,0,0,0,0,0,0,0,0,0,0,0,0,0,0,0,0,0,0,0,0,0,100,3.66
"39","10.1186/s13148-021-01176-5","https://www.ncbi.nlm.nih.gov/geo/query/acc.cgi?acc=GSE163521",0,0,0,0,0,0,0,0,0,0,100,0,100,0,0,100,0,0,50,100,0,0,0,0,0,0,0,0,0,0,0,0,0,0,0,0,0,100,0,100,100,18.29
"40","10.1186/s13148-021-01190-7","https://figshare.com/articles/dataset/Additional_file_1_of_Epigenetic_adaptations_of_the_masticatory_mucosa_to_periodontal_inflammation/16928628",0,0,0,0,0,0,0,0,0,0,0,0,0,0,0,0,0,0,50,0,0,0,0,0,0,0,0,0,0,0,0,0,0,0,0,0,0,0,0,0,100,3.66
"41","10.1186/s13256-021-03164-y","https://www.ncbi.nlm.nih.gov/nuccore/MT107888",0,0,0,0,0,0,0,0,0,0,100,0,100,0,0,100,0,0,50,100,0,0,0,0,0,0,0,0,0,0,0,0,0,0,0,0,0,100,0,100,100,18.29
"42","10.1186/s13321-021-00511-5","https://github.com/volkamerlab/cptox21_manuscript_SI/tree/master/data/data_signatures",0,0,0,0,0,0,0,0,0,0,0,0,0,0,0,0,0,0,50,0,0,0,0,0,0,0,0,0,0,0,0,0,0,0,0,0,0,0,0,0,100,3.66
"43","10.1186/s40168-020-00992-w","https://www.ebi.ac.uk/ena/browser/view/PRJEB39814?show=reads",0,0,0,0,0,0,0,0,0,0,0,0,0,0,0,0,0,0,50,0,0,0,0,0,0,0,0,0,0,0,0,0,0,0,0,0,0,0,0,0,100,3.66
"44","10.1186/s40168-021-01109-7","https://trace.ncbi.nlm.nih.gov/Traces/sra/?run=SRR12921007",0,0,0,0,0,0,0,0,0,0,0,0,0,0,0,0,0,0,50,0,0,0,0,0,0,0,0,0,0,0,0,0,0,0,0,0,0,0,0,0,100,3.66
"45","10.1242/dev.199307","https://www.ebi.ac.uk/ena/browser/view/PRJEB46911?show=reads",0,0,0,0,0,0,0,0,0,0,0,0,0,0,0,0,0,0,50,0,0,0,0,0,0,0,0,0,0,0,0,0,0,0,0,0,0,0,0,0,100,3.66
"46","10.12688/wellcomeopenres.16893.2","https://osf.io/zy7vs",0,0,0,0,0,0,0,0,0,0,0,0,0,0,0,0,0,0,50,0,0,0,0,0,0,0,0,0,0,0,0,0,0,0,0,0,0,0,0,0,100,3.66
"47","10.1371/journal.pbio.3001009","https://doi.org/10.6084/m9.figshare.14527317.v4",0,0,0,0,0,0,0,0,0,0,0,0,0,0,0,0,0,0,50,0,0,0,0,0,0,0,0,0,0,0,0,0,0,0,0,0,0,0,0,0,100,3.66
"48","10.1371/journal.pbio.3001107","https://osf.io/7xc23/",0,0,0,0,0,0,0,0,0,0,0,0,0,0,0,0,0,0,50,0,0,0,0,0,0,0,0,0,0,0,0,0,0,0,0,0,0,0,0,0,100,3.66
"49","10.1371/journal.pbio.3001149","https://doi.org/10.5281/zenodo.4498214",0,0,0,0,0,0,0,0,0,0,100,0,100,0,0,100,0,0,50,100,0,0,0,0,0,0,0,0,0,0,0,0,0,0,0,0,0,100,0,100,100,18.29
"50","10.1371/journal.pbio.3001161","https://doi.org/10.17605/OSF.IO/B5296",0,0,0,0,0,0,0,0,0,0,0,0,0,0,0,0,0,0,50,0,0,0,0,0,0,0,0,0,0,0,0,0,0,0,0,0,0,0,0,0,100,3.66
"51","10.1371/journal.pbio.3001177","https://doi.org/10.17605/OSF.IO/W3JUH",0,0,0,0,0,0,0,0,0,0,0,0,0,0,0,0,0,0,50,0,0,0,0,0,0,0,0,0,0,0,0,0,0,0,0,0,0,0,0,0,100,3.66
"52","10.1371/journal.pbio.3001177","https://figshare.com/articles/dataset/Reporting_assessments_for_sample_of_110_preclinical_systematic_reviews_/14543924",0,0,0,0,0,0,0,0,0,0,0,0,0,0,0,0,0,0,50,0,0,0,0,0,0,0,0,0,0,0,0,0,0,0,0,0,0,0,0,0,100,3.66
"53","10.1371/journal.pbio.3001384","https://figshare.com/articles/dataset/This_file_contains_all_raw_data_underlying_the_figures_/17226515",0,0,0,0,0,0,0,0,0,0,0,0,0,0,0,0,0,0,50,0,0,0,0,0,0,0,0,0,0,0,0,0,0,0,0,0,0,0,0,0,100,3.66
"54","10.1371/journal.pbio.3001468","https://figshare.com/articles/dataset/Numerical_values_underlying_summary_data_displayed_in_figures_/17123529",0,0,0,0,0,0,0,0,0,0,0,0,0,0,0,0,0,0,50,100,0,0,0,0,0,0,0,0,0,0,0,0,0,0,0,0,0,100,0,100,100,10.98
"55","10.1371/journal.pcbi.1008630","https://dx.doi.org/10.5281/zenodo.4064148",0,0,0,0,0,0,0,0,0,0,100,0,100,0,0,100,0,0,50,100,0,0,0,0,0,0,0,0,0,0,0,0,0,0,0,0,0,100,0,100,100,18.29
"56","10.1371/journal.pcbi.1009515","https://www.ebi.ac.uk/ena/browser/view/PRJEB40670?show=reads",0,0,0,0,0,0,0,0,0,0,0,0,0,0,0,0,0,0,50,0,0,0,0,0,0,0,0,0,0,0,0,0,0,0,0,0,0,0,0,0,100,3.66
"57","10.1371/journal.pcbi.1009515","https://itbgit.biologie.hu-berlin.de/dorel/phosphoproteomics_tnb_perturbations/-/blob/master/210113.proteinGroups.filteredNormalz.txt?expanded=true&viewer=simple",0,0,0,0,0,0,0,0,0,0,0,0,0,0,0,0,0,0,50,100,0,0,0,0,0,0,0,0,0,0,0,0,0,0,0,0,0,100,0,100,100,10.98
"58","10.1371/journal.pgen.1009201","https://figshare.com/articles/dataset/All_somatic_SNVs_and_small_insertions_deletions_indels_detected_in_the_study_/13513223",0,0,0,0,0,0,0,0,0,0,0,0,0,0,0,0,0,0,50,0,0,0,0,0,0,0,0,0,0,0,0,0,0,0,0,0,0,0,0,0,100,3.66
"59","10.1371/journal.pgen.1009308","https://figshare.com/articles/dataset/NSC23766_treatment_of_wild_type_mouse_sperm_/13714335",0,0,0,0,0,0,0,0,0,0,0,0,0,0,0,0,0,0,50,0,0,0,0,0,0,0,0,0,0,0,0,0,0,0,0,0,0,0,0,0,100,3.66
"60","10.1371/journal.pgen.1009619","https://figshare.com/articles/dataset/Raw_data_of_the_lipidomics_experiments_including_sample_identifiers_/14831532",0,0,0,0,0,0,0,0,0,0,0,0,0,0,0,0,0,0,50,0,0,0,0,0,0,0,0,0,0,0,0,0,0,0,0,0,0,0,0,0,100,3.66
"61","10.1371/journal.pgen.1009679","https://figshare.com/articles/dataset/Sources_of_the_CNV-case_cohorts_used_in_this_study_/15077835",0,0,0,0,0,0,0,0,0,0,0,0,0,0,0,0,0,0,50,0,0,0,0,0,0,0,0,0,0,0,0,0,0,0,0,0,0,0,0,0,100,3.66
"62","10.1371/journal.pmed.1003750","https://figshare.com/articles/journal_contribution/Data_basis_for_meta-analyses_and_meta-regression_analyses_/16415146",0,0,0,0,0,0,0,0,0,0,0,0,0,0,0,0,0,0,50,0,0,0,0,0,0,0,0,0,0,0,0,0,0,0,0,0,0,0,0,0,100,3.66
"63","10.1371/journal.pntd.0009277","https://figshare.com/articles/dataset/Data_table_depicting_overall_typing_results_/14311834",0,0,0,0,0,0,0,0,0,0,0,0,0,0,0,0,0,0,50,0,0,0,0,0,0,0,0,0,0,0,0,0,0,0,0,0,0,0,0,0,100,3.66
"64","10.1371/journal.pntd.0009311","https://www.ncbi.nlm.nih.gov/nuccore/MW383507",0,0,0,0,0,0,0,0,0,0,100,0,100,0,0,100,0,0,50,100,0,0,0,0,0,0,0,0,0,0,0,0,0,0,0,0,0,100,0,100,100,18.29
"65","10.1371/journal.pntd.0009863","https://figshare.com/articles/dataset/Dataset_1_/16806162",0,0,0,0,0,0,0,0,0,0,0,0,0,0,0,0,0,0,50,0,0,0,0,0,0,0,0,0,0,0,0,0,0,0,0,0,0,0,0,0,100,3.66
"66","10.1371/journal.pone.0245143","https://doi.org/10.5281/zenodo.4049178",0,0,0,0,0,0,0,0,0,0,100,0,100,0,0,100,0,0,50,100,0,0,0,0,0,0,0,0,0,0,0,0,0,0,0,0,0,100,0,100,100,18.29
"67","10.1371/journal.pone.0245880","https://figshare.com/articles/dataset/Tacrolimus_PK_model_dataset_/13630924",0,0,0,0,0,0,0,0,0,0,0,0,0,0,0,0,0,0,50,0,0,0,0,0,0,0,0,0,0,0,0,0,0,0,0,0,0,0,0,0,100,3.66
"68","10.1371/journal.pone.0246819","https://figshare.com/articles/dataset/Raw_data_/13866240",0,0,0,0,0,0,0,0,0,0,0,0,0,0,0,0,0,0,50,0,0,0,0,0,0,0,0,0,0,0,0,0,0,0,0,0,0,0,0,0,100,3.66
"69","10.1371/journal.pone.0246956","https://figshare.com/articles/dataset/S1_Data_-/14041848",0,0,0,0,0,0,0,0,0,0,0,0,0,0,0,0,0,0,50,0,0,0,0,0,0,0,0,0,0,0,0,0,0,0,0,0,0,0,0,0,100,3.66
"70","10.1371/journal.pone.0247738","https://www.ncbi.nlm.nih.gov/geo/query/acc.cgi?acc=GSE166400",0,0,0,0,0,0,0,0,0,0,100,0,100,0,0,100,0,0,50,100,0,0,0,0,0,0,0,0,0,0,0,0,0,0,0,0,0,100,0,100,100,18.29
"71","10.1371/journal.pone.0247796","https://figshare.com/articles/dataset/S1_Data_-/14162457",0,0,0,0,0,0,0,0,0,0,0,0,0,0,0,0,0,0,50,0,0,0,0,0,0,0,0,0,0,0,0,0,0,0,0,0,0,0,0,0,100,3.66
"72","10.1371/journal.pone.0247918","https://doi.org/10.11588/data/FSPQL4",0,0,0,0,0,0,0,0,0,0,0,0,0,0,0,0,0,0,50,100,0,0,0,0,0,0,0,0,0,0,0,0,0,0,0,0,0,100,0,100,100,10.98
"73","10.1371/journal.pone.0248107","https://osf.io/t3mcj/",0,0,0,0,0,0,0,0,0,0,0,0,0,0,0,0,0,0,50,0,0,0,0,0,0,0,0,0,0,0,0,0,0,0,0,0,0,0,0,0,100,3.66
"74","10.1371/journal.pone.0249069","https://figshare.com/articles/dataset/S1_Dataset_-/14409535",0,0,0,0,0,0,0,0,0,0,0,0,0,0,0,0,0,0,50,0,0,0,0,0,0,0,0,0,0,0,0,0,0,0,0,0,0,0,0,0,100,3.66
"75","10.1371/journal.pone.0249813","https://doi.org/10.5281/zenodo.4135394",0,0,0,0,0,0,0,0,0,0,100,0,100,0,0,100,0,0,50,100,0,0,0,0,0,0,0,0,0,0,0,0,0,0,0,0,0,100,0,100,100,18.29
"76","10.1371/journal.pone.0249837","https://figshare.com/articles/dataset/Raw_data_of_all_MRSA_outbreak_reports_included_/14383401",0,0,0,0,0,0,0,0,0,0,0,0,0,0,0,0,0,0,50,0,0,0,0,0,0,0,0,0,0,0,0,0,0,0,0,0,0,0,0,0,100,3.66
"77","10.1371/journal.pone.0250362","https://figshare.com/articles/dataset/Raw_data_1_/14549776",0,0,0,0,0,0,0,0,0,0,0,0,0,0,0,0,0,0,50,0,0,0,0,0,0,0,0,0,0,0,0,0,0,0,0,0,0,0,0,0,100,3.66
"78","10.1371/journal.pone.0251544","https://doi.org/10.5281/zenodo.3718578",0,0,0,0,0,0,0,0,0,0,100,0,100,0,0,100,0,0,50,100,0,0,0,0,0,0,0,0,0,0,0,0,0,0,0,0,0,100,0,100,100,18.29
"79","10.1371/journal.pone.0253762","https://figshare.com/articles/dataset/S1_Dataset_-/14976465",0,0,0,0,0,0,0,0,0,0,0,0,0,0,0,0,0,0,50,0,0,0,0,0,0,0,0,0,0,0,0,0,0,0,0,0,0,0,0,0,100,3.66
"80","10.1371/journal.pone.0253779","https://figshare.com/articles/dataset/Supplementary_study_data_/14894303",0,0,0,0,0,0,0,0,0,0,0,0,0,0,0,0,0,0,50,0,0,0,0,0,0,0,0,0,0,0,0,0,0,0,0,0,0,0,0,0,100,3.66
"81","10.1371/journal.pone.0255490","https://doi.org/10.6084/m9.figshare.13251428",0,0,0,0,0,0,0,0,0,0,0,0,0,0,0,0,0,0,50,0,0,0,0,0,0,0,0,0,0,0,0,0,0,0,0,0,0,0,0,0,100,3.66
"82","10.1371/journal.pone.0255800","http://dx.doi.org/10.25532/OPARA-120",0,0,0,0,0,0,0,0,0,0,0,0,0,0,0,0,0,0,50,100,0,0,0,0,0,0,0,0,0,0,0,0,0,0,0,0,0,100,0,100,100,10.98
"83","10.1371/journal.pone.0255800","https://osf.io/bdsqv/",0,0,0,0,0,0,0,0,0,0,0,0,0,0,0,0,0,0,50,0,0,0,0,0,0,0,0,0,0,0,0,0,0,0,0,0,0,0,0,0,100,3.66
"84","10.1371/journal.pone.0257183","https://figshare.com/articles/dataset/S1_Dataset_-/16602615",0,0,0,0,0,0,0,0,0,0,0,0,0,0,0,0,0,0,50,0,0,0,0,0,0,0,0,0,0,0,0,0,0,0,0,0,0,0,0,0,100,3.66
"85","10.1371/journal.pone.0257571","https://figshare.com/articles/dataset/S1_Dataset_-/16662303",0,0,0,0,0,0,0,0,0,0,0,0,0,0,0,0,0,0,50,100,0,0,0,0,0,0,0,0,0,0,0,0,0,0,0,0,0,100,0,100,100,10.98
"86","10.1371/journal.pone.0258240","https://doi.org/10.6084/m9.figshare.16680565.v2",0,0,0,0,0,0,0,0,0,0,0,0,0,0,0,0,0,0,50,0,0,0,0,0,0,0,0,0,0,0,0,0,0,0,0,0,0,0,0,0,100,3.66
"87","10.1371/journal.pone.0258958","https://figshare.com/articles/dataset/Dataset_for_60_pats_CPI_/16925496",0,0,0,0,0,0,0,0,0,0,0,0,0,0,0,0,0,0,50,100,0,0,0,0,0,0,0,0,0,0,0,0,0,0,0,0,0,100,0,100,100,10.98
"88","10.1371/journal.pone.0259185","https://figshare.com/articles/dataset/Somatic_variants_of_candidate_driver_genes_in_MSH3-deficient_adenomas_/17094902",0,0,0,0,0,0,0,0,0,0,0,0,0,0,0,0,0,0,50,0,0,0,0,0,0,0,0,0,0,0,0,0,0,0,0,0,0,0,0,0,100,3.66
"89","10.1371/journal.ppat.1009675","https://www.ncbi.nlm.nih.gov/nuccore/MT776952",0,0,0,0,0,0,0,0,0,0,100,0,100,0,0,100,0,0,50,100,0,0,0,0,0,0,0,0,0,0,0,0,0,0,0,0,0,100,0,100,100,18.29
"90","10.1371/journal.ppat.1009675","https://trace.ncbi.nlm.nih.gov/Traces/sra/?run=SRR9891693",0,0,0,0,0,0,0,0,0,0,0,0,0,0,0,0,0,0,50,0,0,0,0,0,0,0,0,0,0,0,0,0,0,0,0,0,0,0,0,0,100,3.66
"91","10.1371/journal.ppat.1009775","https://www.wwpdb.org/pdb?id=pdb_00006zue",0,0,0,0,0,0,0,0,0,0,100,0,100,0,0,100,0,0,50,100,0,0,0,0,0,0,0,0,0,0,0,0,0,0,0,0,0,100,0,100,100,18.29
"92","10.1371/journal.ppat.1009775","https://www.ebi.ac.uk/emdb/EMD-10611",0,0,0,0,0,0,0,0,0,0,100,0,100,0,0,100,0,0,50,100,0,0,0,0,0,0,0,0,0,0,0,0,0,0,0,0,0,100,0,100,100,18.29
"93","10.1371/journal.ppat.1009775","https://www.ebi.ac.uk/pride/archive/projects/PXD020453",0,0,0,0,0,0,0,0,0,0,0,0,0,0,0,0,0,0,50,0,0,0,0,0,0,0,0,0,0,0,0,0,0,0,0,0,0,0,0,0,100,3.66
"94","10.15252/embj.2020105123","https://www.ncbi.nlm.nih.gov/geo/query/acc.cgi?acc=GSE160845",0,0,0,0,0,0,0,0,0,0,100,0,100,0,0,100,0,0,50,100,0,0,0,0,0,0,0,0,0,0,0,0,0,0,0,0,0,100,0,100,100,18.29
"95","10.15252/embj.2020106094","https://www.ebi.ac.uk/pride/archive/projects/PXD018651",0,0,0,0,0,0,0,0,0,0,0,0,0,0,0,0,0,0,50,0,0,0,0,0,0,0,0,0,0,0,0,0,0,0,0,0,0,0,0,0,100,3.66
"96","10.15252/embj.2020107238","https://www.metabolomicsworkbench.org/data/DRCCMetadata.php?Mode=Study&StudyID=ST001673",0,0,0,0,0,0,0,0,0,0,0,0,0,0,0,0,0,0,50,0,0,0,0,0,0,0,0,0,0,0,0,0,0,0,0,0,0,0,0,0,100,3.66
"97","10.15252/emmm.202013074","https://www.ebi.ac.uk/pride/archive/projects/PXD020175",0,0,0,0,0,0,0,0,0,0,0,0,0,0,0,0,0,0,50,0,0,0,0,0,0,0,0,0,0,0,0,0,0,0,0,0,0,0,0,0,100,3.66
"98","10.15252/emmm.202013191","https://www.ncbi.nlm.nih.gov/geo/query/acc.cgi?acc=GSE156544",0,0,0,0,0,0,0,0,0,0,100,0,100,0,0,100,0,0,50,100,0,0,0,0,0,0,0,0,0,0,0,0,0,0,0,0,0,100,0,100,100,18.29
"99","10.15252/emmm.202013659","https://www.ncbi.nlm.nih.gov/geo/query/acc.cgi?acc=GSE153105",0,0,0,0,0,0,0,0,0,0,100,0,100,0,0,100,0,0,50,100,0,0,0,0,0,0,0,0,0,0,0,0,0,0,0,0,0,100,0,100,100,18.29
"100","10.15252/emmm.202114123","https://www.ncbi.nlm.nih.gov/geo/query/acc.cgi?acc=GSE166555",0,0,0,0,0,0,0,0,0,0,100,0,100,0,0,100,0,0,50,100,0,0,0,0,0,0,0,0,0,0,0,0,0,0,0,0,0,100,0,100,100,18.29
"101","10.15252/emmm.202114123","https://github.com/molsysbio/sccrc/tree/master/_data",0,0,0,0,0,0,0,0,0,0,0,0,0,0,0,0,0,0,50,0,0,0,0,0,0,0,0,0,0,0,0,0,0,0,0,0,0,0,0,0,100,3.66
"102","10.1681/ASN.2020040490","https://www.ncbi.nlm.nih.gov/geo/query/acc.cgi?acc=GSE159978",0,0,0,0,0,0,0,0,0,0,100,0,100,0,0,100,0,0,50,100,0,0,0,0,0,0,0,0,0,0,0,0,0,0,0,0,0,100,0,100,100,18.29
"103","10.1681/ASN.2020101528","https://doi.org/10.5281/zenodo.4434363",0,0,0,0,0,0,0,0,0,0,100,0,100,0,0,100,0,0,50,100,0,0,0,0,0,0,0,0,0,0,0,0,0,0,0,0,0,100,0,100,100,18.29
"104","10.26508/lsa.202001002","https://www.ncbi.nlm.nih.gov/geo/query/acc.cgi?acc=GSE153894",0,0,0,0,0,0,0,0,0,0,100,0,100,0,0,100,0,0,50,100,0,0,0,0,0,0,0,0,0,0,0,0,0,0,0,0,0,100,0,100,100,18.29
"105","10.26508/lsa.202101099","https://www.ebi.ac.uk/pride/archive/projects/PXD024707",0,0,0,0,0,0,0,0,0,0,0,0,0,0,0,0,0,0,50,0,0,0,0,0,0,0,0,0,0,0,0,0,0,0,0,0,0,0,0,0,100,3.66
"106","10.3389/fbioe.2021.724791","https://doi.org/10.6084/m9.figshare.14778417",0,0,0,0,0,0,0,0,0,0,0,0,0,0,0,0,0,0,50,0,0,0,0,0,0,0,0,0,0,0,0,0,0,0,0,0,0,0,0,0,100,3.66
"107","10.3389/fcell.2021.751590","https://www.ncbi.nlm.nih.gov/geo/query/acc.cgi?acc=GSE185854",0,0,0,0,0,0,0,0,0,0,100,0,100,0,0,100,0,0,50,100,0,0,0,0,0,0,0,0,0,0,0,0,0,0,0,0,0,100,0,100,100,18.29
"108","10.3389/fcimb.2021.622735","https://trace.ncbi.nlm.nih.gov/Traces/sra/?run=SRR11498174",0,0,0,0,0,0,0,0,0,0,0,0,0,0,0,0,0,0,50,0,0,0,0,0,0,0,0,0,0,0,0,0,0,0,0,0,0,0,0,0,100,3.66
"109","10.3389/fgene.2020.562434","https://www.ncbi.nlm.nih.gov/geo/query/acc.cgi?acc=GSE146284",0,0,0,0,0,0,0,0,0,0,100,0,100,0,0,100,0,0,50,100,0,0,0,0,0,0,0,0,0,0,0,0,0,0,0,0,0,100,0,100,100,18.29
"110","10.3389/fgene.2021.664654","https://github.com/hdsu-bioquant/irene-data",0,0,0,0,0,0,0,0,0,0,0,0,0,0,0,0,0,0,50,100,0,0,0,0,0,0,0,0,0,0,0,0,0,0,0,0,0,100,0,100,100,10.98
"111","10.3389/fgene.2021.751033","https://figshare.com/articles/dataset/DataSheet1_A_Systematic_Review_of_Transcriptional_Dysregulation_in_Huntington_s_Disease_Studied_by_RNA_Sequencing_XLSX/16816798?backTo=/collections/A_Systematic_Review_of_Transcriptional_Dysregulation_in_Huntington_s_Disease_Studied_by_RNA_Sequencing/5663986",0,0,0,0,0,0,0,0,0,0,0,0,0,0,0,0,0,0,50,0,0,0,0,0,0,0,0,0,0,0,0,0,0,0,0,0,0,0,0,0,100,3.66
"112","10.3389/fimmu.2020.569006","https://trace.ncbi.nlm.nih.gov/Traces/sra/?run=SRR12678969",0,0,0,0,0,0,0,0,0,0,0,0,0,0,0,0,0,0,50,0,0,0,0,0,0,0,0,0,0,0,0,0,0,0,0,0,0,0,0,0,100,3.66
"113","10.3389/fimmu.2020.569006","https://figshare.com/articles/dataset/Table_2_Evidence_of_B_Cell_Clonality_and_Investigation_Into_Properties_of_the_IgM_in_Patients_With_Schnitzler_Syndrome_xlsx/13324736?backTo=/collections/Evidence_of_B_Cell_Clonality_and_Investigation_Into_Properties_of_the_IgM_in_Patients_With_Schnitzler_Syndrome/5227352",0,0,0,0,0,0,0,0,0,0,0,0,0,0,0,0,0,0,50,0,0,0,0,0,0,0,0,0,0,0,0,0,0,0,0,0,0,0,0,0,100,3.66
"114","10.3389/fimmu.2020.606338","https://trace.ncbi.nlm.nih.gov/Traces/sra/?run=SRR13009845",0,0,0,0,0,0,0,0,0,0,0,0,0,0,0,0,0,0,50,0,0,0,0,0,0,0,0,0,0,0,0,0,0,0,0,0,0,0,0,0,100,3.66
"115","10.3389/fimmu.2020.613496","https://www.ncbi.nlm.nih.gov/geo/query/acc.cgi?acc=GSE124719",0,0,0,0,0,0,0,0,0,0,100,0,100,0,0,100,0,0,50,100,0,0,0,0,0,0,0,0,0,0,0,0,0,0,0,0,0,100,0,100,100,18.29
"116","10.3389/fimmu.2021.603649","https://figshare.com/articles/dataset/Table_1_Modulation_of_Liver_Inflammation_and_Fibrosis_by_Interleukin-37_XLSX/14160740?backTo=/collections/Modulation_of_Liver_Inflammation_and_Fibrosis_by_Interleukin-37/5326814",0,0,0,0,0,0,0,0,0,0,0,0,0,0,0,0,0,0,50,0,0,0,0,0,0,0,0,0,0,0,0,0,0,0,0,0,0,0,0,0,100,3.66
"117","10.3389/fimmu.2021.775412","https://www.ncbi.nlm.nih.gov/geo/query/acc.cgi?acc=GSE182644",0,0,0,0,0,0,0,0,0,0,100,0,100,0,0,100,0,0,50,100,0,0,0,0,0,0,0,0,0,0,0,0,0,0,0,0,0,100,0,100,100,18.29
"118","10.3389/fmed.2021.664045","https://www.ebi.ac.uk/arrayexpress/experiments/E-MTAB-9850/",0,0,0,0,0,0,0,0,0,0,0,0,0,0,0,0,0,0,50,0,0,0,0,0,0,0,0,0,0,0,0,0,0,0,0,0,0,0,0,0,100,3.66
"119","10.3389/fmicb.2021.662575","https://www.ebi.ac.uk/ena/browser/view/PRJEB42795?show=reads",0,0,0,0,0,0,0,0,0,0,0,0,0,0,0,0,0,0,50,0,0,0,0,0,0,0,0,0,0,0,0,0,0,0,0,0,0,0,0,0,100,3.66
"120","10.3389/fmicb.2021.746795","https://www.ebi.ac.uk/pride/archive/projects/PXD024375",0,0,0,0,0,0,0,0,0,0,0,0,0,0,0,0,0,0,50,0,0,0,0,0,0,0,0,0,0,0,0,0,0,0,0,0,0,0,0,0,100,3.66
"121","10.3389/fmicb.2021.746795","https://figshare.com/articles/dataset/Data_Sheet_1_The_Effect_of_Allicin_on_the_Proteome_of_SARS-CoV-2_Infected_Calu-3_Cells_XLSX/16894696?backTo=/collections/The_Effect_of_Allicin_on_the_Proteome_of_SARS-CoV-2_Infected_Calu-3_Cells/5682514",0,0,0,0,0,0,0,0,0,0,0,0,0,0,0,0,0,0,50,0,0,0,0,0,0,0,0,0,0,0,0,0,0,0,0,0,0,0,0,0,100,3.66
"122","10.3389/fmolb.2021.673044","https://www.ebi.ac.uk/pride/archive/projects/PXD023740/",0,0,0,0,0,0,0,0,0,0,0,0,0,0,0,0,0,0,50,0,0,0,0,0,0,0,0,0,0,0,0,0,0,0,0,0,0,0,0,0,100,3.66
"123","10.3389/fmolb.2021.673044","https://figshare.com/articles/dataset/Table1_Altered_Glycosylation_in_the_Aging_Heart_XLSX/14694453?backTo=/collections/Altered_Glycosylation_in_the_Aging_Heart/5442648",0,0,0,0,0,0,0,0,0,0,0,0,0,0,0,0,0,0,50,0,0,0,0,0,0,0,0,0,0,0,0,0,0,0,0,0,0,0,0,0,100,3.66
"124","10.3389/fonc.2021.647737","https://www.ncbi.nlm.nih.gov/geo/query/acc.cgi?acc=GSE155945",0,0,0,0,0,0,0,0,0,0,100,0,100,0,0,100,0,0,50,100,0,0,0,0,0,0,0,0,0,0,0,0,0,0,0,0,0,100,0,100,100,18.29
"125","10.3389/fonc.2021.684713","http://doi.org/10.5281/zenodo.4362503",0,0,0,0,0,0,0,0,0,0,100,0,100,0,0,100,0,0,50,100,0,0,0,0,0,0,0,0,0,0,0,0,0,0,0,0,0,100,0,100,100,18.29
"126","10.3389/fphar.2021.640572","https://www.ncbi.nlm.nih.gov/geo/query/acc.cgi?acc=GSE88710",0,0,0,0,0,0,0,0,0,0,100,0,100,0,0,100,0,0,50,100,0,0,0,0,0,0,0,0,0,0,0,0,0,0,0,0,0,100,0,100,100,18.29
"127","10.3389/fphys.2021.638669","https://figshare.com/articles/dataset/EEG_resting_state_power_before_during_and_after_60_days_of_bed_rest/12148359?file=25963484",0,0,0,0,0,0,0,0,0,0,0,0,0,0,0,0,0,0,50,0,0,0,0,0,0,0,0,0,0,0,0,0,0,0,0,0,0,0,0,0,100,3.66
"128","10.3389/fphys.2021.658707","http://doi.org/10.6084/m9.figshare.13633790",0,0,0,0,0,0,0,0,0,0,0,0,0,0,0,0,0,0,50,0,0,0,0,0,0,0,0,0,0,0,0,0,0,0,0,0,0,0,0,0,100,3.66
"129","10.3389/fphys.2021.749709","https://figshare.com/articles/dataset/raw_data_of_Aging_Affects_KV7_Channels_and_Perivascular_Adipose_Tissue-Mediated_Vascular_Tone/16920589",0,0,0,0,0,0,0,0,0,0,0,0,0,0,0,0,0,0,50,0,0,0,0,0,0,0,0,0,0,0,0,0,0,0,0,0,0,0,0,0,100,3.66
"130","10.3389/fpsyg.2021.581681","https://osf.io/e8tg5/",0,0,0,0,0,0,0,0,0,0,0,0,0,0,0,0,0,0,50,0,0,0,0,0,0,0,0,0,0,0,0,0,0,0,0,0,0,0,0,0,100,3.66
"131","10.3389/fpsyg.2021.672301","https://osf.io/qgntp/",0,0,0,0,0,0,0,0,0,0,0,0,0,0,0,0,0,0,50,0,0,0,0,0,0,0,0,0,0,0,0,0,0,0,0,0,0,0,0,0,100,3.66
"132","10.1093/bioinformatics/btab238","https://data.4dnucleome.org/files-processed/4DNFIJRX16EK/#file-overview",0,0,0,0,0,0,0,0,0,0,0,0,0,0,0,0,0,0,50,100,0,0,0,0,0,0,0,0,0,0,0,0,0,0,0,0,0,100,0,100,100,10.98
"133","10.3390/biomedicines9070819","https://www.ebi.ac.uk/ena/browser/view/PRJEB44908?show=reads",0,0,0,0,0,0,0,0,0,0,0,0,0,0,0,0,0,0,50,0,0,0,0,0,0,0,0,0,0,0,0,0,0,0,0,0,0,0,0,0,100,3.66
"134","10.3390/biomedicines9070819","https://trace.ncbi.nlm.nih.gov/Traces/sra/?run=ERR5917174",0,0,0,0,0,0,0,0,0,0,0,0,0,0,0,0,0,0,50,0,0,0,0,0,0,0,0,0,0,0,0,0,0,0,0,0,0,0,0,0,100,3.66
"135","10.3390/cancers13051097","https://www.ebi.ac.uk/pride/archive/projects/PXD018230",0,0,0,0,0,0,0,0,0,0,0,0,0,0,0,0,0,0,50,0,0,0,0,0,0,0,0,0,0,0,0,0,0,0,0,0,0,0,0,0,100,3.66
"136","10.3390/cancers13225680","https://www.ncbi.nlm.nih.gov/geo/query/acc.cgi?acc=GSE111079",0,0,0,0,0,0,0,0,0,0,100,0,100,0,0,100,0,0,50,100,0,0,0,0,0,0,0,0,0,0,0,0,0,0,0,0,0,100,0,100,100,18.29
"137","10.3390/cancers13235978","https://www.ebi.ac.uk/arrayexpress/experiments/E-MTAB-9701/",0,0,0,0,0,0,0,0,0,0,0,0,0,0,0,0,0,0,50,0,0,0,0,0,0,0,0,0,0,0,0,0,0,0,0,0,0,0,0,0,100,3.66
"138","10.3390/cells10123293","https://www.ncbi.nlm.nih.gov/geo/query/acc.cgi?acc=GSE178468",0,0,0,0,0,0,0,0,0,0,100,0,100,0,0,100,0,0,50,100,0,0,0,0,0,0,0,0,0,0,0,0,0,0,0,0,0,100,0,100,100,18.29
"139","10.3390/genes12081236","https://www.ncbi.nlm.nih.gov/nuccore/MZ474965.1",0,0,0,0,0,0,0,0,0,0,100,0,100,0,0,100,0,0,50,100,0,0,0,0,0,0,0,0,0,0,0,0,0,0,0,0,0,100,0,100,100,18.29
"140","10.3390/genes12081236","https://www.ncbi.nlm.nih.gov/Traces/wgs/JAIEZW01?display=contigs",0,0,0,0,0,0,0,0,0,0,100,0,100,0,0,100,0,0,50,100,0,0,0,0,0,0,0,0,0,0,0,0,0,0,0,0,0,100,0,100,100,18.29
"141","10.3390/genes12081236","https://trace.ncbi.nlm.nih.gov/Traces/sra/?run=SRR15177978",0,0,0,0,0,0,0,0,0,0,0,0,0,0,0,0,0,0,50,0,0,0,0,0,0,0,0,0,0,0,0,0,0,0,0,0,0,0,0,0,100,3.66
"142","10.3390/genes12081236","https://trace.ncbi.nlm.nih.gov/Traces/sra/?run=SRR15177977",0,0,0,0,0,0,0,0,0,0,0,0,0,0,0,0,0,0,50,0,0,0,0,0,0,0,0,0,0,0,0,0,0,0,0,0,0,0,0,0,100,3.66
"143","10.3390/ijerph18179218","https://doi.org/10.6084/m9.figshare.14975286.v1",0,0,0,0,0,0,0,0,0,0,0,0,0,0,0,0,0,0,50,0,0,0,0,0,0,0,0,0,0,0,0,0,0,0,0,0,0,0,0,0,100,3.66
"144","10.3390/ijms22010462","https://www.ncbi.nlm.nih.gov/geo/query/acc.cgi?acc=GSE163168",0,0,0,0,0,0,0,0,0,0,100,0,100,0,0,100,0,0,50,100,0,0,0,0,0,0,0,0,0,0,0,0,0,0,0,0,0,100,0,100,100,18.29
"145","10.3390/ijms22010462","https://doi.org/doi:10.25345/C5NN4G",0,0,0,0,0,0,0,0,0,0,0,0,0,0,0,0,0,0,50,0,0,0,0,0,0,0,0,0,0,0,0,0,0,0,0,0,0,0,0,0,100,3.66
"146","10.3390/ijms22052732","https://www.ncbi.nlm.nih.gov/protein/NP_849148.2/",0,0,0,0,0,0,0,0,0,0,100,0,100,0,0,100,0,0,50,100,0,0,0,0,0,0,0,0,0,0,0,0,0,0,0,0,0,100,0,100,100,18.29
"147","10.3390/ijms22116046","http://doi.org/10.5281/zenodo.4884946",0,0,0,0,0,0,0,0,0,0,100,0,100,0,0,100,0,0,50,100,0,0,0,0,0,0,0,0,0,0,0,0,0,0,0,0,0,100,0,100,100,18.29
"148","10.3390/ijms222112031","http://doi.org/10.5281/zenodo.5524539",0,0,0,0,0,0,0,0,0,0,100,0,100,0,0,100,0,0,50,100,0,0,0,0,0,0,0,0,0,0,0,0,0,0,0,0,0,100,0,100,100,18.29
"149","10.3390/jpm11080691","https://trace.ncbi.nlm.nih.gov/Traces/index.html?view=run_browser&acc=SRR19746232&display=metadata",0,0,0,0,0,0,0,0,0,0,0,0,0,0,0,0,0,0,50,0,0,0,0,0,0,0,0,0,0,0,0,0,0,0,0,0,0,0,0,0,100,3.66
"150","10.3390/toxins13080520","https://www.ncbi.nlm.nih.gov/geo/query/acc.cgi?acc=GSE169213",0,0,0,0,0,0,0,0,0,0,100,0,100,0,0,100,0,0,50,100,0,0,0,0,0,0,0,0,0,0,0,0,0,0,0,0,0,100,0,100,100,18.29
"151","10.3390/v13071258","https://www.ncbi.nlm.nih.gov/nuccore/mw822235",0,0,0,0,0,0,0,0,0,0,100,0,100,0,0,100,0,0,50,100,0,0,0,0,0,0,0,0,0,0,0,0,0,0,0,0,0,100,0,100,100,18.29
"152","10.1002/14651858.CD015045","https://doi.org/10.5281/zenodo.5377507",0,0,0,0,0,0,0,0,0,0,100,0,100,0,0,100,0,0,50,100,0,0,0,0,0,0,0,0,0,0,0,0,0,0,0,0,0,100,0,100,100,18.29
"153","10.1002/mrm.28885","https://doi.org/10.17605/OSF.IO/NGHFS",0,0,0,0,0,0,0,0,0,0,0,0,0,0,0,0,0,0,50,0,0,0,0,0,0,0,0,0,0,0,0,0,0,0,0,0,0,0,0,0,100,3.66
"154","10.1002/path.5808","https://www.ncbi.nlm.nih.gov/geo/query/acc.cgi?acc=GSE178416",0,0,0,0,0,0,0,0,0,0,100,0,100,0,0,100,0,0,50,100,0,0,0,0,0,0,0,0,0,0,0,0,0,0,0,0,0,100,0,100,100,18.29
"155","10.1002/path.5845","https://www.ncbi.nlm.nih.gov/geo/query/acc.cgi?acc=GSE171994",0,0,0,0,0,0,0,0,0,0,100,0,100,0,0,100,0,0,50,100,0,0,0,0,0,0,0,0,0,0,0,0,0,0,0,0,0,100,0,100,100,18.29
"156","10.1007/s00247-021-05109-5","https://doi.org/10.5281/zenodo.4906565",0,0,0,0,0,0,0,0,0,0,100,0,100,0,0,100,0,0,50,100,0,0,0,0,0,0,0,0,0,0,0,0,0,0,0,0,0,100,0,100,100,18.29
"157","10.1007/s00381-021-05244-2","https://doi.org/10.6084/m9.figshare.13653269",0,0,0,0,0,0,0,0,0,0,0,0,0,0,0,0,0,0,50,0,0,0,0,0,0,0,0,0,0,0,0,0,0,0,0,0,0,0,0,0,100,3.66
"158","10.1093/bioinformatics/btab238","https://data.4dnucleome.org/files-fastq/4DNFI1F6ZLAO/",0,0,0,0,0,0,0,0,0,0,0,0,0,0,0,0,0,0,50,0,0,0,0,0,0,0,0,0,0,0,0,0,0,0,0,0,0,0,0,0,100,3.66
"159","10.1038/s42003-021-02847-y","https://trace.ncbi.nlm.nih.gov/Traces/index.html?view=run_browser&acc=SRR14197386&display=data-access",0,0,0,0,0,0,0,0,0,0,0,0,0,0,0,0,0,0,50,0,0,0,0,0,0,0,0,0,0,0,0,0,0,0,0,0,0,0,0,0,100,3.66
"160","10.1038/s42003-021-02664-3","https://doi.org/10.5281/zenodo.5235706",0,0,0,0,0,0,0,0,0,0,100,0,100,0,0,100,0,0,50,100,0,0,0,0,0,0,0,0,0,0,0,0,0,0,0,0,0,100,0,100,100,18.29
"161","10.1038/s41598-021-95645-9","https://osf.io/qakbv/",0,0,0,0,0,0,0,0,0,0,0,0,0,0,0,0,0,0,50,0,0,0,0,0,0,0,0,0,0,0,0,0,0,0,0,0,0,0,0,0,100,3.66
"162","10.1038/s41598-021-92054-w","https://dx.doi.org/10.17617/3.64",NA,NA,NA,NA,NA,NA,NA,NA,NA,NA,NA,NA,NA,NA,NA,NA,NA,NA,NA,NA,NA,NA,NA,NA,NA,NA,NA,NA,NA,NA,NA,NA,NA,NA,NA,NA,NA,NA,NA,NA,NA,NA
"163","10.1038/s41598-021-85027-6","https://osf.io/3jq76?view_only=917a4a545f144ddd948c4ae6a3bcb2e5",0,0,0,0,0,0,0,0,0,0,0,0,0,0,0,0,0,0,50,0,0,0,0,0,0,0,0,0,0,0,0,0,0,0,0,0,0,0,0,0,100,3.66
"164","10.1038/s41598-021-02162-w","https://osf.io/kyr8v/",0,0,0,0,0,0,0,0,0,0,0,0,0,0,0,0,0,0,50,0,0,0,0,0,0,0,0,0,0,0,0,0,0,0,0,0,0,0,0,0,100,3.66
"165","10.1038/s41598-020-80408-9","https://doi.org/10.5281/zenodo.3876271",0,0,0,0,0,0,0,0,0,0,100,0,100,0,0,100,0,0,50,100,0,0,0,0,0,0,0,0,0,0,0,0,0,0,0,0,0,100,0,100,100,18.29
"166","10.1038/s41597-021-00913-y","https://doi.org/10.6084/m9.figshare.13298012.v1",0,0,0,0,0,0,0,0,0,0,0,0,0,0,0,0,0,0,50,0,0,0,0,0,0,0,0,0,0,0,0,0,0,0,0,0,0,0,0,0,100,3.66
"167","10.1038/s41593-021-00839-z","https://doi.org/10.6084/m9.figshare.14035935",0,0,0,0,0,0,0,0,0,0,0,0,0,0,0,0,0,0,50,0,0,0,0,0,0,0,0,0,0,0,0,0,0,0,0,0,0,0,0,0,100,3.66
"168","10.1038/s41590-021-01059-0","https://doi.org/10.6084/m9.figshare.14780127.v1",0,0,0,0,0,0,0,0,0,0,0,0,0,0,0,0,0,0,50,0,0,0,0,0,0,0,0,0,0,0,0,0,0,0,0,0,0,0,0,0,100,3.66
"169","10.1038/s41590-021-01029-6","https://www.ncbi.nlm.nih.gov/geo/query/acc.cgi?acc=GSE161441",0,0,0,0,0,0,0,0,0,0,100,0,100,0,0,100,0,0,50,100,0,0,0,0,0,0,0,0,0,0,0,0,0,0,0,0,0,100,0,100,100,18.29
"170","10.1038/s41588-020-00751-5","https://www.ebi.ac.uk/gwas/studies/GCST90010722",0,0,0,0,0,0,0,0,0,0,0,0,0,0,0,0,0,0,50,0,0,0,0,0,0,0,0,0,0,0,0,0,0,0,0,0,0,0,0,0,100,3.66
"171","10.1038/s41587-021-01037-9","https://doi.org/10.6084/m9.figshare.14938755",0,0,0,0,0,0,0,0,0,0,0,0,0,0,0,0,0,0,50,0,0,0,0,0,0,0,0,0,0,0,0,0,0,0,0,0,0,0,0,0,100,3.66
"172","10.1038/s41587-021-00860-4","https://www.ebi.ac.uk/pride/archive/projects/PXD023613",0,0,0,0,0,0,0,0,0,0,0,0,0,0,0,0,0,0,50,0,0,0,0,0,0,0,0,0,0,0,0,0,0,0,0,0,0,0,0,0,100,3.66
"173","10.1038/s41586-021-04233-4","https://trace.ncbi.nlm.nih.gov/Traces/index.html?view=run_browser&acc=ERR1915528&display=data-access",0,0,0,0,0,0,0,0,0,0,0,0,0,0,0,0,0,0,50,0,0,0,0,0,0,0,0,0,0,0,0,0,0,0,0,0,0,0,0,0,100,3.66
"174","10.1038/s41586-021-04177-9","https://doi.org/10.5281/zenodo.4728981",0,0,0,0,0,0,0,0,0,0,100,0,100,0,0,100,0,0,50,100,0,0,0,0,0,0,0,0,0,0,0,0,0,0,0,0,0,100,0,100,100,18.29
"175","10.1038/s41586-021-04177-9","https://www.ebi.ac.uk/ena/browser/view/PRJEB41311",0,0,0,0,0,0,0,0,0,0,0,0,0,0,0,0,0,0,50,0,0,0,0,0,0,0,0,0,0,0,0,0,0,0,0,0,0,0,0,0,100,3.66
"176","10.1038/s41586-021-04177-9","https://massive.ucsd.edu/ProteoSAFe/dataset.jsp?task=1a42c18056484609afafe07519049ad9",0,0,0,0,0,0,0,0,0,0,0,0,0,0,0,0,0,0,50,0,0,0,0,0,0,0,0,0,0,0,0,0,0,0,0,0,0,0,0,0,100,3.66
"177","10.1038/s41586-021-04142-6","https://www.ncbi.nlm.nih.gov/geo/query/acc.cgi?acc=GSE184329",0,0,0,0,0,0,0,0,0,0,100,0,100,0,0,100,0,0,50,100,0,0,0,0,0,0,0,0,0,0,0,0,0,0,0,0,0,100,0,100,100,18.29
"178","10.1038/s41586-021-04081-2","https://www.ncbi.nlm.nih.gov/geo/query/acc.cgi?acc=GSE148792",0,0,0,0,0,0,0,0,0,0,100,0,100,0,0,100,0,0,50,100,0,0,0,0,0,0,0,0,0,0,0,0,0,0,0,0,0,100,0,100,100,18.29
"179","10.1038/s41586-021-04081-2","https://github.com/pombo-lab/WinickNg_Kukalev_Harabula_Nature_2021/tree/main/microscopy_images/",0,0,0,0,0,0,0,0,0,0,0,0,0,0,0,0,0,0,50,0,0,0,0,0,0,0,0,0,0,0,0,0,0,0,0,0,0,0,0,0,100,3.66
"180","10.1038/s41586-021-04081-2","https://www.ebi.ac.uk/ena/browser/view/ERR389126?show=reads",0,0,0,0,0,0,0,0,0,0,0,0,0,0,0,0,0,0,50,0,0,0,0,0,0,0,0,0,0,0,0,0,0,0,0,0,0,0,0,0,100,3.66
"181","10.1038/s41586-021-03995-1","https://www.ncbi.nlm.nih.gov/geo/query/acc.cgi?acc=GSE165532",0,0,0,0,0,0,0,0,0,0,100,0,100,0,0,100,0,0,50,100,0,0,0,0,0,0,0,0,0,0,0,0,0,0,0,0,0,100,0,100,100,18.29
"182","10.1038/s41586-021-03995-1","https://doi.org/10.6084/m9.figshare.12436517",0,0,0,0,0,0,0,0,0,0,0,0,0,0,0,0,0,0,50,0,0,0,0,0,0,0,0,0,0,0,0,0,0,0,0,0,0,0,0,0,100,3.66
"183","10.1038/s41586-021-03844-1","https://www.ncbi.nlm.nih.gov/geo/query/acc.cgi?acc=GSE144103",0,0,0,0,0,0,0,0,0,0,100,0,100,0,0,100,0,0,50,100,0,0,0,0,0,0,0,0,0,0,0,0,0,0,0,0,0,100,0,100,100,18.29
"184","10.1038/s41586-021-03663-4","https://trace.ncbi.nlm.nih.gov/Traces/index.html?view=run_browser&acc=SRR6122124&display=metadata",0,0,0,0,0,0,0,0,0,0,0,0,0,0,0,0,0,0,50,0,0,0,0,0,0,0,0,0,0,0,0,0,0,0,0,0,0,0,0,0,100,3.66
"185","10.1038/s41586-021-03208-9","https://www.ncbi.nlm.nih.gov/geo/query/acc.cgi?acc=GSE137335",0,0,0,0,0,0,0,0,0,0,100,0,100,0,0,100,0,0,50,100,0,0,0,0,0,0,0,0,0,0,0,0,0,0,0,0,0,100,0,100,100,18.29
"186","10.1038/s41586-021-03208-9","https://www.ncbi.nlm.nih.gov/nuccore/MW294174.2/",0,0,0,0,0,0,0,0,0,0,100,0,100,0,0,100,0,0,50,100,0,0,0,0,0,0,0,0,0,0,0,0,0,0,0,0,0,100,0,100,100,18.29
"187","10.1038/s41556-021-00637-6","https://www.ncbi.nlm.nih.gov/geo/query/acc.cgi?acc=GSE128636",0,0,0,0,0,0,0,0,0,0,100,0,100,0,0,100,0,0,50,100,0,0,0,0,0,0,0,0,0,0,0,0,0,0,0,0,0,100,0,100,100,18.29
"188","10.1038/s41556-020-00619-0","https://www.ncbi.nlm.nih.gov/geo/query/acc.cgi?acc=GSE87076",0,0,0,0,0,0,0,0,0,0,100,0,100,0,0,100,0,0,50,100,0,0,0,0,0,0,0,0,0,0,0,0,0,0,0,0,0,100,0,100,100,18.29
"189","10.1038/s41526-020-00129-1","https://doi.org/10.6084/m9.figshare.12129534",0,0,0,0,0,0,0,0,0,0,0,0,0,0,0,0,0,0,50,0,0,0,0,0,0,0,0,0,0,0,0,0,0,0,0,0,0,0,0,0,100,3.66
"190","10.1038/s41467-021-26826-3","https://www.ebi.ac.uk/biostudies/studies/S-BSST699?query=S-BSST699",0,0,0,0,0,0,0,0,0,0,0,0,0,0,0,0,0,0,50,0,0,0,0,0,0,0,0,0,0,0,0,0,0,0,0,0,0,0,0,0,100,3.66
"191","10.1038/s41467-021-26777-9","https://www.ncbi.nlm.nih.gov/geo/query/acc.cgi?acc=GSE154803",0,0,0,0,0,0,0,0,0,0,100,0,100,0,0,100,0,0,50,100,0,0,0,0,0,0,0,0,0,0,0,0,0,0,0,0,0,100,0,100,100,18.29
"192","10.1038/s41467-021-25519-1","https://www.ncbi.nlm.nih.gov/nuccore/MN481964",0,0,0,0,0,0,0,0,0,0,100,0,100,0,0,100,0,0,50,100,0,0,0,0,0,0,0,0,0,0,0,0,0,0,0,0,0,100,0,100,100,18.29
"193","10.1038/s41467-021-24805-2","https://doi.org/10.6084/m9.figshare.14785434",0,0,0,0,0,0,0,0,0,0,0,0,0,0,0,0,0,0,50,0,0,0,0,0,0,0,0,0,0,0,0,0,0,0,0,0,0,0,0,0,100,3.66
"194","10.1038/s41467-021-24086-9","https://trace.ncbi.nlm.nih.gov/Traces/index.html?view=run_browser&acc=SRR13039593&display=data-access",0,0,0,0,0,0,0,0,0,0,0,0,0,0,0,0,0,0,50,0,0,0,0,0,0,0,0,0,0,0,0,0,0,0,0,0,0,0,0,0,100,3.66
"195","10.1038/s41467-021-24086-9","https://www.ebi.ac.uk/biostudies/studies/S-BSST630",0,0,0,0,0,0,0,0,0,0,0,0,0,0,0,0,0,0,50,0,0,0,0,0,0,0,0,0,0,0,0,0,0,0,0,0,0,0,0,0,100,3.66
"196","10.1038/s41467-021-23855-w","https://www.ebi.ac.uk/pride/archive/projects/PXD024800",0,0,0,0,0,0,0,0,0,0,0,0,0,0,0,0,0,0,50,0,0,0,0,0,0,0,0,0,0,0,0,0,0,0,0,0,0,0,0,0,100,3.66
"197","10.1038/s41467-021-23807-4","https://doi.org/10.5281/zenodo.3478502",0,0,0,0,0,0,0,0,0,0,100,0,100,0,0,100,0,0,50,100,0,0,0,0,0,0,0,0,0,0,0,0,0,0,0,0,0,100,0,100,100,18.29
"198","10.1038/s41467-021-22210-3","https://www.ncbi.nlm.nih.gov/geo/query/acc.cgi?acc=GSE158038",0,0,0,0,0,0,0,0,0,0,100,0,100,0,0,100,0,0,50,100,0,0,0,0,0,0,0,0,0,0,0,0,0,0,0,0,0,100,0,100,100,18.29
"199","10.1038/s41467-021-22446-z","https://osf.io/qesv4/",0,0,0,0,0,0,0,0,0,0,0,0,0,0,0,0,0,0,50,0,0,0,0,0,0,0,0,0,0,0,0,0,0,0,0,0,0,0,0,0,100,3.66
"200","10.1038/s41467-021-22117-z","https://www.ncbi.nlm.nih.gov/geo/query/acc.cgi?acc=GSE152915",0,0,0,0,0,0,0,0,0,0,100,0,100,0,0,100,0,0,50,100,0,0,0,0,0,0,0,0,0,0,0,0,0,0,0,0,0,100,0,100,100,18.29
"201","10.1038/s41467-021-22117-z","https://www.ebi.ac.uk/pride/archive/projects/PXD019112",0,0,0,0,0,0,0,0,0,0,0,0,0,0,0,0,0,0,50,0,0,0,0,0,0,0,0,0,0,0,0,0,0,0,0,0,0,0,0,0,100,3.66
"202","10.1038/s41467-021-21994-8","https://doi.org/10.5281/zenodo.3744152",0,0,0,0,0,0,0,0,0,0,100,0,100,0,0,100,0,0,50,100,0,0,0,0,0,0,0,0,0,0,0,0,0,0,0,0,0,100,0,100,100,18.29
"203","10.1038/s41467-021-21994-8","https://www.ncbi.nlm.nih.gov/geo/query/acc.cgi?acc=GSE63197",0,0,0,0,0,0,0,0,0,0,100,0,100,0,0,100,0,0,50,100,0,0,0,0,0,0,0,0,0,0,0,0,0,0,0,0,0,100,0,100,100,18.29
"204","10.1038/s41467-021-21612-7","https://trace.ncbi.nlm.nih.gov/Traces/index.html?view=run_browser&acc=SRR10392018&display=data-access",0,0,0,0,0,0,0,0,0,0,0,0,0,0,0,0,0,0,50,0,0,0,0,0,0,0,0,0,0,0,0,0,0,0,0,0,0,0,0,0,100,3.66
"205","10.1038/s41467-021-21162-y","https://www.ncbi.nlm.nih.gov/geo/query/acc.cgi?acc=GSE140929",0,0,0,0,0,0,0,0,0,0,100,0,100,0,0,100,0,0,50,100,0,0,0,0,0,0,0,0,0,0,0,0,0,0,0,0,0,100,0,100,100,18.29
"206","10.1038/s41467-021-21162-y","https://www.ebi.ac.uk/ena/browser/view/PRJEB35529?show=reads",0,0,0,0,0,0,0,0,0,0,0,0,0,0,0,0,0,0,50,0,0,0,0,0,0,0,0,0,0,0,0,0,0,0,0,0,0,0,0,0,100,3.66
"207","10.1038/s41467-020-20850-5","https://doi.org/10.5281/zenodo.3992607",0,0,0,0,0,0,0,0,0,0,100,0,100,0,0,100,0,0,50,100,0,0,0,0,0,0,0,0,0,0,0,0,0,0,0,0,0,100,0,100,100,18.29
"208","10.1007/s00401-021-02300-8","https://www.ncbi.nlm.nih.gov/geo/query/acc.cgi?acc=GSE169265",0,0,0,0,0,0,0,0,0,0,100,0,100,0,0,100,0,0,50,100,0,0,0,0,0,0,0,0,0,0,0,0,0,0,0,0,0,100,0,100,100,18.29
"209","10.1007/s00401-021-02377-1","https://www.ncbi.nlm.nih.gov/geo/query/acc.cgi?acc=GSE185041",0,0,0,0,0,0,0,0,0,0,100,0,100,0,0,100,0,0,50,100,0,0,0,0,0,0,0,0,0,0,0,0,0,0,0,0,0,100,0,100,100,18.29
"210","10.1007/s10071-021-01482-8","https://doi.org/10.5281/zenodo.4223729",0,0,0,0,0,0,0,0,0,0,100,0,100,0,0,100,0,0,50,100,0,0,0,0,0,0,0,0,0,0,0,0,0,0,0,0,0,100,0,100,100,18.29
"211","10.1007/s11517-021-02393-z","https://doi.org/10.25375/uct.9782798",0,0,0,0,0,0,0,0,0,0,0,0,0,0,0,0,0,0,50,0,0,0,0,0,0,0,0,0,0,0,0,0,0,0,0,0,0,0,0,0,100,3.66
"212","10.1016/j.celrep.2021.109878","https://www.ebi.ac.uk/arrayexpress/experiments/E-MTAB-10389/",0,0,0,0,0,0,0,0,0,0,0,0,0,0,0,0,0,0,50,0,0,0,0,0,0,0,0,0,0,0,0,0,0,0,0,0,0,0,0,0,100,3.66
"213","10.1016/j.cels.2021.05.005","https://www.ebi.ac.uk/pride/archive/projects/PXD025752",0,0,0,0,0,0,0,0,0,0,0,0,0,0,0,0,0,0,50,0,0,0,0,0,0,0,0,0,0,0,0,0,0,0,0,0,0,0,0,0,100,3.66
"214","10.1016/j.dib.2021.107011","http://dx.doi.org/10.17632/fzcmhhjs76.3",0,0,0,0,0,0,0,0,0,0,0,0,0,0,0,0,0,0,50,0,0,0,0,0,0,0,0,0,0,0,0,0,0,0,0,0,0,0,0,0,100,3.66
"215","10.1016/j.ebiom.2021.103327","https://trace.ncbi.nlm.nih.gov/Traces/index.html?view=run_browser&acc=SRR13753728&display=data-access",0,0,0,0,0,0,0,0,0,0,0,0,0,0,0,0,0,0,50,0,0,0,0,0,0,0,0,0,0,0,0,0,0,0,0,0,0,0,0,0,100,3.66
"216","10.1016/j.isci.2021.102151","https://www.ncbi.nlm.nih.gov/geo/query/acc.cgi?acc=GSE148729",0,0,0,0,0,0,0,0,0,0,100,0,100,0,0,100,0,0,50,100,0,0,0,0,0,0,0,0,0,0,0,0,0,0,0,0,0,100,0,100,100,18.29
"217","10.1016/j.isci.2021.102151","https://zenodo.org/record/4031204#.YCpK_S1h1Bw",0,0,0,0,0,0,0,0,0,0,100,0,100,0,0,100,0,0,50,100,0,0,0,0,0,0,0,0,0,0,0,0,0,0,0,0,0,100,0,100,100,18.29
"218","10.1016/j.isci.2021.102234","https://doi.org/10.17605/OSF.IO/Y2CFM",0,0,0,0,0,0,0,0,0,0,0,0,0,0,0,0,0,0,50,0,0,0,0,0,0,0,0,0,0,0,0,0,0,0,0,0,0,0,0,0,100,3.66
"219","10.1016/j.isci.2021.102618","https://www.ebi.ac.uk/arrayexpress/experiments/E-MTAB-8924/",0,0,0,0,0,0,0,0,0,0,0,0,0,0,0,0,0,0,50,0,0,0,0,0,0,0,0,0,0,0,0,0,0,0,0,0,0,0,0,0,100,3.66
"220","10.1016/j.jclinepi.2021.12.012","https://doi.org/10.5281/zenodo.5141343",0,0,0,0,0,0,0,0,0,0,100,0,100,0,0,100,0,0,50,100,0,0,0,0,0,0,0,0,0,0,0,0,0,0,0,0,0,100,0,100,100,18.29
"221","10.1016/j.neuroimage.2020.117571","http://dx.doi.org/10.17632/fzcmhhjs76.2",0,0,0,0,0,0,0,0,0,0,0,0,0,0,0,0,0,0,50,0,0,0,0,0,0,0,0,0,0,0,0,0,0,0,0,0,0,0,0,0,100,3.66
"222","10.1016/j.neuroimage.2021.118365","doi.org/10.17605/osf.io/gs2t5",0,0,0,0,0,0,0,0,0,0,0,0,0,0,0,0,0,0,50,0,0,0,0,0,0,0,0,0,0,0,0,0,0,0,0,0,0,0,0,0,100,3.66
"223","10.1016/j.neuroimage.2021.118462","https://osf.io/vraun/",0,0,0,0,0,0,0,0,0,0,0,0,0,0,0,0,0,0,50,0,0,0,0,0,0,0,0,0,0,0,0,0,0,0,0,0,0,0,0,0,100,3.66
"224","10.1016/S2666-5247(21)00027-6","https://www.ebi.ac.uk/biostudies/studies/S-BSST525",0,0,0,0,0,0,0,0,0,0,0,0,0,0,0,0,0,0,50,0,0,0,0,0,0,0,0,0,0,0,0,0,0,0,0,0,0,0,0,0,100,3.66
"225","10.1017/S2045796021000147","https://osf.io/3xcdu/?view_only=957edc6293894497ba7aaf5bb8fc8205",0,0,0,0,0,0,0,0,0,0,0,0,0,0,0,0,0,0,50,0,0,0,0,0,0,0,0,0,0,0,0,0,0,0,0,0,0,0,0,0,100,3.66
"226","10.1038/s41375-021-01376-1","https://www.ncbi.nlm.nih.gov/geo/query/acc.cgi?acc=GSE178959",0,0,0,0,0,0,0,0,0,0,100,0,100,0,0,100,0,0,50,100,0,0,0,0,0,0,0,0,0,0,0,0,0,0,0,0,0,100,0,100,100,18.29
"227","10.1038/s41398-020-01150-4","https://osf.io/5xq9p/",0,0,0,0,0,0,0,0,0,0,0,0,0,0,0,0,0,0,50,0,0,0,0,0,0,0,0,0,0,0,0,0,0,0,0,0,0,0,0,0,100,3.66
"228","10.1038/s41422-021-00569-8","http://doi.org/10.2210/pdb7PIV/pdb",0,0,0,0,0,0,0,0,0,0,100,0,100,0,0,100,0,0,50,100,0,0,0,0,0,0,0,0,0,0,0,0,0,0,0,0,0,100,0,100,100,18.29
"229","10.1038/s41422-021-00569-8","https://www.ebi.ac.uk/emdb/EMD-13454",0,0,0,0,0,0,0,0,0,0,100,0,100,0,0,100,0,0,50,100,0,0,0,0,0,0,0,0,0,0,0,0,0,0,0,0,0,100,0,100,100,18.29
"230","10.1038/s41431-021-00846-5","https://www.ncbi.nlm.nih.gov/nuccore/NM_020971.3?report=graph&mk=3375|NM_020971.3:c.3375_3393del|green",0,0,0,0,0,0,0,0,0,0,100,0,100,0,0,100,0,0,50,100,0,0,0,0,0,0,0,0,0,0,0,0,0,0,0,0,0,100,0,100,100,18.29
"231","10.1093/bib/bbab219","https://trace.ncbi.nlm.nih.gov/Traces/index.html?view=run_browser&acc=SRR14368488&display=data-access",0,0,0,0,0,0,0,0,0,0,0,0,0,0,0,0,0,0,50,0,0,0,0,0,0,0,0,0,0,0,0,0,0,0,0,0,0,0,0,0,100,3.66
"232","10.1093/bib/bbab219","https://github.com/dieterich-lab/ComparisonOfMetabolicLabeling/tree/master/pulseRTc/results/slam/data",0,0,0,0,0,0,0,0,0,0,0,0,0,0,0,0,0,0,50,0,0,0,0,0,0,0,0,0,0,0,0,0,0,0,0,0,0,0,0,0,100,3.66
"233","10.1038/s42003-021-02635-8","http://doi.org/10.17605/OSF.IO/GUPBF",0,0,0,0,0,0,0,0,0,0,0,0,0,0,0,0,0,0,50,0,0,0,0,0,0,0,0,0,0,0,0,0,0,0,0,0,0,0,0,0,100,3.66
"234","10.1038/s42003-021-02495-2","https://www.ncbi.nlm.nih.gov/geo/query/acc.cgi?acc=GSE140383",0,0,0,0,0,0,0,0,0,0,100,0,100,0,0,100,0,0,50,100,0,0,0,0,0,0,0,0,0,0,0,0,0,0,0,0,0,100,0,100,100,18.29
"235","10.1038/s42003-021-02495-2","https://doi.org/doi:10.25345/C58D7S",0,0,0,0,0,0,0,0,0,0,0,0,0,0,0,0,0,0,50,0,0,0,0,0,0,0,0,0,0,0,0,0,0,0,0,0,0,0,0,0,100,3.66
"236","10.1038/s41590-020-00817-w","https://www.ncbi.nlm.nih.gov/geo/query/acc.cgi?acc=GSE150305",0,0,0,0,0,0,0,0,0,0,100,0,100,0,0,100,0,0,50,100,0,0,0,0,0,0,0,0,0,0,0,0,0,0,0,0,0,100,0,100,100,18.29
"237","10.1038/s41588-021-00973-1","https://www.ebi.ac.uk/gwas/studies/GCST90027163",0,0,0,0,0,0,0,0,0,0,0,0,0,0,0,0,0,0,50,0,0,0,0,0,0,0,0,0,0,0,0,0,0,0,0,0,0,0,0,0,100,3.66
"238","10.1038/s41587-021-01065-5","https://www.ncbi.nlm.nih.gov/geo/query/acc.cgi?acc=GSE157486",0,0,0,0,0,0,0,0,0,0,100,0,100,0,0,100,0,0,50,100,0,0,0,0,0,0,0,0,0,0,0,0,0,0,0,0,0,100,0,100,100,18.29
"239","10.1038/s41587-021-00927-2","https://www.ncbi.nlm.nih.gov/geo/query/acc.cgi?acc=GSE156478",0,0,0,0,0,0,0,0,0,0,100,0,100,0,0,100,0,0,50,100,0,0,0,0,0,0,0,0,0,0,0,0,0,0,0,0,0,100,0,100,100,18.29
"240","10.1038/s41586-021-04136-4","https://www.ncbi.nlm.nih.gov/geo/query/acc.cgi?acc=GSE165580",0,0,0,0,0,0,0,0,0,0,100,0,100,0,0,100,0,0,50,100,0,0,0,0,0,0,0,0,0,0,0,0,0,0,0,0,0,100,0,100,100,18.29
"241","10.1038/s41586-021-04136-4","https://trace.ncbi.nlm.nih.gov/Traces/?view=run_browser&acc=SRR15817216&display=data-access",0,0,0,0,0,0,0,0,0,0,0,0,0,0,0,0,0,0,50,0,0,0,0,0,0,0,0,0,0,0,0,0,0,0,0,0,0,0,0,0,100,3.66
"242","10.1038/s41586-021-03986-2","https://doi.org/10.5281/zenodo.3527540",0,0,0,0,0,0,0,0,0,0,100,0,100,0,0,100,0,0,50,100,0,0,0,0,0,0,0,0,0,0,0,0,0,0,0,0,0,100,0,100,100,18.29
"243","10.1038/s41586-021-03363-z","https://trace.ncbi.nlm.nih.gov/Traces/?view=run_browser&acc=SRR12880623&display=data-access",0,0,0,0,0,0,0,0,0,0,0,0,0,0,0,0,0,0,50,0,0,0,0,0,0,0,0,0,0,0,0,0,0,0,0,0,0,0,0,0,100,3.66
"244","10.1007/s00424-021-02582-7","https://www.ebi.ac.uk/arrayexpress/experiments/E-MTAB-10478/",0,0,0,0,0,0,0,0,0,0,0,0,0,0,0,0,0,0,50,0,0,0,0,0,0,0,0,0,0,0,0,0,0,0,0,0,0,0,0,0,100,3.66
"245","10.1016/j.ajhg.2021.08.001","https://www.deciphergenomics.org/patient/427511/overview/general",0,0,0,0,0,0,0,0,0,0,0,0,0,0,0,0,0,0,50,100,0,0,0,0,0,0,0,0,0,0,0,0,0,0,0,0,0,100,0,100,100,10.98
"246","10.1016/j.ccell.2021.08.008","https://www.ebi.ac.uk/arrayexpress/experiments/E-MTAB-10633/",0,0,0,0,0,0,0,0,0,0,0,0,0,0,0,0,0,0,50,0,0,0,0,0,0,0,0,0,0,0,0,0,0,0,0,0,0,0,0,0,100,3.66
"247","10.1016/j.ccell.2021.08.008","https://www.ncbi.nlm.nih.gov/geo/query/acc.cgi?acc=GSE182004",0,0,0,0,0,0,0,0,0,0,100,0,100,0,0,100,0,0,50,100,0,0,0,0,0,0,0,0,0,0,0,0,0,0,0,0,0,100,0,100,100,18.29
"248","10.1016/j.celrep.2021.109526","https://www.ebi.ac.uk/ena/browser/view/PRJEB32775",0,0,0,0,0,0,0,0,0,0,0,0,0,0,0,0,0,0,50,0,0,0,0,0,0,0,0,0,0,0,0,0,0,0,0,0,0,0,0,0,100,3.66
"249","10.1016/j.dib.2021.107604","http://doi.org/10.17632/mtd59df24s.2",0,0,0,0,0,0,0,0,0,0,0,0,0,0,0,0,0,0,50,0,0,0,0,0,0,0,0,0,0,0,0,0,0,0,0,0,0,0,0,0,100,3.66
"250","10.1016/j.isci.2021.102645","https://trace.ncbi.nlm.nih.gov/Traces/?view=run_browser&acc=SRR14573783&display=metadata",0,0,0,0,0,0,0,0,0,0,0,0,0,0,0,0,0,0,50,0,0,0,0,0,0,0,0,0,0,0,0,0,0,0,0,0,0,0,0,0,100,3.66
"251","10.1016/j.isci.2021.103030","https://data.mendeley.com/datasets/mkz6jfywmd/1",0,0,0,0,0,0,0,0,0,0,0,0,0,0,0,0,0,0,50,0,0,0,0,0,0,0,0,0,0,0,0,0,0,0,0,0,0,0,0,0,100,3.66
"252","10.1016/j.molcel.2020.12.046","https://www.ebi.ac.uk/pride/archive/projects/PXD018244",0,0,0,0,0,0,0,0,0,0,0,0,0,0,0,0,0,0,50,0,0,0,0,0,0,0,0,0,0,0,0,0,0,0,0,0,0,0,0,0,100,3.66
"253","10.1016/j.neuroimage.2021.118758","https://doi.org/10.18112/openneuro.ds003716.v1.0.0",0,0,0,0,0,0,0,0,0,0,0,0,0,0,0,0,0,0,50,0,0,0,0,0,0,0,0,0,0,0,0,0,0,0,0,0,0,0,0,0,100,3.66
"254","10.1038/s41375-021-01267-5","https://www.ncbi.nlm.nih.gov/geo/query/acc.cgi?acc=GSE109600",0,0,0,0,0,0,0,0,0,0,100,0,100,0,0,100,0,0,50,100,0,0,0,0,0,0,0,0,0,0,0,0,0,0,0,0,0,100,0,100,100,18.29
"255","10.1038/s41467-020-20603-4","https://www.ncbi.nlm.nih.gov/geo/query/acc.cgi?acc=GSE140686",0,0,0,0,0,0,0,0,0,0,100,0,100,0,0,100,0,0,50,100,0,0,0,0,0,0,0,0,0,0,0,0,0,0,0,0,0,100,0,100,100,18.29
"256","10.1038/s41467-021-22579-1","https://www.ncbi.nlm.nih.gov/geo/query/acc.cgi?acc=GSE165329",0,0,0,0,0,0,0,0,0,0,100,0,100,0,0,100,0,0,50,100,0,0,0,0,0,0,0,0,0,0,0,0,0,0,0,0,0,100,0,100,100,18.29
"257","10.1038/s41467-021-23706-8","https://www.ncbi.nlm.nih.gov/geo/query/acc.cgi?acc=GSE112658",0,0,0,0,0,0,0,0,0,0,100,0,100,0,0,100,0,0,50,100,0,0,0,0,0,0,0,0,0,0,0,0,0,0,0,0,0,100,0,100,100,18.29
"258","10.1038/s41467-021-23706-8","https://www.ebi.ac.uk/ena/browser/view/ERX2579784?show=reads",0,0,0,0,0,0,0,0,0,0,0,0,0,0,0,0,0,0,50,0,0,0,0,0,0,0,0,0,0,0,0,0,0,0,0,0,0,0,0,0,100,3.66
"259","10.1038/s41467-021-25403-y","https://www.ncbi.nlm.nih.gov/geo/query/acc.cgi?acc=GSE58211",0,0,0,0,0,0,0,0,0,0,100,0,100,0,0,100,0,0,50,100,0,0,0,0,0,0,0,0,0,0,0,0,0,0,0,0,0,100,0,100,100,18.29
"260","10.1038/s41467-021-25403-y","https://www.ebi.ac.uk/pride/archive/projects/PXD004608",0,0,0,0,0,0,0,0,0,0,0,0,0,0,0,0,0,0,50,0,0,0,0,0,0,0,0,0,0,0,0,0,0,0,0,0,0,0,0,0,100,3.66
"261","10.1038/s41467-021-25403-y","https://www.ncbi.nlm.nih.gov/geo/query/acc.cgi?acc=GSM3608793",0,0,0,0,0,0,0,0,0,0,0,0,0,0,0,0,0,0,50,100,0,0,0,0,0,0,0,0,0,0,0,0,0,0,0,0,0,100,0,100,100,10.98
"262","10.1038/s41467-021-26844-1","https://www.ncbi.nlm.nih.gov/geo/query/acc.cgi?acc=GSE183598",0,0,0,0,0,0,0,0,0,0,100,0,100,0,0,100,0,0,50,100,0,0,0,0,0,0,0,0,0,0,0,0,0,0,0,0,0,100,0,100,100,18.29
"263","10.1038/s41467-021-25454-1","https://www.ebi.ac.uk/pride/archive/projects/PXD023889",0,0,0,0,0,0,0,0,0,0,0,0,0,0,0,0,0,0,50,0,0,0,0,0,0,0,0,0,0,0,0,0,0,0,0,0,0,0,0,0,100,3.66
"264","10.1038/s41467-021-23596-w","https://www.ncbi.nlm.nih.gov/geo/query/acc.cgi?acc=GSE149025",0,0,0,0,0,0,0,0,0,0,100,0,100,0,0,100,0,0,50,100,0,0,0,0,0,0,0,0,0,0,0,0,0,0,0,0,0,100,0,100,100,18.29
"265","10.1038/s41467-021-21650-1","https://doi.org/10.6084/m9.figshare.12382685.v1",0,0,0,0,0,0,0,0,0,0,0,0,0,0,0,0,0,0,50,0,0,0,0,0,0,0,0,0,0,0,0,0,0,0,0,0,0,0,0,0,100,3.66
"266","10.1016/j.jaci.2021.07.027","https://www.ncbi.nlm.nih.gov/geo/query/acc.cgi?acc=GSE181457",0,0,0,0,0,0,0,0,0,0,100,0,100,0,0,100,0,0,50,100,0,0,0,0,0,0,0,0,0,0,0,0,0,0,0,0,0,100,0,100,100,18.29
"267","10.1016/j.virusres.2020.198285","https://www.ncbi.nlm.nih.gov/nuccore/mt094341",0,0,0,0,0,0,0,0,0,0,100,0,100,0,0,100,0,0,50,100,0,0,0,0,0,0,0,0,0,0,0,0,0,0,0,0,0,100,0,100,100,18.29
"268","10.1038/s41564-021-00904-0","https://trace.ncbi.nlm.nih.gov/Traces/?view=run_browser&acc=SRR12749894&display=data-access",0,0,0,0,0,0,0,0,0,0,0,0,0,0,0,0,0,0,50,0,0,0,0,0,0,0,0,0,0,0,0,0,0,0,0,0,0,0,0,0,100,3.66
"269","10.1016/j.cell.2021.11.033","https://www.ebi.ac.uk/pride/archive/projects/PXD022709",0,0,0,0,0,0,0,0,0,0,0,0,0,0,0,0,0,0,50,0,0,0,0,0,0,0,0,0,0,0,0,0,0,0,0,0,0,0,0,0,100,3.66
"270","10.1016/j.cortex.2021.03.026","https://osf.io/q23ce/",0,0,0,0,0,0,0,0,0,0,0,0,0,0,0,0,0,0,50,0,0,0,0,0,0,0,0,0,0,0,0,0,0,0,0,0,0,0,0,0,100,3.66
"271","10.1016/j.immuni.2021.07.019","https://www.ncbi.nlm.nih.gov/geo/query/acc.cgi?acc=GSE141504",0,0,0,0,0,0,0,0,0,0,100,0,100,0,0,100,0,0,50,100,0,0,0,0,0,0,0,0,0,0,0,0,0,0,0,0,0,100,0,100,100,18.29
"272","10.1016/j.molcel.2021.02.006","http://doi.org/10.2210/pdb7BL2/pdb",0,0,0,0,0,0,0,0,0,0,100,0,100,0,0,100,0,0,50,100,0,0,0,0,0,0,0,0,0,0,0,0,0,0,0,0,0,100,0,100,100,18.29
"273","10.1016/j.molcel.2021.02.006","https://www.ebi.ac.uk/pride/archive/projects/PXD021374",0,0,0,0,0,0,0,0,0,0,0,0,0,0,0,0,0,0,50,0,0,0,0,0,0,0,0,0,0,0,0,0,0,0,0,0,0,0,0,0,100,3.66
"274","10.1016/j.molcel.2021.02.006","https://dx.doi.org/10.17632/g2ghpnf4zk.1",0,0,0,0,0,0,0,0,0,0,0,0,0,0,0,0,0,0,50,0,0,0,0,0,0,0,0,0,0,0,0,0,0,0,0,0,0,0,0,0,100,3.66
"275","10.1038/s42255-021-00477-6","https://www.ebi.ac.uk/pride/archive/projects/PXD011715",0,0,0,0,0,0,0,0,0,0,0,0,0,0,0,0,0,0,50,0,0,0,0,0,0,0,0,0,0,0,0,0,0,0,0,0,0,0,0,0,100,3.66
"276","10.1073/pnas.2019699118","https://www.ebi.ac.uk/arrayexpress/experiments/E-MTAB-6588/",0,0,0,0,0,0,0,0,0,0,0,0,0,0,0,0,0,0,50,0,0,0,0,0,0,0,0,0,0,0,0,0,0,0,0,0,0,0,0,0,100,3.66
"277","10.1073/pnas.2020293118","https://www.ncbi.nlm.nih.gov/geo/query/acc.cgi?acc=GSE171099",0,0,0,0,0,0,0,0,0,0,100,0,100,0,0,100,0,0,50,100,0,0,0,0,0,0,0,0,0,0,0,0,0,0,0,0,0,100,0,100,100,18.29
"278","10.1080/13561820.2021.1903405","http://doi.org/10.17605/OSF.IO/6K7VN",0,0,0,0,0,0,0,0,0,0,0,0,0,0,0,0,0,0,50,0,0,0,0,0,0,0,0,0,0,0,0,0,0,0,0,0,0,0,0,0,100,3.66
"279","10.1126/sciadv.abg4693","https://doi.org/10.5281/zenodo.4670433",0,0,0,0,0,0,0,0,0,0,100,0,100,0,0,100,0,0,50,100,0,0,0,0,0,0,0,0,0,0,0,0,0,0,0,0,0,100,0,100,100,18.29
"280","10.1126/sciadv.abg5174","https://www.ncbi.nlm.nih.gov/geo/query/acc.cgi?acc=GSE158577",0,0,0,0,0,0,0,0,0,0,100,0,100,0,0,100,0,0,50,100,0,0,0,0,0,0,0,0,0,0,0,0,0,0,0,0,0,100,0,100,100,18.29
"281","10.1126/science.abi5273","https://doi.org/10.5281/zenodo.4945655",0,0,0,0,0,0,0,0,0,0,100,0,100,0,0,100,0,0,50,100,0,0,0,0,0,0,0,0,0,0,0,0,0,0,0,0,0,100,0,100,100,18.29
"282","10.1177/00220345211017510","https://www.ncbi.nlm.nih.gov/geo/query/acc.cgi?acc=GSE160672",0,0,0,0,0,0,0,0,0,0,100,0,100,0,0,100,0,0,50,100,0,0,0,0,0,0,0,0,0,0,0,0,0,0,0,0,0,100,0,100,100,18.29
"283","10.2337/db20-0910","https://www.ncbi.nlm.nih.gov/geo/query/acc.cgi?acc=GSE40589",0,0,0,0,0,0,0,0,0,0,100,0,100,0,0,100,0,0,50,100,0,0,0,0,0,0,0,0,0,0,0,0,0,0,0,0,0,100,0,100,100,18.29
"284","10.1021/acscentsci.0c00679","https://doi.org/doi:10.25345/C5VG6C",0,0,0,0,0,0,0,0,0,0,0,0,0,0,0,0,0,0,50,0,0,0,0,0,0,0,0,0,0,0,0,0,0,0,0,0,0,0,0,0,100,3.66
"285","10.1021/acscentsci.0c00679","https://gnps.ucsd.edu/ProteoSAFe/status.jsp?task=628bd0896fad4eae91f6be5f12373d25",0,0,0,0,0,0,0,0,0,0,0,0,0,0,0,0,0,0,50,0,0,0,0,0,0,0,0,0,0,0,0,0,0,0,0,0,0,0,0,0,100,3.66
"286","10.1021/acscentsci.0c00679","https://www.ebi.ac.uk/pride/archive/projects/PXD011771",0,0,0,0,0,0,0,0,0,0,0,0,0,0,0,0,0,0,50,0,0,0,0,0,0,0,0,0,0,0,0,0,0,0,0,0,0,0,0,0,100,3.66
"287","10.1002/eji.202048797","https://www.ncbi.nlm.nih.gov/geo/query/acc.cgi?acc=gse160097",0,0,0,0,0,0,0,0,0,0,100,0,100,0,0,100,0,0,50,100,0,0,0,0,0,0,0,0,0,0,0,0,0,0,0,0,0,100,0,100,100,18.29
"288","10.1002/ijc.33456","https://www.ebi.ac.uk/arrayexpress/experiments/E-MTAB-7680/",0,0,0,0,0,0,0,0,0,0,0,0,0,0,0,0,0,0,50,0,0,0,0,0,0,0,0,0,0,0,0,0,0,0,0,0,0,0,0,0,100,3.66
"289","10.1016/j.cortex.2020.06.006","https://doi.org/10.5281/zenodo.3479558",0,0,0,0,0,0,0,0,0,0,100,0,100,0,0,100,0,0,50,100,0,0,0,0,0,0,0,0,0,0,0,0,0,0,0,0,0,100,0,100,100,18.29
"290","10.1016/j.jbc.2021.101334","https://www.ebi.ac.uk/pride/archive/projects/PXD028005",0,0,0,0,0,0,0,0,0,0,0,0,0,0,0,0,0,0,50,0,0,0,0,0,0,0,0,0,0,0,0,0,0,0,0,0,0,0,0,0,100,3.66
"291","10.1016/j.jclinepi.2020.09.022","http://doi.org/10.17605/OSF.IO/PTJBN",0,0,0,0,0,0,0,0,0,0,0,0,0,0,0,0,0,0,50,0,0,0,0,0,0,0,0,0,0,0,0,0,0,0,0,0,0,0,0,0,100,3.66
"292","10.1016/j.molcel.2020.11.037","https://www.ebi.ac.uk/pride/archive/projects/PXD014740",0,0,0,0,0,0,0,0,0,0,0,0,0,0,0,0,0,0,50,0,0,0,0,0,0,0,0,0,0,0,0,0,0,0,0,0,0,0,0,0,100,3.66
"293","10.1016/j.molcel.2020.11.037","https://www.ncbi.nlm.nih.gov/geo/query/acc.cgi?acc=GSE136199",0,0,0,0,0,0,0,0,0,0,100,0,100,0,0,100,0,0,50,100,0,0,0,0,0,0,0,0,0,0,0,0,0,0,0,0,0,100,0,100,100,18.29
"294","10.1016/j.molcel.2020.11.037","https://www.rcsb.org/structure/6SWA",0,0,0,0,0,0,0,0,0,0,100,0,100,0,0,100,0,0,50,100,0,0,0,0,0,0,0,0,0,0,0,0,0,0,0,0,0,100,0,100,100,18.29
"295","10.1016/j.molcel.2020.11.037","https://www.ebi.ac.uk/emdb/EMD-10321",0,0,0,0,0,0,0,0,0,0,100,0,100,0,0,100,0,0,50,100,0,0,0,0,0,0,0,0,0,0,0,0,0,0,0,0,0,100,0,100,100,18.29
"296","10.1016/j.neuroimage.2020.117384","https://github.com/grundm/graphCA/blob/master/analysis/behavior/nt_trials.txt",0,0,0,0,0,0,0,0,0,0,0,0,0,0,0,0,0,0,50,0,0,0,0,0,0,0,0,0,0,0,0,0,0,0,0,0,0,0,0,0,100,3.66
"297","10.1016/j.omtm.2021.09.019","https://www.ncbi.nlm.nih.gov/geo/query/acc.cgi?acc=GSE184895",0,0,0,0,0,0,0,0,0,0,100,0,100,0,0,100,0,0,50,100,0,0,0,0,0,0,0,0,0,0,0,0,0,0,0,0,0,100,0,100,100,18.29
"298","10.1016/j.stem.2020.11.015","https://www.ebi.ac.uk/arrayexpress/experiments/E-MTAB-9067/",0,0,0,0,0,0,0,0,0,0,0,0,0,0,0,0,0,0,50,0,0,0,0,0,0,0,0,0,0,0,0,0,0,0,0,0,0,0,0,0,100,3.66
"299","10.1021/acs.jmedchem.1c01264","http://dx.doi.org/10.2210/pdb7o6x/pdb",0,0,0,0,0,0,0,0,0,0,100,0,100,0,0,100,0,0,50,100,0,0,0,0,0,0,0,0,0,0,0,0,0,0,0,0,0,100,0,100,100,18.29
"300","10.1021/acs.jmedchem.1c01264","https://doi.org/10.23729/4d448eb0-c6ef-4b7d-a557-3758f5f68d47",0,0,0,0,0,0,0,0,0,0,0,0,0,0,0,0,0,0,50,0,0,0,0,0,0,0,0,0,0,0,0,0,0,0,0,0,0,0,0,0,100,3.66
"301","10.1038/s41467-021-26706-w","https://doi.org/10.17605/OSF.IO/RUJWA",0,0,0,0,0,0,0,0,0,0,0,0,0,0,0,0,0,0,50,0,0,0,0,0,0,0,0,0,0,0,0,0,0,0,0,0,0,0,0,0,100,3.66
"302","10.1038/s41467-021-26706-w","https://www.ccdc.cam.ac.uk/structures/Search?Ccdcid=2033292&DatabaseToSearch=Published",0,0,0,0,0,0,0,0,0,0,0,0,0,0,0,0,0,0,50,0,0,0,0,0,0,0,0,0,0,0,0,0,0,0,0,0,0,0,0,0,100,3.66
"303","10.1038/s43018-021-00201-z","https://www.ncbi.nlm.nih.gov/geo/query/acc.cgi?acc=GSE166420",0,0,0,0,0,0,0,0,0,0,100,0,100,0,0,100,0,0,50,100,0,0,0,0,0,0,0,0,0,0,0,0,0,0,0,0,0,100,0,100,100,18.29
"304","10.1038/s43018-021-00201-z","https://flowrepository.org/id/FR-FCM-Z3G7",0,0,0,0,0,0,0,0,0,0,0,0,0,0,0,0,0,0,50,100,0,0,0,0,0,0,0,0,0,0,0,0,0,0,0,0,0,100,0,100,100,10.98
"305","10.1038/s43018-021-00201-z","https://doi.org/10.6084/m9.figshare.14166983",0,0,0,0,0,0,0,0,0,0,0,0,0,0,0,0,0,0,50,0,0,0,0,0,0,0,0,0,0,0,0,0,0,0,0,0,0,0,0,0,100,3.66
"306","10.1073/pnas.2026558118","https://www.ncbi.nlm.nih.gov/nuccore/MW582527",0,0,0,0,0,0,0,0,0,0,100,0,100,0,0,100,0,0,50,100,0,0,0,0,0,0,0,0,0,0,0,0,0,0,0,0,0,100,0,100,100,18.29
"307","10.1080/19942060.2021.1995048","https://doi.org/10.6084/m9.figshare.14393600",0,0,0,0,0,0,0,0,0,0,0,0,0,0,0,0,0,0,50,0,0,0,0,0,0,0,0,0,0,0,0,0,0,0,0,0,0,0,0,0,100,3.66
"308","10.1093/nar/gkaa1180","https://www.ebi.ac.uk/arrayexpress/experiments/E-MTAB-8746/",0,0,0,0,0,0,0,0,0,0,0,0,0,0,0,0,0,0,50,0,0,0,0,0,0,0,0,0,0,0,0,0,0,0,0,0,0,0,0,0,100,3.66
"309","10.1177/25152459211040837","https://osf.io/w8h2q/",0,0,0,0,0,0,0,0,0,0,0,0,0,0,0,0,0,0,50,0,0,0,0,0,0,0,0,0,0,0,0,0,0,0,0,0,0,0,0,0,100,3.66
"310","10.1210/endocr/bqaa220","https://trace.ncbi.nlm.nih.gov/Traces/?view=run_browser&acc=ERR4778373&display=metadata",0,0,0,0,0,0,0,0,0,0,0,0,0,0,0,0,0,0,50,0,0,0,0,0,0,0,0,0,0,0,0,0,0,0,0,0,0,0,0,0,100,3.66
"311","10.1371/journal.pcbi.1009050","https://github.com/wan-yang/flu-subtropic-climate-models/tree/main/data_climate",0,0,0,0,0,0,0,0,0,0,0,0,0,0,0,0,0,0,50,0,0,0,0,0,0,0,0,0,0,0,0,0,0,0,0,0,0,0,0,0,100,3.66
"312","10.1371/journal.pone.0250004","https://figshare.com/articles/dataset/S1_File_-/14441052",0,0,0,0,0,0,0,0,0,0,0,0,0,0,0,0,0,0,50,0,0,0,0,0,0,0,0,0,0,0,0,0,0,0,0,0,0,0,0,0,100,3.66
"313","10.1371/journal.ppat.1009824","https://www.sasbdb.org/data/SASDKW8/",0,0,0,0,0,0,0,0,0,0,0,0,0,0,0,0,0,0,50,100,0,0,0,0,0,0,0,0,0,0,0,0,0,0,0,0,0,100,0,100,100,10.98
"314","10.1371/journal.ppat.1009824","https://www.ebi.ac.uk/pride/archive/projects/PXD027257",0,0,0,0,0,0,0,0,0,0,0,0,0,0,0,0,0,0,50,0,0,0,0,0,0,0,0,0,0,0,0,0,0,0,0,0,0,0,0,0,100,3.66
"315","10.1371/journal.ppat.1009824","https://www.ebi.ac.uk/arrayexpress/experiments/E-MTAB-10788/",0,0,0,0,0,0,0,0,0,0,0,0,0,0,0,0,0,0,50,0,0,0,0,0,0,0,0,0,0,0,0,0,0,0,0,0,0,0,0,0,100,3.66
"316","10.3389/fpsyt.2021.665957","https://github.com/lveaor/Umbrella-review-2021/blob/main/Table_for_script.xlsx",0,0,0,0,0,0,0,0,0,0,0,0,0,0,0,0,0,0,50,0,0,0,0,0,0,0,0,0,0,0,0,0,0,0,0,0,0,0,0,0,100,3.66
"317","10.3389/fpsyt.2021.770282","https://github.com/agschlagenhauf/qMRI/tree/main/data",0,0,0,0,0,0,0,0,0,0,0,0,0,0,0,0,0,0,50,0,0,0,0,0,0,0,0,0,0,0,0,0,0,0,0,0,0,0,0,0,100,3.66
"318","10.3390/ijms22115547","https://www.ncbi.nlm.nih.gov/geo/query/acc.cgi?acc=GSE171965",0,0,0,0,0,0,0,0,0,0,100,0,100,0,0,100,0,0,50,100,0,0,0,0,0,0,0,0,0,0,0,0,0,0,0,0,0,100,0,100,100,18.29
"319","10.1093/nar/gkaa1198","https://www.addgene.org/137191/",0,0,0,0,0,0,0,0,0,0,100,0,100,0,0,100,0,0,50,100,0,0,0,0,0,0,0,0,0,0,0,0,0,0,0,0,0,100,0,100,100,18.29
"320","10.1158/1078-0432.CCR-21-1881","https://trace.ncbi.nlm.nih.gov/Traces/sra/?run=SRR16549034",0,0,0,0,0,0,0,0,0,0,0,0,0,0,0,0,0,0,50,0,0,0,0,0,0,0,0,0,0,0,0,0,0,0,0,0,0,0,0,0,100,3.66
"321","10.1093/gigascience/giab068","https://github.com/arx-deidentifier/genetic-benchmark/tree/master/data",0,0,0,0,0,0,0,0,0,0,0,0,0,0,0,0,0,0,50,100,0,0,0,0,0,0,0,0,0,0,0,0,0,0,0,0,0,100,0,100,100,10.98
"322","10.1159/000520082","https://doi.org/10.6084/m9.figshare.14573082",0,0,0,0,0,0,0,0,0,0,0,0,0,0,0,0,0,0,50,0,0,0,0,0,0,0,0,0,0,0,0,0,0,0,0,0,0,0,0,0,100,3.66
"323","10.1186/s12891-021-04425-z","https://doi.org/10.17632/f9vm3c4d7v.1",0,0,0,0,0,0,0,0,0,0,0,0,0,0,0,0,0,0,50,0,0,0,0,0,0,0,0,0,0,0,0,0,0,0,0,0,0,0,0,0,100,3.66
"324","10.1186/s13023-021-01986-z","https://doi.org/10.6084/m9.figshare.15179134.v1",0,0,0,0,0,0,0,0,0,0,0,0,0,0,0,0,0,0,50,0,0,0,0,0,0,0,0,0,0,0,0,0,0,0,0,0,0,0,0,0,100,3.66
"325","10.1098/rsos.210389","https://dx.doi.org/10.17632/btchxktzyw",0,0,0,0,0,0,0,0,0,0,0,0,0,0,0,0,0,0,50,0,0,0,0,0,0,0,0,0,0,0,0,0,0,0,0,0,0,0,0,0,100,3.66
"326","10.1111/mec.16099","https://www.ncbi.nlm.nih.gov/bioproject/PRJNA680013",0,0,0,0,0,0,0,0,0,0,100,0,100,0,0,100,0,0,50,100,0,0,0,0,0,0,0,0,0,0,0,0,0,0,0,0,0,100,0,100,100,18.29
"327","10.1111/mec.16099","https://doi.org/10.6084/m9.figshare.13318754",0,0,0,0,0,0,0,0,0,0,0,0,0,0,0,0,0,0,50,0,0,0,0,0,0,0,0,0,0,0,0,0,0,0,0,0,0,0,0,0,100,3.66
"328","10.1136/bmj.n450","https://doi.org/10.17605/OSF.IO/CDBHN",0,0,0,0,0,0,0,0,0,0,0,0,0,0,0,0,0,0,50,0,0,0,0,0,0,0,0,0,0,0,0,0,0,0,0,0,0,0,0,0,100,3.66
"329","10.1186/s13059-021-02306-1","10.5281/zenodo.4454489",0,0,0,0,0,0,0,0,0,0,100,0,100,0,0,100,0,0,50,100,0,0,0,0,0,0,0,0,0,0,0,0,0,0,0,0,0,100,0,100,100,18.29
"330","10.3389/fimmu.2020.609891","http://www.addgene.org/129027/",0,0,0,0,0,0,0,0,0,0,100,0,100,0,0,100,0,0,50,100,0,0,0,0,0,0,0,0,0,0,0,0,0,0,0,0,0,100,0,100,100,18.29
"331","10.3389/fpsyg.2021.734877","https://osf.io/3u62p/",0,0,0,0,0,0,0,0,0,0,0,0,0,0,0,0,0,0,50,0,0,0,0,0,0,0,0,0,0,0,0,0,0,0,0,0,0,0,0,0,100,3.66
"332","10.3389/fpsyg.2020.576580","doi.org/10.17605/OSF.IO/BTWNQ",0,0,0,0,0,0,0,0,0,0,0,0,0,0,0,0,0,0,50,0,0,0,0,0,0,0,0,0,0,0,0,0,0,0,0,0,0,0,0,0,100,3.66
"333","10.3389/fonc.2020.578380","https://doi.org/10.5281/zenodo.3922212",0,0,0,0,0,0,0,0,0,0,100,0,100,0,0,100,0,0,50,100,0,0,0,0,0,0,0,0,0,0,0,0,0,0,0,0,0,100,0,100,100,18.29
"334","10.3389/fnins.2021.742652","https://doi.org/10.5281/zenodo.5746691",0,0,0,0,0,0,0,0,0,0,100,0,100,0,0,100,0,0,50,100,0,0,0,0,0,0,0,0,0,0,0,0,0,0,0,0,0,100,0,100,100,18.29
"335","10.3389/fcimb.2021.763121","https://github.com/MarisaIsabell/CF-lung-microbiome-longitudinal-development/tree/master/data",0,0,0,0,0,0,0,0,0,0,0,0,0,0,0,0,0,0,50,0,0,0,0,0,0,0,0,0,0,0,0,0,0,0,0,0,0,0,0,0,100,3.66
"336","10.17912/micropub.biology.000390","https://www.ebi.ac.uk/ena/browser/view/PRJEB44368?show=reads",0,0,0,0,0,0,0,0,0,0,0,0,0,0,0,0,0,0,50,0,0,0,0,0,0,0,0,0,0,0,0,0,0,0,0,0,0,0,0,0,100,3.66
"337","10.15252/embj.2019104296","https://www.ncbi.nlm.nih.gov/geo/query/acc.cgi?acc=GSE158743",0,0,0,0,0,0,0,0,0,0,100,0,100,0,0,100,0,0,50,100,0,0,0,0,0,0,0,0,0,0,0,0,0,0,0,0,0,100,0,100,100,18.29
"338","10.1098/rsos.210389","https://doi.org/10.6084/m9.figshare.16573481.v1",0,0,0,0,0,0,0,0,0,0,0,0,0,0,0,0,0,0,50,0,0,0,0,0,0,0,0,0,0,0,0,0,0,0,0,0,0,0,0,0,100,3.66
"339","10.1093/ve/veab051","https://github.com/BernardoGG/SARS-CoV-2_Genomic_lineages_Ecuador/tree/master/Data",0,0,0,0,0,0,0,0,0,0,0,0,0,0,0,0,0,0,50,0,0,0,0,0,0,0,0,0,0,0,0,0,0,0,0,0,0,0,0,0,100,3.66
"340","10.1093/noajnl/vdab149","https://www.ebi.ac.uk/ena/browser/view/ERR7057540?show=reads",0,0,0,0,0,0,0,0,0,0,0,0,0,0,0,0,0,0,50,0,0,0,0,0,0,0,0,0,0,0,0,0,0,0,0,0,0,0,0,0,100,3.66
"341","10.1523/ENEURO.0475-20.2021","https://github.com/FunDyn/VirtualCohorts",0,0,0,0,0,0,0,0,0,0,0,0,0,0,0,0,0,0,50,0,0,0,0,0,0,0,0,0,0,0,0,0,0,0,0,0,0,0,0,0,100,3.66
"342","10.1007/s10461-021-03432-4","doi.org/10.11588/data/KXTQTZ",0,0,0,0,0,0,0,0,0,0,0,0,0,0,0,0,0,0,50,100,0,0,0,0,0,0,0,0,0,0,0,0,0,0,0,0,0,100,0,100,100,10.98
"343","10.1002/pon.5798","https://doi.org/10.17605/OSF.IO/YJ5CA",0,0,0,0,0,0,0,0,0,0,0,0,0,0,0,0,0,0,50,0,0,0,0,0,0,0,0,0,0,0,0,0,0,0,0,0,0,0,0,0,100,3.66
"344","10.1186/s13073-021-00925-8","https://github.com/saezlab/combiMS/tree/master/data/phosphos_raw_clean",0,0,0,0,0,0,0,0,0,0,0,0,0,0,0,0,0,0,50,0,0,0,0,0,0,0,0,0,0,0,0,0,0,0,0,0,0,0,0,0,100,3.66
"345","10.12688/wellcomeopenres.16661.2","10.5281/zenodo.4640140",0,0,0,0,0,0,0,0,0,0,100,0,100,0,0,100,0,0,50,100,0,0,0,0,0,0,0,0,0,0,0,0,0,0,0,0,0,100,0,100,100,18.29
"346","10.1038/s41467-021-26783-x","https://www.ebi.ac.uk/gwas/studies/GCST90044763",0,0,0,0,0,0,0,0,0,0,0,0,0,0,0,0,0,0,50,0,0,0,0,0,0,0,0,0,0,0,0,0,0,0,0,0,0,0,0,0,100,3.66
"347","10.1016/j.dib.2021.107320","https://www.ncbi.nlm.nih.gov/geo/query/acc.cgi?acc=gse173610",0,0,0,0,0,0,0,0,0,0,100,0,100,0,0,100,0,0,50,100,0,0,0,0,0,0,0,0,0,0,0,0,0,0,0,0,0,100,0,100,100,18.29
"348","10.1016/j.molcel.2020.12.042","https://dx.doi.org/10.17632/5fpk9g52rw.1",0,0,0,0,0,0,0,0,0,0,0,0,0,0,0,0,0,0,50,0,0,0,0,0,0,0,0,0,0,0,0,0,0,0,0,0,0,0,0,0,100,3.66
"349","10.1038/s41467-021-24007-w","https://www.ebi.ac.uk/metabolights/MTBLS2840/files",0,0,0,0,0,0,0,0,0,0,0,0,0,0,0,0,0,0,50,0,0,0,0,0,0,0,0,0,0,0,0,0,0,0,0,0,0,0,0,0,100,3.66
"350","10.1038/s41467-021-25030-7","https://www.ncbi.nlm.nih.gov/geo/query/acc.cgi?acc=GSE162208",0,0,0,0,0,0,0,0,0,0,100,0,100,0,0,100,0,0,50,100,0,0,0,0,0,0,0,0,0,0,0,0,0,0,0,0,0,100,0,100,100,18.29
"351","10.1038/s41467-021-25030-7","https://www.ebi.ac.uk/pride/archive/projects/PXD025164",0,0,0,0,0,0,0,0,0,0,0,0,0,0,0,0,0,0,50,0,0,0,0,0,0,0,0,0,0,0,0,0,0,0,0,0,0,0,0,0,100,3.66
"352","10.1038/s41588-021-00863-6","https://www.ncbi.nlm.nih.gov/geo/query/acc.cgi?acc=GSE153403",0,0,0,0,0,0,0,0,0,0,100,0,100,0,0,100,0,0,50,100,0,0,0,0,0,0,0,0,0,0,0,0,0,0,0,0,0,100,0,100,100,18.29
"353","10.1172/jci.insight.149228","https://www.ncbi.nlm.nih.gov/geo/query/acc.cgi?acc=GSE173378",0,0,0,0,0,0,0,0,0,0,100,0,100,0,0,100,0,0,50,100,0,0,0,0,0,0,0,0,0,0,0,0,0,0,0,0,0,100,0,100,100,18.29
"354","10.1186/s13059-021-02397-w","http://www.ebi.ac.uk/ena/data/view/PRJEB38096",0,0,0,0,0,0,0,0,0,0,0,0,0,0,0,0,0,0,50,0,0,0,0,0,0,0,0,0,0,0,0,0,0,0,0,0,0,0,0,0,100,3.66
"355","10.1371/journal.pntd.0009787","https://www.ncbi.nlm.nih.gov/geo/query/acc.cgi?acc=GSE175668",0,0,0,0,0,0,0,0,0,0,100,0,100,0,0,100,0,0,50,100,0,0,0,0,0,0,0,0,0,0,0,0,0,0,0,0,0,100,0,100,100,18.29
"356","10.1371/journal.pntd.0009787","https://www.ncbi.nlm.nih.gov/nuccore/2085340607",0,0,0,0,0,0,0,0,0,0,100,0,100,0,0,100,0,0,50,100,0,0,0,0,0,0,0,0,0,0,0,0,0,0,0,0,0,100,0,100,100,18.29
"357","10.1371/journal.pone.0252356","https://figshare.com/articles/dataset/S1_Dataset_-/14749705",0,0,0,0,0,0,0,0,0,0,0,0,0,0,0,0,0,0,50,0,0,0,0,0,0,0,0,0,0,0,0,0,0,0,0,0,0,0,0,0,100,3.66
"358","10.3390/polym13030433","https://dx.doi.org/10.17617/3.5k",NA,NA,NA,NA,NA,NA,NA,NA,NA,NA,NA,NA,NA,NA,NA,NA,NA,NA,NA,NA,NA,NA,NA,NA,NA,NA,NA,NA,NA,NA,NA,NA,NA,NA,NA,NA,NA,NA,NA,NA,NA,NA
"359","10.3390/nu13093171","https://www.ebi.ac.uk/ena/browser/view/PRJEB37553?show=reads",0,0,0,0,0,0,0,0,0,0,0,0,0,0,0,0,0,0,50,0,0,0,0,0,0,0,0,0,0,0,0,0,0,0,0,0,0,0,0,0,100,3.66
"360","10.1186/s13058-020-01379-3","https://www.ncbi.nlm.nih.gov/geo/query/acc.cgi?acc=GSE89888",0,0,0,0,0,0,0,0,0,0,100,0,100,0,0,100,0,0,50,100,0,0,0,0,0,0,0,0,0,0,0,0,0,0,0,0,0,100,0,100,100,18.29
"361","10.3390/medicina57070646","https://osf.io/5d8vu/",0,0,0,0,0,0,0,0,0,0,0,0,0,0,0,0,0,0,50,0,0,0,0,0,0,0,0,0,0,0,0,0,0,0,0,0,0,0,0,0,100,3.66
"362","10.3390/pathogens10080983","https://www.ncbi.nlm.nih.gov/nuccore/MZ389693",0,0,0,0,0,0,0,0,0,0,100,0,100,0,0,100,0,0,50,100,0,0,0,0,0,0,0,0,0,0,0,0,0,0,0,0,0,100,0,100,100,18.29
"363","10.1007/s00401-021-02395-z","https://www.ncbi.nlm.nih.gov/geo/query/acc.cgi?acc=GSE190365",0,0,0,0,0,0,0,0,0,0,100,0,100,0,0,100,0,0,50,100,0,0,0,0,0,0,0,0,0,0,0,0,0,0,0,0,0,100,0,100,100,18.29
"364","10.1007/s00401-021-02395-z","https://massive.ucsd.edu/ProteoSAFe/dataset.jsp?task=2ae5c0457a3f4e9196365f9448657b59",0,0,0,0,0,0,0,0,0,0,0,0,0,0,0,0,0,0,50,0,0,0,0,0,0,0,0,0,0,0,0,0,0,0,0,0,0,0,0,0,100,3.66
"365","10.1016/j.bioorg.2021.105505","https://www.ebi.ac.uk/pride/archive/projects/PXD018674",0,0,0,0,0,0,0,0,0,0,0,0,0,0,0,0,0,0,50,0,0,0,0,0,0,0,0,0,0,0,0,0,0,0,0,0,0,0,0,0,100,3.66
"366","10.1016/j.bioorg.2021.105505","https://www.ebi.ac.uk/ena/browser/view/PRJEB42732?show=reads",0,0,0,0,0,0,0,0,0,0,0,0,0,0,0,0,0,0,50,0,0,0,0,0,0,0,0,0,0,0,0,0,0,0,0,0,0,0,0,0,100,3.66
"367","10.1016/j.chom.2021.04.005","https://www.ncbi.nlm.nih.gov/nuccore/MW002785",0,0,0,0,0,0,0,0,0,0,100,0,100,0,0,100,0,0,50,100,0,0,0,0,0,0,0,0,0,0,0,0,0,0,0,0,0,100,0,100,100,18.29
"368","10.1016/j.chom.2021.04.005","https://www.ebi.ac.uk/emdb/EMD-23469",0,0,0,0,0,0,0,0,0,0,100,0,100,0,0,100,0,0,50,100,0,0,0,0,0,0,0,0,0,0,0,0,0,0,0,0,0,100,0,100,100,18.29
"369","10.1016/j.chom.2021.04.005","https://www.rcsb.org/structure/7LM8",0,0,0,0,0,0,0,0,0,0,100,0,100,0,0,100,0,0,50,100,0,0,0,0,0,0,0,0,0,0,0,0,0,0,0,0,0,100,0,100,100,18.29
"370","10.1016/j.diabres.2021.108996","https://github.com/athieffry/T1International-OoPE-survey-2020/tree/main/1a%20-%20Raw%20Data/survey",0,0,0,0,0,0,0,0,0,0,0,0,0,0,0,0,0,0,50,0,0,0,0,0,0,0,0,0,0,0,0,0,0,0,0,0,0,0,0,0,100,3.66
"371","10.1016/j.isci.2021.102766","https://trace.ncbi.nlm.nih.gov/Traces/?view=run_browser&acc=SRR12130588&display=metadata",0,0,0,0,0,0,0,0,0,0,0,0,0,0,0,0,0,0,50,0,0,0,0,0,0,0,0,0,0,0,0,0,0,0,0,0,0,0,0,0,100,3.66
"372","10.1016/j.jbc.2021.101224","https://www.ncbi.nlm.nih.gov/geo/query/acc.cgi?acc=GSE173204",0,0,0,0,0,0,0,0,0,0,100,0,100,0,0,100,0,0,50,100,0,0,0,0,0,0,0,0,0,0,0,0,0,0,0,0,0,100,0,100,100,18.29
"373","10.1016/j.jbc.2021.101224","https://www.ebi.ac.uk/pride/archive/projects/PXD027109",0,0,0,0,0,0,0,0,0,0,0,0,0,0,0,0,0,0,50,0,0,0,0,0,0,0,0,0,0,0,0,0,0,0,0,0,0,0,0,0,100,3.66
"374","10.1016/j.jcmgh.2021.02.002","https://www.ncbi.nlm.nih.gov/geo/query/acc.cgi?acc=GSE157820",0,0,0,0,0,0,0,0,0,0,100,0,100,0,0,100,0,0,50,100,0,0,0,0,0,0,0,0,0,0,0,0,0,0,0,0,0,100,0,100,100,18.29
"375","10.1016/j.jhepr.2021.100234","https://osf.io/y8dfw/",0,0,0,0,0,0,0,0,0,0,0,0,0,0,0,0,0,0,50,0,0,0,0,0,0,0,0,0,0,0,0,0,0,0,0,0,0,0,0,0,100,3.66
"376","10.1016/j.molcel.2021.11.023","https://www.ncbi.nlm.nih.gov/nuccore/OK239717",0,0,0,0,0,0,0,0,0,0,100,0,100,0,0,100,0,0,50,100,0,0,0,0,0,0,0,0,0,0,0,0,0,0,0,0,0,100,0,100,100,18.29
"377","10.1016/j.molcel.2021.11.023","https://www.ncbi.nlm.nih.gov/geo/query/acc.cgi?acc=GSE167358",0,0,0,0,0,0,0,0,0,0,100,0,100,0,0,100,0,0,50,100,0,0,0,0,0,0,0,0,0,0,0,0,0,0,0,0,0,100,0,100,100,18.29
"378","10.1016/j.nbd.2021.105391","https://www.ncbi.nlm.nih.gov/geo/query/acc.cgi?acc=GSE173610",0,0,0,0,0,0,0,0,0,0,100,0,100,0,0,100,0,0,50,100,0,0,0,0,0,0,0,0,0,0,0,0,0,0,0,0,0,100,0,100,100,18.29
"379","10.1016/j.patter.2021.100351","https://doi.org/10.7910/DVN/CQHHEH",0,0,0,0,0,0,0,0,0,0,0,0,0,0,0,0,0,0,50,100,0,0,0,0,0,0,0,0,0,0,0,0,0,0,0,0,0,100,0,100,100,10.98
"380","10.1016/j.stem.2021.11.003","https://www.ncbi.nlm.nih.gov/geo/query/acc.cgi?acc=GSE159082",0,0,0,0,0,0,0,0,0,0,100,0,100,0,0,100,0,0,50,100,0,0,0,0,0,0,0,0,0,0,0,0,0,0,0,0,0,100,0,100,100,18.29
"381","10.1016/j.xcrm.2021.100291","https://doi.org/10.17632/5n8df8jvk4.1",0,0,0,0,0,0,0,0,0,0,0,0,0,0,0,0,0,0,50,0,0,0,0,0,0,0,0,0,0,0,0,0,0,0,0,0,0,0,0,0,100,3.66
"382","10.1038/s41419-021-04454-5","https://www.ncbi.nlm.nih.gov/geo/query/acc.cgi?acc=GSE185624",0,0,0,0,0,0,0,0,0,0,100,0,100,0,0,100,0,0,50,100,0,0,0,0,0,0,0,0,0,0,0,0,0,0,0,0,0,100,0,100,100,18.29
"383","10.1038/s41380-021-01385-7","http://doi.org/10.2210/pdb7OW1/pdb",0,0,0,0,0,0,0,0,0,0,100,0,100,0,0,100,0,0,50,100,0,0,0,0,0,0,0,0,0,0,0,0,0,0,0,0,0,100,0,100,100,18.29
"384","10.1038/s41467-020-20877-8","https://www.ebi.ac.uk/metabolights/MTBLS284/descriptors",0,0,0,0,0,0,0,0,0,0,0,0,0,0,0,0,0,0,50,0,0,0,0,0,0,0,0,0,0,0,0,0,0,0,0,0,0,0,0,0,100,3.66
"385","10.1038/s41467-021-22786-w","https://github.com/csi-hamburg/WAKE-UP-preserved-SC/tree/main/code/statistics_R",0,0,0,0,0,0,0,0,0,0,0,0,0,0,0,0,0,0,50,0,0,0,0,0,0,0,0,0,0,0,0,0,0,0,0,0,0,0,0,0,100,3.66
"386","10.1038/s41586-021-04064-3","https://www.pgscatalog.org/score/PGS000886/",0,0,0,0,0,0,0,0,0,0,0,0,0,0,0,0,0,0,50,0,0,0,0,0,0,0,0,0,0,0,0,0,0,0,0,0,0,0,0,0,100,3.66
"387","10.1038/s41586-021-04064-3","http://csg.sph.umich.edu/willer/public/glgc-lipids2021/",0,0,0,0,0,0,0,0,0,0,0,0,0,0,0,0,0,0,50,0,0,0,0,0,0,0,0,0,0,0,0,0,0,0,0,0,0,0,0,0,100,3.66
"388","10.1038/s41594-020-00539-5","https://www.ncbi.nlm.nih.gov/geo/query/acc.cgi?acc=GSE94452",0,0,0,0,0,0,0,0,0,0,100,0,100,0,0,100,0,0,50,100,0,0,0,0,0,0,0,0,0,0,0,0,0,0,0,0,0,100,0,100,100,18.29
"389","10.1016/j.drudis.2021.06.007","https://osf.io/bc58f/",0,0,0,0,0,0,0,0,0,0,0,0,0,0,0,0,0,0,50,0,0,0,0,0,0,0,0,0,0,0,0,0,0,0,0,0,0,0,0,0,100,3.66
"390","10.1038/s41467-021-25914-8","https://github.com/fsera/COVIDWeather/blob/main/mcc_covid_temp_data.csv",0,0,0,0,0,0,0,0,0,0,0,0,0,0,0,0,0,0,50,0,0,0,0,0,0,0,0,0,0,0,0,0,0,0,0,0,0,0,0,0,100,3.66
"391","10.1016/j.xhgg.2021.100042","https://www.ebi.ac.uk/gwas/studies/GCST004415",0,0,0,0,0,0,0,0,0,0,0,0,0,0,0,0,0,0,50,0,0,0,0,0,0,0,0,0,0,0,0,0,0,0,0,0,0,0,0,0,100,3.66
"392","10.1016/j.xhgg.2021.100042","https://doi.org/10.5281/zenodo.3572799",0,0,0,0,0,0,0,0,0,0,100,0,100,0,0,100,0,0,50,100,0,0,0,0,0,0,0,0,0,0,0,0,0,0,0,0,0,100,0,100,100,18.29
"393","10.1038/s41467-021-24045-4","https://www.ebi.ac.uk/biostudies/arrayexpress/studies/E-MTAB-10432",0,0,0,0,0,0,0,0,0,0,0,0,0,0,0,0,0,0,50,0,0,0,0,0,0,0,0,0,0,0,0,0,0,0,0,0,0,0,0,0,100,3.66
"394","10.1038/s41467-021-25326-8","https://www.ebi.ac.uk/ena/browser/view/PRJEB39208",0,0,0,0,0,0,0,0,0,0,0,0,0,0,0,0,0,0,50,0,0,0,0,0,0,0,0,0,0,0,0,0,0,0,0,0,0,0,0,0,100,3.66
"395","10.1038/s41467-021-25326-8","https://www.ebi.ac.uk/arrayexpress/experiments/E-MTAB-10163/",0,0,0,0,0,0,0,0,0,0,0,0,0,0,0,0,0,0,50,0,0,0,0,0,0,0,0,0,0,0,0,0,0,0,0,0,0,0,0,0,100,3.66
"396","10.1038/s41467-021-25379-9","https://www.ncbi.nlm.nih.gov/geo/query/acc.cgi?acc=GSE158916",0,0,0,0,0,0,0,0,0,0,100,0,100,0,0,100,0,0,50,100,0,0,0,0,0,0,0,0,0,0,0,0,0,0,0,0,0,100,0,100,100,18.29
"397","10.1038/s41467-021-25728-8","https://www.ncbi.nlm.nih.gov/geo/query/acc.cgi?acc=GSE181599",0,0,0,0,0,0,0,0,0,0,100,0,100,0,0,100,0,0,50,100,0,0,0,0,0,0,0,0,0,0,0,0,0,0,0,0,0,100,0,100,100,18.29
"398","10.1038/s41467-021-26061-w","https://www.ebi.ac.uk/pride/archive/projects/PXD018345",0,0,0,0,0,0,0,0,0,0,0,0,0,0,0,0,0,0,50,0,0,0,0,0,0,0,0,0,0,0,0,0,0,0,0,0,0,0,0,0,100,3.66
"399","10.1038/s41467-021-27478-z","https://www.ebi.ac.uk/ena/browser/view/PRJEB31628",0,0,0,0,0,0,0,0,0,0,0,0,0,0,0,0,0,0,50,0,0,0,0,0,0,0,0,0,0,0,0,0,0,0,0,0,0,0,0,0,100,3.66
"400","10.1038/s41586-021-03233-8","https://www.ncbi.nlm.nih.gov/geo/query/acc.cgi?acc=GSE145104",0,0,0,0,0,0,0,0,0,0,100,0,100,0,0,100,0,0,50,100,0,0,0,0,0,0,0,0,0,0,0,0,0,0,0,0,0,100,0,100,100,18.29
"401","10.1038/s41586-021-03713-x","https://www.ebi.ac.uk/emdb/EMD-24120",0,0,0,0,0,0,0,0,0,0,100,0,100,0,0,100,0,0,50,100,0,0,0,0,0,0,0,0,0,0,0,0,0,0,0,0,0,100,0,100,100,18.29
"402","10.1038/s41586-021-03713-x","https://doi.org/10.2210/pdb7n1p/pdb",0,0,0,0,0,0,0,0,0,0,100,0,100,0,0,100,0,0,50,100,0,0,0,0,0,0,0,0,0,0,0,0,0,0,0,0,0,100,0,100,100,18.29
"403","10.1038/s41586-021-04116-8","https://www.ncbi.nlm.nih.gov/geo/query/acc.cgi?acc=GSE159986",0,0,0,0,0,0,0,0,0,0,100,0,100,0,0,100,0,0,50,100,0,0,0,0,0,0,0,0,0,0,0,0,0,0,0,0,0,100,0,100,100,18.29
"404","10.1038/s41586-021-04116-8","https://trace.ncbi.nlm.nih.gov/Traces/?view=run_browser&acc=SRR17009152&display=data-access",0,0,0,0,0,0,0,0,0,0,0,0,0,0,0,0,0,0,50,0,0,0,0,0,0,0,0,0,0,0,0,0,0,0,0,0,0,0,0,0,100,3.66
"405","10.1038/s41586-021-04342-0","https://www.ncbi.nlm.nih.gov/nuccore/OV076251.1",0,0,0,0,0,0,0,0,0,0,100,0,100,0,0,100,0,0,50,100,0,0,0,0,0,0,0,0,0,0,0,0,0,0,0,0,0,100,0,100,100,18.29
"406","10.1038/s41586-021-04342-0","https://trace.ncbi.nlm.nih.gov/Traces/?view=run_browser&acc=SRR17052077&display=data-access",0,0,0,0,0,0,0,0,0,0,0,0,0,0,0,0,0,0,50,0,0,0,0,0,0,0,0,0,0,0,0,0,0,0,0,0,0,0,0,0,100,3.66
"407","10.1038/s41587-021-00879-7","https://www.ncbi.nlm.nih.gov/geo/query/acc.cgi?acc=GSE152989",0,0,0,0,0,0,0,0,0,0,100,0,100,0,0,100,0,0,50,100,0,0,0,0,0,0,0,0,0,0,0,0,0,0,0,0,0,100,0,100,100,18.29
"408","10.1038/s41588-021-00951-7","https://www.ebi.ac.uk/ena/browser/view/PRJEB45367",0,0,0,0,0,0,0,0,0,0,0,0,0,0,0,0,0,0,50,0,0,0,0,0,0,0,0,0,0,0,0,0,0,0,0,0,0,0,0,0,100,3.66
"409","10.1038/s41590-021-01035-8","https://www.ebi.ac.uk/pride/archive/projects/PXD026748",0,0,0,0,0,0,0,0,0,0,0,0,0,0,0,0,0,0,50,0,0,0,0,0,0,0,0,0,0,0,0,0,0,0,0,0,0,0,0,0,100,3.66
"410","10.1038/s41591-020-01227-z","https://www.ncbi.nlm.nih.gov/geo/query/acc.cgi?acc=GSE154027",0,0,0,0,0,0,0,0,0,0,100,0,100,0,0,100,0,0,50,100,0,0,0,0,0,0,0,0,0,0,0,0,0,0,0,0,0,100,0,100,100,18.29
"411","10.1038/s41591-020-01227-z","https://github.com/theislab/Covid_meta_analysis/tree/main/Figure1_ACE2_TMPRSS2_coexp",0,0,0,0,0,0,0,0,0,0,0,0,0,0,0,0,0,0,50,0,0,0,0,0,0,0,0,0,0,0,0,0,0,0,0,0,0,0,0,0,100,3.66
"412","10.1038/s41598-021-02011-w","https://www.ncbi.nlm.nih.gov/geo/query/acc.cgi?acc=GSE119025",0,0,0,0,0,0,0,0,0,0,100,0,100,0,0,100,0,0,50,100,0,0,0,0,0,0,0,0,0,0,0,0,0,0,0,0,0,100,0,100,100,18.29
"413","10.1038/s41598-021-90145-2","https://www.ncbi.nlm.nih.gov/nuccore/KT587350",0,0,0,0,0,0,0,0,0,0,100,0,100,0,0,100,0,0,50,100,0,0,0,0,0,0,0,0,0,0,0,0,0,0,0,0,0,100,0,100,100,18.29
"414","10.1038/s42003-021-02307-7","https://doi.org/10.5061/dryad.pnvx0k6kr",0,0,0,0,0,0,0,0,0,0,0,0,0,0,0,0,0,0,50,0,0,0,0,0,0,0,0,0,0,0,0,0,0,0,0,0,0,0,0,0,100,3.66
"415","10.1038/s42003-021-02307-7","https://trace.ncbi.nlm.nih.gov/Traces/index.html?view=run_browser&acc=SRR12567753&display=data-access",0,0,0,0,0,0,0,0,0,0,0,0,0,0,0,0,0,0,50,0,0,0,0,0,0,0,0,0,0,0,0,0,0,0,0,0,0,0,0,0,100,3.66
"416","10.1038/s42003-021-02307-7","https://doi.org/10.5281/zenodo.4768563",0,0,0,0,0,0,0,0,0,0,100,0,100,0,0,100,0,0,50,100,0,0,0,0,0,0,0,0,0,0,0,0,0,0,0,0,0,100,0,100,100,18.29
"417","10.1093/braincomms/fcab027","https://doi.org/10.5281/zenodo.4425256",0,0,0,0,0,0,0,0,0,0,100,0,100,0,0,100,0,0,50,100,0,0,0,0,0,0,0,0,0,0,0,0,0,0,0,0,0,100,0,100,100,18.29
"418","10.1177/21677026211049366","https://doi.org/10.17605/OSF.IO/P3X4R",0,0,0,0,0,0,0,0,0,0,0,0,0,0,0,0,0,0,50,0,0,0,0,0,0,0,0,0,0,0,0,0,0,0,0,0,0,0,0,0,100,3.66
"419","10.1002/14651858.CD014963","https://doi.org/10.5281/zenodo.6500842",0,0,0,0,0,0,0,0,0,0,100,0,100,0,0,100,0,0,50,100,0,0,0,0,0,0,0,0,0,0,0,0,0,0,0,0,0,100,0,100,100,18.29
"420","10.1016/j.neuroimage.2021.117951","https://osf.io/duj47/",0,0,0,0,0,0,0,0,0,0,0,0,0,0,0,0,0,0,50,0,0,0,0,0,0,0,0,0,0,0,0,0,0,0,0,0,0,0,0,0,100,3.66
"421","10.1016/j.neuroimage.2021.117951","https://identifiers.org/neurovault.collection:7566",0,0,0,0,0,0,0,0,0,0,0,0,0,0,0,0,0,0,50,0,0,0,0,0,0,0,0,0,0,0,0,0,0,0,0,0,0,0,0,0,100,3.66
"422","10.1038/s41589-020-00724-z","https://doi.org/10.5281/zenodo.3736430",0,0,0,0,0,0,0,0,0,0,100,0,100,0,0,100,0,0,50,100,0,0,0,0,0,0,0,0,0,0,0,0,0,0,0,0,0,100,0,100,100,18.29
"423","10.1038/s41467-021-20918-w","https://www.ebi.ac.uk/gwas/studies/GCST90007526",0,0,0,0,0,0,0,0,0,0,0,0,0,0,0,0,0,0,50,0,0,0,0,0,0,0,0,0,0,0,0,0,0,0,0,0,0,0,0,0,100,3.66
"424","10.1371/journal.pone.0244497","https://figshare.com/articles/dataset/Y-chromosome_haplotypes_Guevara_et_al_2016_and_SNP_assignment_by_multiplexes_This_study_/13509710",0,0,0,0,0,0,0,0,0,0,0,0,0,0,0,0,0,0,50,0,0,0,0,0,0,0,0,0,0,0,0,0,0,0,0,0,0,0,0,0,100,3.66
"425","10.1038/s41388-021-02054-3","https://doi.org/10.24433/CO.0121060.v1",0,0,0,0,0,0,0,0,0,0,0,0,0,0,0,0,0,0,50,0,0,0,0,0,0,0,0,0,0,0,0,0,0,0,0,0,0,0,0,0,100,3.66
"426","10.1371/journal.pone.0260168","https://figshare.com/articles/dataset/Minimal_underlying_data_set_and_codebook_/17044919",0,0,0,0,0,0,0,0,0,0,0,0,0,0,0,0,0,0,50,0,0,0,0,0,0,0,0,0,0,0,0,0,0,0,0,0,0,0,0,0,100,3.66
"427","10.1016/j.cub.2021.04.043","http://doi.org/10.17605/OSF.IO/YKM6X",0,0,0,0,0,0,0,0,0,0,0,0,0,0,0,0,0,0,50,0,0,0,0,0,0,0,0,0,0,0,0,0,0,0,0,0,0,0,0,0,100,3.66
"428","10.1016/j.immuni.2021.09.002","https://data.mendeley.com/datasets/hwxhw2sxys/1",0,0,0,0,0,0,0,0,0,0,0,0,0,0,0,0,0,0,50,0,0,0,0,0,0,0,0,0,0,0,0,0,0,0,0,0,0,0,0,0,100,3.66
"429","10.1016/j.jmb.2021.166964","http://doi.org/10.2210/pdb6MD5/pdb",0,0,0,0,0,0,0,0,0,0,100,0,100,0,0,100,0,0,50,100,0,0,0,0,0,0,0,0,0,0,0,0,0,0,0,0,0,100,0,100,100,18.29
"430","10.1016/j.lfs.2021.119158","https://www.ncbi.nlm.nih.gov/geo/query/acc.cgi?acc=GSE94916",0,0,0,0,0,0,0,0,0,0,100,0,100,0,0,100,0,0,50,100,0,0,0,0,0,0,0,0,0,0,0,0,0,0,0,0,0,100,0,100,100,18.29
"431","10.1016/j.mcpro.2021.100135","https://www.ebi.ac.uk/pride/archive/projects/PXD027265",0,0,0,0,0,0,0,0,0,0,0,0,0,0,0,0,0,0,50,0,0,0,0,0,0,0,0,0,0,0,0,0,0,0,0,0,0,0,0,0,100,3.66
"432","10.1016/j.stem.2021.03.017","https://www.ncbi.nlm.nih.gov/geo/query/acc.cgi?acc=GSE151333",0,0,0,0,0,0,0,0,0,0,100,0,100,0,0,100,0,0,50,100,0,0,0,0,0,0,0,0,0,0,0,0,0,0,0,0,0,100,0,100,100,18.29
"433","10.1021/acs.jproteome.1c00429","https://doi.org/doi:10.25345/C5NM3R",0,0,0,0,0,0,0,0,0,0,0,0,0,0,0,0,0,0,50,0,0,0,0,0,0,0,0,0,0,0,0,0,0,0,0,0,0,0,0,0,100,3.66
"434","10.1021/acs.jproteome.1c00608","https://massive.ucsd.edu/ProteoSAFe/dataset.jsp?accession=MSV000081885",0,0,0,0,0,0,0,0,0,0,100,0,100,0,0,100,0,0,50,100,0,0,0,0,0,0,0,0,0,0,0,0,0,0,0,0,0,100,0,100,100,18.29
"435","10.1021/acs.jproteome.1c00608","https://www.ebi.ac.uk/pride/archive/projects/PXD027498",0,0,0,0,0,0,0,0,0,0,0,0,0,0,0,0,0,0,50,0,0,0,0,0,0,0,0,0,0,0,0,0,0,0,0,0,0,0,0,0,100,3.66
"436","10.1038/s41467-021-23143-7","https://ddbj.nig.ac.jp/public/ddbj_database/dra/fastq/DRA010/DRA010491/",0,0,0,0,0,0,0,0,0,0,0,0,0,0,0,0,0,0,50,0,0,0,0,0,0,0,0,0,0,0,0,0,0,0,0,0,0,0,0,0,100,3.66
"437","10.1038/s41559-021-01486-0","https://trace.ncbi.nlm.nih.gov/Traces/?view=run_browser&acc=SRR11196254&display=data-access",0,0,0,0,0,0,0,0,0,0,0,0,0,0,0,0,0,0,50,0,0,0,0,0,0,0,0,0,0,0,0,0,0,0,0,0,0,0,0,0,100,3.66
"438","10.1038/s41559-021-01486-0","https://doi.org/10.5061/dryad.7h44j0zsr",0,0,0,0,0,0,0,0,0,0,0,0,0,0,0,0,0,0,50,100,0,0,0,0,0,0,0,0,0,0,0,0,0,0,0,0,0,100,0,100,100,10.98
"439","10.1038/s41586-021-03583-3","https://www.ncbi.nlm.nih.gov/geo/query/acc.cgi?acc=GSE122505",0,0,0,0,0,0,0,0,0,0,0,0,0,0,0,0,0,0,50,100,0,0,0,0,0,0,0,0,0,0,0,0,0,0,0,0,0,100,0,100,100,10.98
"440","10.1038/s41586-021-03767-x","https://www.ebi.ac.uk/gwas/studies/GCST011074",0,0,0,0,0,0,0,0,0,0,0,0,0,0,0,0,0,0,50,0,0,0,0,0,0,0,0,0,0,0,0,0,0,0,0,0,0,0,0,0,100,3.66
"441","10.1038/s43018-020-00171-8","https://www.ncbi.nlm.nih.gov/geo/query/acc.cgi?acc=GSE144288",0,0,0,0,0,0,0,0,0,0,100,0,100,0,0,100,0,0,50,100,0,0,0,0,0,0,0,0,0,0,0,0,0,0,0,0,0,100,0,100,100,18.29
"442","10.1073/pnas.2014481118","https://www.ncbi.nlm.nih.gov/geo/query/acc.cgi?acc=GSE147722",0,0,0,0,0,0,0,0,0,0,100,0,100,0,0,100,0,0,50,100,0,0,0,0,0,0,0,0,0,0,0,0,0,0,0,0,0,100,0,100,100,18.29
"443","10.1073/pnas.2014876118","https://doi.org/10.5281/zenodo.4671006",0,0,0,0,0,0,0,0,0,0,100,0,100,0,0,100,0,0,50,100,0,0,0,0,0,0,0,0,0,0,0,0,0,0,0,0,0,100,0,100,100,18.29
"444","10.1073/pnas.2022580118","http://doi.org/10.2210/pdb7CQF/pdb",0,0,0,0,0,0,0,0,0,0,100,0,100,0,0,100,0,0,50,100,0,0,0,0,0,0,0,0,0,0,0,0,0,0,0,0,0,100,0,100,100,18.29
"445","10.1073/pnas.2108157118","https://www.ncbi.nlm.nih.gov/geo/query/acc.cgi?acc=GSE160294",0,0,0,0,0,0,0,0,0,0,100,0,100,0,0,100,0,0,50,100,0,0,0,0,0,0,0,0,0,0,0,0,0,0,0,0,0,100,0,100,100,18.29
"446","10.1073/pnas.2108157118","https://doi.org/10.5281/zenodo.5203142",0,0,0,0,0,0,0,0,0,0,100,0,100,0,0,100,0,0,50,100,0,0,0,0,0,0,0,0,0,0,0,0,0,0,0,0,0,100,0,100,100,18.29
"447","10.1080/13506285.2021.1915902","https://osf.io/dkx6y/",0,0,0,0,0,0,0,0,0,0,0,0,0,0,0,0,0,0,50,0,0,0,0,0,0,0,0,0,0,0,0,0,0,0,0,0,0,0,0,0,100,3.66
"448","10.1080/15592294.2021.1878723","doi.org/10.5281/zenodo.4327115",0,0,0,0,0,0,0,0,0,0,100,0,100,0,0,100,0,0,50,100,0,0,0,0,0,0,0,0,0,0,0,0,0,0,0,0,0,100,0,100,100,18.29
"449","10.1126/science.abf1357","https://github.com/YunzheLiu/RLReplay/blob/main/MEGTrial_Thres.mat",0,0,0,0,0,0,0,0,0,0,0,0,0,0,0,0,0,0,50,0,0,0,0,0,0,0,0,0,0,0,0,0,0,0,0,0,0,0,0,0,100,3.66
"450","10.1126/science.abh1139","http://doi.org/10.2210/pdb7LOP/pdb",0,0,0,0,0,0,0,0,0,0,100,0,100,0,0,100,0,0,50,100,0,0,0,0,0,0,0,0,0,0,0,0,0,0,0,0,0,100,0,100,100,18.29
"451","10.1126/science.abh1139","https://www.ebi.ac.uk/emdb/EMD-23466",0,0,0,0,0,0,0,0,0,0,100,0,100,0,0,100,0,0,50,100,0,0,0,0,0,0,0,0,0,0,0,0,0,0,0,0,0,100,0,100,100,18.29
"452","10.1126/science.abj4336","https://github.com/CERI-KRISP/africa-covid19-genomics/tree/main/data",0,0,0,0,0,0,0,0,0,0,0,0,0,0,0,0,0,0,50,0,0,0,0,0,0,0,0,0,0,0,0,0,0,0,0,0,0,0,0,0,100,3.66
"453","10.1126/sciimmunol.abg3533","https://www.ncbi.nlm.nih.gov/geo/query/acc.cgi?acc=GSE118174",0,0,0,0,0,0,0,0,0,0,100,0,100,0,0,100,0,0,50,100,0,0,0,0,0,0,0,0,0,0,0,0,0,0,0,0,0,100,0,100,100,18.29
"454","10.1126/sciimmunol.abh0891","https://www.ncbi.nlm.nih.gov/geo/query/acc.cgi?acc=GSE148163",0,0,0,0,0,0,0,0,0,0,100,0,100,0,0,100,0,0,50,100,0,0,0,0,0,0,0,0,0,0,0,0,0,0,0,0,0,100,0,100,100,18.29
"455","10.1126/scisignal.aax7942","https://www.ebi.ac.uk/pride/archive/projects/PXD015579",0,0,0,0,0,0,0,0,0,0,0,0,0,0,0,0,0,0,50,0,0,0,0,0,0,0,0,0,0,0,0,0,0,0,0,0,0,0,0,0,100,3.66
"456","10.1126/scitranslmed.abe8952","https://www.ebi.ac.uk/biostudies/arrayexpress/studies/E-MTAB-9361",0,0,0,0,0,0,0,0,0,0,0,0,0,0,0,0,0,0,50,0,0,0,0,0,0,0,0,0,0,0,0,0,0,0,0,0,0,0,0,0,100,3.66
"457","10.1152/physiolgenomics.00160.2020","https://doi.org/10.6084/m9.figshare.13490262.v3",0,0,0,0,0,0,0,0,0,0,0,0,0,0,0,0,0,0,50,0,0,0,0,0,0,0,0,0,0,0,0,0,0,0,0,0,0,0,0,0,100,3.66
"458","10.1177/13591053211027631","https://osf.io/spd9u/",0,0,0,0,0,0,0,0,0,0,0,0,0,0,0,0,0,0,50,0,0,0,0,0,0,0,0,0,0,0,0,0,0,0,0,0,0,0,0,0,100,3.66
"459","10.1177/1745691620979806","https://osf.io/5qmz7/",0,0,0,0,0,0,0,0,0,0,0,0,0,0,0,0,0,0,50,0,0,0,0,0,0,0,0,0,0,0,0,0,0,0,0,0,0,0,0,0,100,3.66
"460","10.1177/17470218211053992","https://github.com/wangbenchi/Shared_data",0,0,0,0,0,0,0,0,0,0,0,0,0,0,0,0,0,0,50,100,0,0,0,0,0,0,0,0,0,0,0,0,0,0,0,0,0,100,0,0,100,8.54
"461","10.1177/17474930211006286","https://doi.org/10.5281/zenodo.3899830",0,0,0,0,0,0,0,0,0,0,100,0,100,0,0,100,0,0,50,100,0,0,0,0,0,0,0,0,0,0,0,0,0,0,0,0,0,100,0,100,100,18.29
"462","10.1182/bloodadvances.2021004335","https://www.ncbi.nlm.nih.gov/geo/query/acc.cgi?acc=GSE165499",0,0,0,0,0,0,0,0,0,0,100,0,100,0,0,100,0,0,50,100,0,0,0,0,0,0,0,0,0,0,0,0,0,0,0,0,0,100,0,100,100,18.29
"463","10.1182/bloodadvances.2021004335","https://osf.io/uhxvt",0,0,0,0,0,0,0,0,0,0,0,0,0,0,0,0,0,0,50,0,0,0,0,0,0,0,0,0,0,0,0,0,0,0,0,0,0,0,0,0,100,3.66
"464","10.1371/journal.pgen.1009250","https://www.ncbi.nlm.nih.gov/geo/query/acc.cgi?acc=GSE157285",0,0,0,0,0,0,0,0,0,0,100,0,100,0,0,100,0,0,50,100,0,0,0,0,0,0,0,0,0,0,0,0,0,0,0,0,0,100,0,100,100,18.29
"465","10.1371/journal.pgen.1009250","https://figshare.com/articles/dataset/List_of_up-_and_downregulated_transcripts_from_sorted_stem_cells_sorted_Paneth_cells_and_organoids_with_a_p_value_0_05_/17123909?backTo=/collections/MLL1_is_required_for_maintenance_of_intestinal_stem_cells/5736735",0,0,0,0,0,0,0,0,0,0,0,0,0,0,0,0,0,0,50,0,0,0,0,0,0,0,0,0,0,0,0,0,0,0,0,0,0,0,0,0,100,3.66
"466","10.1371/journal.pone.0249256","https://doi.org/10.6084/m9.figshare.14931708.v1",0,0,0,0,0,0,0,0,0,0,0,0,0,0,0,0,0,0,50,0,0,0,0,0,0,0,0,0,0,0,0,0,0,0,0,0,0,0,0,0,100,3.66
"467","10.3201/eid2704.202676","https://www.ncbi.nlm.nih.gov/nuccore/MW809725",0,0,0,0,0,0,0,0,0,0,100,0,100,0,0,100,0,0,50,100,0,0,0,0,0,0,0,0,0,0,0,0,0,0,0,0,0,100,0,100,100,18.29
"468","10.3201/eid2704.203996","https://www.ncbi.nlm.nih.gov/nuccore/MT993951",0,0,0,0,0,0,0,0,0,0,100,0,100,0,0,100,0,0,50,100,0,0,0,0,0,0,0,0,0,0,0,0,0,0,0,0,0,100,0,100,100,18.29
"469","10.3201/eid2707.204660","https://www.ncbi.nlm.nih.gov/nuccore/MT108784",0,0,0,0,0,0,0,0,0,0,100,0,100,0,0,100,0,0,50,100,0,0,0,0,0,0,0,0,0,0,0,0,0,0,0,0,0,100,0,100,100,18.29
"470","10.3389/fimmu.2021.535039","https://www.ncbi.nlm.nih.gov/geo/query/acc.cgi?acc=GSE129772",0,0,0,0,0,0,0,0,0,0,100,0,100,0,0,100,0,0,50,100,0,0,0,0,0,0,0,0,0,0,0,0,0,0,0,0,0,100,0,100,100,18.29
"471","10.3389/fmicb.2021.766527","https://www.ebi.ac.uk/pride/archive/projects/PXD029319",0,0,0,0,0,0,0,0,0,0,0,0,0,0,0,0,0,0,50,0,0,0,0,0,0,0,0,0,0,0,0,0,0,0,0,0,0,0,0,0,100,3.66
"472","10.3389/fmicb.2021.766527","https://www.ebi.ac.uk/emdb/EMD-13672",0,0,0,0,0,0,0,0,0,0,100,0,100,0,0,100,0,0,50,100,0,0,0,0,0,0,0,0,0,0,0,0,0,0,0,0,0,100,0,100,100,18.29
"473","10.3389/fmicb.2021.766527","https://www.ebi.ac.uk/empiar/EMPIAR-10822/",0,0,0,0,0,0,0,0,0,0,0,0,0,0,0,0,0,0,50,0,0,0,0,0,0,0,0,0,0,0,0,0,0,0,0,0,0,0,0,0,100,3.66
"474","10.7717/peerj.10213","https://doi.org/10.6084/m9.figshare.13204370.v1",0,0,0,0,0,0,0,0,0,0,0,0,0,0,0,0,0,0,50,0,0,0,0,0,0,0,0,0,0,0,0,0,0,0,0,0,0,0,0,0,100,3.66
