"","ID","Gen2_FM_F1B_data","Gen2_FM_F1B_metadata","Gen2_FM_F1A","Gen2_FM_F2B","Gen2_FM_F2A","Gen2_FM_F3_data","Gen2_FM_F3_metadata","Gen2_FM_F4","Gen2_FM_A1.1_data","Gen2_FM_A1.1_metadata","Gen2_FM_A1.2_data","Gen2_FM_A1.2_metadata","Gen2_FM_A2","Gen2_FM_I1B_data","Gen2_FM_I1A_data","Gen2_FM_I1B_metadata","Gen2_FM_I1A_metadata","Gen2_FM_I2B","Gen2_FM_I2A","Gen2_FM_I3","Gen2_FM_R1.1_metadata","Gen2_FM_R1.1_data"
"1","https://osf.io/r7g9q/","0","0","1","1","1","0","0","0","0","1","0","0","0","0","0","1","1","0","0","1","0","0"
"2","https://www.ncbi.nlm.nih.gov/nuccore/MW208755","0","0","0","0","0","0","0","0","0","1","0","0","0","0","0","0","0","0","0","0","0","0"
"3","https://www.ncbi.nlm.nih.gov/nuccore/MN555567","0","0","0","0","0","0","0","0","0","1","0","0","0","0","0","0","0","0","0","0","0","0"
"4","https://www.ebi.ac.uk/pride/archive/projects/PXD022350","0","0","0","0","0","0","0","0","0","1","0","0","0","0","0","0","0","0","0","0","0","0"
"5","https://osf.io/738yf/","0","0","0","0","0","0","0","0","0","1","0","0","0","0","0","0","0","0","0","0","0","0"
"6","https://osf.io/ftb9c/","0","0","0","0","0","0","0","0","0","1","0","0","0","0","0","0","0","0","0","0","0","0"
"7","https://doi.org/10.5061/dryad.66t1g1k27","0","1","1","1","1","1","1","0","1","1","1","1","0","0","0","1","1","0","1","1","0","1"
"8","https://trace.ncbi.nlm.nih.gov/Traces/sra/?run=SRR12059634","0","0","0","0","0","0","0","0","0","1","0","0","0","0","0","0","0","0","0","0","0","0"
"9","https://oar.ptb.de/resources/show/10.7795/710.20201113","0","0","0","0","0","0","0","0","0","1","0","0","0","0","0","0","0","0","0","0","0","0"
"10","https://www.ncbi.nlm.nih.gov/geo/query/acc.cgi?acc=GSE159907","0","0","0","0","0","0","0","0","0","1","0","0","0","0","0","0","0","0","0","0","0","0"
"11","https://www.ncbi.nlm.nih.gov/nuccore/NM_013275.6?report=fasta&to=9301","0","0","0","0","0","0","0","0","0","1","0","0","0","0","0","0","0","0","0","0","0","0"
"12","https://osf.io/92swt/?view_only=faec41999e4848ef9535139dfe982c1c","0","0","1","1","1","0","0","0","0","1","0","0","0","0","0","1","1","0","0","1","0","0"
"13","https://www.ncbi.nlm.nih.gov/geo/query/acc.cgi?acc=GSE168808","0","0","0","0","0","0","0","0","0","1","0","0","0","0","0","0","0","0","0","0","0","0"
"14","https://www.ncbi.nlm.nih.gov/nuccore/MW057694","0","0","0","0","0","0","0","0","0","1","0","0","0","0","0","0","0","0","0","0","0","0"
"15","https://www.ncbi.nlm.nih.gov/nuccore/MW072297","0","0","0","0","0","0","0","0","0","1","0","0","0","0","0","0","0","0","0","0","0","0"
"16","https://doi.org/10.5281/zenodo.4669937","0","1","1","1","1","1","1","0","1","1","1","1","0","0","0","1","1","0","1","1","0","1"
"17","https://www.ncbi.nlm.nih.gov/geo/query/acc.cgi?acc=GSE175699","0","0","0","0","0","0","0","0","0","1","0","0","0","0","0","0","0","0","0","0","0","0"
"18","https://www.ebi.ac.uk/ena/browser/view/PRJEB35507","0","0","1","1","1","0","0","0","0","1","0","0","0","0","0","1","1","0","0","0","0","0"
"19","https://www.ncbi.nlm.nih.gov/geo/query/acc.cgi?acc=GSE90805","0","0","0","0","0","0","0","0","0","1","0","0","0","0","0","0","0","0","0","0","0","0"
"20","https://www.ncbi.nlm.nih.gov/geo/query/acc.cgi?acc=GSE163579","0","0","0","0","0","0","0","0","0","1","0","0","0","0","0","0","0","0","0","0","0","0"
"21","https://osf.io/bupge/","0","0","1","1","1","0","0","0","0","1","0","0","0","0","0","1","1","0","0","1","0","0"
"22","https://www.ncbi.nlm.nih.gov/geo/query/acc.cgi?acc=GSE165332","0","0","0","0","0","0","0","0","0","1","0","0","0","0","0","0","0","0","0","0","0","0"
"23","https://trace.ncbi.nlm.nih.gov/Traces/sra/?run=SRR12801265","0","0","0","0","0","0","0","0","0","1","0","0","0","0","0","0","0","0","0","0","0","0"
"24","https://trace.ncbi.nlm.nih.gov/Traces/sra/?run=SRR13999246","0","0","0","0","0","0","0","0","0","1","0","0","0","0","0","0","0","0","0","0","0","0"
"25","https://www.ncbi.nlm.nih.gov/geo/query/acc.cgi?acc=GSE180557","0","0","0","0","0","0","0","0","0","1","0","0","0","0","0","0","0","0","0","0","0","0"
"26","https://www.ebi.ac.uk/pride/archive/projects/PXD014260","0","0","0","0","0","0","0","0","0","1","0","0","0","0","0","0","0","0","0","0","0","0"
"27","https://www.ncbi.nlm.nih.gov/geo/query/acc.cgi?acc=GSE158596","0","0","0","0","0","0","0","0","0","1","0","0","0","0","0","0","0","0","0","0","0","0"
"28","https://www.ncbi.nlm.nih.gov/geo/query/acc.cgi?acc=GSE168499","0","0","0","0","0","0","0","0","0","1","0","0","0","0","0","0","0","0","0","0","0","0"
"29","https://osf.io/er6b8/","0","0","0","0","0","0","0","0","0","1","0","0","0","0","0","0","0","0","0","0","0","0"
"30","https://doi.org/10.6084/m9.figshare.14524716.v1","0","1","1","1","1","1","1","0","1","1","1","1","0","0","0","1","1","0","1","1","0","1"
"31","https://osf.io/xwnr3/","0","0","1","1","1","0","0","0","0","1","0","0","0","0","0","1","1","0","0","1","0","0"
"32","https://doi.org/10.5281/zenodo.5159386","0","1","1","1","1","0","0","0","0","1","0","1","0","0","0","1","1","0","1","1","0","1"
"33","https://doi.org/10.6084/m9.figshare.14450727.v1","0","1","1","1","1","1","1","0","1","1","1","1","0","0","0","1","1","0","1","1","0","1"
"34","https://doi.org/10.17605/OSF.IO/AKRH9","0","1","1","1","1","0","1","0","0","1","0","1","0","0","0","1","1","0","0","1","0","0"
"35","https://www.ncbi.nlm.nih.gov/geo/query/acc.cgi?acc=GSE165263","0","0","0","0","0","0","0","0","0","1","0","0","0","0","0","0","0","0","0","0","0","0"
"36","https://trace.ncbi.nlm.nih.gov/Traces/sra/?run=SRR10743233","0","0","0","0","0","0","0","0","0","1","0","0","0","0","0","0","0","0","0","0","0","0"
"37","https://www.ncbi.nlm.nih.gov/geo/query/acc.cgi?acc=GSE141861","0","0","0","0","0","0","0","0","0","1","0","0","0","0","0","0","0","0","0","0","0","0"
"38","https://figshare.com/articles/dataset/Additional_file_1_of_The_glycosyltransferase_ST3GAL2_is_regulated_by_miR-615-3p_in_the_intestinal_tract_of_Campylobacter_jejuni_infected_mice/14870435","0","0","1","1","1","1","0","0","1","1","1","0","0","0","0","1","1","0","1","1","0","1"
"39","https://www.ncbi.nlm.nih.gov/geo/query/acc.cgi?acc=GSE163521","0","0","0","0","0","0","0","0","0","1","0","0","0","0","0","0","0","0","0","0","0","0"
"40","https://figshare.com/articles/dataset/Additional_file_1_of_Epigenetic_adaptations_of_the_masticatory_mucosa_to_periodontal_inflammation/16928628","0","0","1","1","1","1","0","0","1","1","1","0","0","0","0","1","1","0","1","1","0","1"
"41","https://www.ncbi.nlm.nih.gov/nuccore/MT107888","0","0","0","0","0","0","0","0","0","1","0","0","0","0","0","0","0","0","0","0","0","0"
"42","https://github.com/volkamerlab/cptox21_manuscript_SI/tree/master/data/data_signatures","0","0","1","1","1","0","0","0","0","1","0","0","0","0","0","1","1","0","0","0","0","0"
"43","https://www.ebi.ac.uk/ena/browser/view/PRJEB39814?show=reads","0","0","1","1","1","0","0","0","0","1","0","0","0","0","0","1","1","0","0","0","0","0"
"44","https://trace.ncbi.nlm.nih.gov/Traces/sra/?run=SRR12921007","0","0","0","0","0","0","0","0","0","1","0","0","0","0","0","0","0","0","0","0","0","0"
"45","https://www.ebi.ac.uk/ena/browser/view/PRJEB46911?show=reads","0","0","1","1","1","0","0","0","0","1","0","0","0","0","0","1","1","0","0","0","0","0"
"46","https://osf.io/zy7vs","0","0","0","0","0","0","0","0","0","1","0","0","0","0","0","0","0","0","0","0","0","0"
"47","https://doi.org/10.6084/m9.figshare.14527317.v4","0","1","1","1","1","1","1","0","1","1","1","1","0","0","0","1","1","0","1","1","0","1"
"48","https://osf.io/7xc23/","0","0","0","0","0","0","0","0","0","1","0","0","0","0","0","0","0","0","0","0","0","0"
"49","https://doi.org/10.5281/zenodo.4498214","0","1","1","1","1","1","0","0","1","1","1","1","0","0","0","1","1","0","1","1","0","1"
"50","https://doi.org/10.17605/OSF.IO/B5296","0","1","1","1","1","0","1","0","0","1","0","1","0","0","0","1","1","0","0","1","0","0"
"51","https://doi.org/10.17605/OSF.IO/W3JUH","0","1","1","1","1","0","1","0","0","1","0","1","0","0","0","1","1","0","0","1","0","0"
"52","https://figshare.com/articles/dataset/Reporting_assessments_for_sample_of_110_preclinical_systematic_reviews_/14543924","0","0","1","1","1","1","0","0","1","1","1","0","0","0","0","1","1","0","1","1","0","1"
"53","https://figshare.com/articles/dataset/This_file_contains_all_raw_data_underlying_the_figures_/17226515","0","0","1","1","1","1","0","0","1","1","1","0","0","0","0","1","1","0","1","1","0","1"
"54","https://figshare.com/articles/dataset/Numerical_values_underlying_summary_data_displayed_in_figures_/17123529","0","0","1","1","1","1","0","0","1","1","1","0","0","0","0","1","1","0","1","1","0","1"
"55","https://dx.doi.org/10.5281/zenodo.4064148","0","1","1","1","1","1","0","0","1","1","1","1","0","0","0","1","1","0","1","1","0","1"
"56","https://www.ebi.ac.uk/ena/browser/view/PRJEB40670?show=reads","0","0","1","1","1","0","0","0","0","1","0","0","0","0","0","1","1","0","0","0","0","0"
"57","https://itbgit.biologie.hu-berlin.de/dorel/phosphoproteomics_tnb_perturbations/-/blob/master/210113.proteinGroups.filteredNormalz.txt?expanded=true&viewer=simple","0","0","1","1","1","0","0","0","0","1","0","0","0","0","0","1","1","0","0","1","0","0"
"58","https://figshare.com/articles/dataset/All_somatic_SNVs_and_small_insertions_deletions_indels_detected_in_the_study_/13513223","0","0","1","1","1","1","0","0","1","1","1","0","0","0","0","1","1","0","1","1","0","1"
"59","https://figshare.com/articles/dataset/NSC23766_treatment_of_wild_type_mouse_sperm_/13714335","0","0","1","1","1","1","0","0","1","1","1","0","0","0","0","1","1","0","1","1","0","1"
"60","https://figshare.com/articles/dataset/Raw_data_of_the_lipidomics_experiments_including_sample_identifiers_/14831532","0","0","1","1","1","0","0","0","0","1","0","0","0","0","0","1","1","0","0","0","0","0"
"61","https://figshare.com/articles/dataset/Sources_of_the_CNV-case_cohorts_used_in_this_study_/15077835","0","0","1","1","1","1","0","0","1","1","1","0","0","0","0","1","1","0","1","1","0","1"
"62","https://figshare.com/articles/journal_contribution/Data_basis_for_meta-analyses_and_meta-regression_analyses_/16415146","0","0","1","1","1","0","0","0","0","1","0","0","0","0","0","1","1","0","0","0","0","0"
"63","https://figshare.com/articles/dataset/Data_table_depicting_overall_typing_results_/14311834","0","0","1","1","1","1","0","0","1","1","1","0","0","0","0","1","1","0","1","1","0","1"
"64","https://www.ncbi.nlm.nih.gov/nuccore/MW383507","0","0","0","0","0","0","0","0","0","1","0","0","0","0","0","0","0","0","0","0","0","0"
"65","https://figshare.com/articles/dataset/Dataset_1_/16806162","0","0","1","1","1","1","0","0","1","1","1","0","0","0","0","1","1","0","1","1","0","1"
"66","https://doi.org/10.5281/zenodo.4049178","0","1","1","1","1","0","1","0","0","1","0","1","0","0","0","1","1","0","1","1","0","1"
"67","https://figshare.com/articles/dataset/Tacrolimus_PK_model_dataset_/13630924","0","0","1","1","1","1","0","0","1","1","1","0","0","0","0","1","1","0","1","1","0","1"
"68","https://figshare.com/articles/dataset/Raw_data_/13866240","0","0","1","1","1","1","0","0","1","1","1","0","0","0","0","1","1","0","1","1","0","1"
"69","https://figshare.com/articles/dataset/S1_Data_-/14041848","0","0","1","1","1","1","0","0","1","1","1","0","0","0","0","1","1","0","1","1","0","1"
"70","https://www.ncbi.nlm.nih.gov/geo/query/acc.cgi?acc=GSE166400","0","0","0","0","0","0","0","0","0","1","0","0","0","0","0","0","0","0","0","0","0","0"
"71","https://figshare.com/articles/dataset/S1_Data_-/14162457","0","0","1","1","1","1","0","0","1","1","1","0","0","0","0","1","1","0","1","1","0","1"
"72","https://doi.org/10.11588/data/FSPQL4","0","1","1","1","1","0","0","0","0","1","0","1","0","0","0","1","1","0","1","1","0","0"
"73","https://osf.io/t3mcj/","0","0","0","0","0","0","0","0","0","1","0","0","0","0","0","0","0","0","0","0","0","0"
"74","https://figshare.com/articles/dataset/S1_Dataset_-/14409535","0","0","1","1","1","1","0","0","1","1","1","0","0","0","0","1","1","0","1","1","0","1"
"75","https://doi.org/10.5281/zenodo.4135394","0","1","1","1","1","0","1","0","0","1","0","1","0","0","0","1","1","0","1","1","0","1"
"76","https://figshare.com/articles/dataset/Raw_data_of_all_MRSA_outbreak_reports_included_/14383401","0","0","1","1","1","1","0","0","1","1","1","0","0","0","0","1","1","0","1","1","0","1"
"77","https://figshare.com/articles/dataset/Raw_data_1_/14549776","0","0","1","1","1","1","0","0","1","1","1","0","0","0","0","1","1","0","1","1","0","1"
"78","https://doi.org/10.5281/zenodo.3718578","0","1","1","1","1","0","0","0","0","1","1","1","0","0","0","1","1","0","1","1","0","0"
"79","https://figshare.com/articles/dataset/S1_Dataset_-/14976465","0","0","1","1","1","1","0","0","1","1","1","0","0","0","0","1","1","0","1","1","0","1"
"80","https://figshare.com/articles/dataset/Supplementary_study_data_/14894303","0","0","1","1","1","1","0","0","1","1","1","0","0","0","0","1","1","0","1","1","0","1"
"81","https://doi.org/10.6084/m9.figshare.13251428","0","1","1","1","1","1","0","0","1","1","1","1","0","0","0","1","1","0","1","1","0","1"
"82","http://dx.doi.org/10.25532/OPARA-120","0","1","1","1","1","0","0","0","0","1","0","1","0","0","0","1","1","0","1","1","0","1"
"83","https://osf.io/bdsqv/","0","0","0","0","0","0","0","0","0","1","0","0","0","0","0","0","0","0","0","0","0","0"
"84","https://figshare.com/articles/dataset/S1_Dataset_-/16602615","0","0","1","1","1","1","0","0","1","1","1","0","0","0","0","1","1","0","1","1","0","1"
"85","https://figshare.com/articles/dataset/S1_Dataset_-/16662303","0","0","1","1","1","1","0","0","1","1","1","0","0","0","0","1","1","0","1","1","0","1"
"86","https://doi.org/10.6084/m9.figshare.16680565.v2","0","1","1","1","1","1","1","0","1","1","1","1","0","0","0","1","1","0","1","1","0","1"
"87","https://figshare.com/articles/dataset/Dataset_for_60_pats_CPI_/16925496","0","0","1","1","1","1","0","0","1","1","1","0","0","0","0","1","1","0","1","1","0","1"
"88","https://figshare.com/articles/dataset/Somatic_variants_of_candidate_driver_genes_in_MSH3-deficient_adenomas_/17094902","0","0","1","1","1","1","0","0","1","1","1","0","0","0","0","1","1","0","1","1","0","1"
"89","https://www.ncbi.nlm.nih.gov/nuccore/MT776952","0","0","0","0","0","0","0","0","0","1","0","0","0","0","0","0","0","0","0","0","0","0"
"90","https://trace.ncbi.nlm.nih.gov/Traces/sra/?run=SRR9891693","0","0","0","0","0","0","0","0","0","1","0","0","0","0","0","0","0","0","0","0","0","0"
"91","https://www.wwpdb.org/pdb?id=pdb_00006zue","0","0","0","0","0","0","0","0","0","1","0","0","0","0","0","0","0","0","0","0","0","0"
"92","https://www.ebi.ac.uk/emdb/EMD-10611","0","0","1","1","1","0","0","0","0","1","0","0","0","0","0","1","1","0","0","0","0","0"
"93","https://www.ebi.ac.uk/pride/archive/projects/PXD020453","0","0","0","0","0","0","0","0","0","1","0","0","0","0","0","0","0","0","0","0","0","0"
"94","https://www.ncbi.nlm.nih.gov/geo/query/acc.cgi?acc=GSE160845","0","0","0","0","0","0","0","0","0","1","0","0","0","0","0","0","0","0","0","0","0","0"
"95","https://www.ebi.ac.uk/pride/archive/projects/PXD018651","0","0","0","0","0","0","0","0","0","1","0","0","0","0","0","0","0","0","0","0","0","0"
"96","https://www.metabolomicsworkbench.org/data/DRCCMetadata.php?Mode=Study&StudyID=ST001673","0","0","0","0","0","0","0","0","0","1","0","0","0","0","0","0","0","0","0","0","0","0"
"97","https://www.ebi.ac.uk/pride/archive/projects/PXD020175","0","0","0","0","0","0","0","0","0","1","0","0","0","0","0","0","0","0","0","0","0","0"
"98","https://www.ncbi.nlm.nih.gov/geo/query/acc.cgi?acc=GSE156544","0","0","0","0","0","0","0","0","0","1","0","0","0","0","0","0","0","0","0","0","0","0"
"99","https://www.ncbi.nlm.nih.gov/geo/query/acc.cgi?acc=GSE153105","0","0","0","0","0","0","0","0","0","1","0","0","0","0","0","0","0","0","0","0","0","0"
"100","https://www.ncbi.nlm.nih.gov/geo/query/acc.cgi?acc=GSE166555","0","0","0","0","0","0","0","0","0","1","0","0","0","0","0","0","0","0","0","0","0","0"
"101","https://github.com/molsysbio/sccrc/tree/master/_data","0","0","1","1","1","0","0","0","0","1","0","0","0","0","0","1","1","0","0","0","0","0"
"102","https://www.ncbi.nlm.nih.gov/geo/query/acc.cgi?acc=GSE159978","0","0","0","0","0","0","0","0","0","1","0","0","0","0","0","0","0","0","0","0","0","0"
"103","https://doi.org/10.5281/zenodo.4434363","0","1","1","1","1","1","1","0","1","1","1","1","0","0","0","1","1","0","1","1","0","1"
"104","https://www.ncbi.nlm.nih.gov/geo/query/acc.cgi?acc=GSE153894","0","0","0","0","0","0","0","0","0","1","0","0","0","0","0","0","0","0","0","0","0","0"
"105","https://www.ebi.ac.uk/pride/archive/projects/PXD024707","0","0","0","0","0","0","0","0","0","1","0","0","0","0","0","0","0","0","0","0","0","0"
"106","https://doi.org/10.6084/m9.figshare.14778417","0","1","1","1","1","1","0","0","1","1","1","1","0","0","0","1","1","0","1","1","0","1"
"107","https://www.ncbi.nlm.nih.gov/geo/query/acc.cgi?acc=GSE185854","0","0","0","0","0","0","0","0","0","1","0","0","0","0","0","0","0","0","0","0","0","0"
"108","https://trace.ncbi.nlm.nih.gov/Traces/sra/?run=SRR11498174","0","0","0","0","0","0","0","0","0","1","0","0","0","0","0","0","0","0","0","0","0","0"
"109","https://www.ncbi.nlm.nih.gov/geo/query/acc.cgi?acc=GSE146284","0","0","0","0","0","0","0","0","0","1","0","0","0","0","0","0","0","0","0","0","0","0"
"110","https://github.com/hdsu-bioquant/irene-data","0","0","1","1","1","0","0","0","0","1","0","0","0","0","0","1","1","0","0","0","0","0"
"111","https://figshare.com/articles/dataset/DataSheet1_A_Systematic_Review_of_Transcriptional_Dysregulation_in_Huntington_s_Disease_Studied_by_RNA_Sequencing_XLSX/16816798?backTo=/collections/A_Systematic_Review_of_Transcriptional_Dysregulation_in_Huntington_s_Disease_Studied_by_RNA_Sequencing/5663986","0","0","1","1","1","1","0","0","1","1","1","0","0","0","0","1","1","0","1","1","0","1"
"112","https://trace.ncbi.nlm.nih.gov/Traces/sra/?run=SRR12678969","0","0","0","0","0","0","0","0","0","1","0","0","0","0","0","0","0","0","0","0","0","0"
"113","https://figshare.com/articles/dataset/Table_2_Evidence_of_B_Cell_Clonality_and_Investigation_Into_Properties_of_the_IgM_in_Patients_With_Schnitzler_Syndrome_xlsx/13324736?backTo=/collections/Evidence_of_B_Cell_Clonality_and_Investigation_Into_Properties_of_the_IgM_in_Patients_With_Schnitzler_Syndrome/5227352","0","0","1","1","1","1","0","0","1","1","1","0","0","0","0","1","1","0","1","1","0","1"
"114","https://trace.ncbi.nlm.nih.gov/Traces/sra/?run=SRR13009845","0","0","0","0","0","0","0","0","0","1","0","0","0","0","0","0","0","0","0","0","0","0"
"115","https://www.ncbi.nlm.nih.gov/geo/query/acc.cgi?acc=GSE124719","0","0","0","0","0","0","0","0","0","1","0","0","0","0","0","0","0","0","0","0","0","0"
"116","https://figshare.com/articles/dataset/Table_1_Modulation_of_Liver_Inflammation_and_Fibrosis_by_Interleukin-37_XLSX/14160740?backTo=/collections/Modulation_of_Liver_Inflammation_and_Fibrosis_by_Interleukin-37/5326814","0","0","1","1","1","1","0","0","1","1","1","0","0","0","0","1","1","0","1","1","0","1"
"117","https://www.ncbi.nlm.nih.gov/geo/query/acc.cgi?acc=GSE182644","0","0","0","0","0","0","0","0","0","1","0","0","0","0","0","0","0","0","0","0","0","0"
"118","https://www.ebi.ac.uk/arrayexpress/experiments/E-MTAB-9850/","0","0","1","1","1","0","0","0","0","1","0","0","0","0","0","1","1","0","0","0","0","0"
"119","https://www.ebi.ac.uk/ena/browser/view/PRJEB42795?show=reads","0","0","1","1","1","0","0","0","0","1","0","0","0","0","0","1","1","0","0","0","0","0"
"120","https://www.ebi.ac.uk/pride/archive/projects/PXD024375","0","0","0","0","0","0","0","0","0","1","0","0","0","0","0","0","0","0","0","0","0","0"
"121","https://figshare.com/articles/dataset/Data_Sheet_1_The_Effect_of_Allicin_on_the_Proteome_of_SARS-CoV-2_Infected_Calu-3_Cells_XLSX/16894696?backTo=/collections/The_Effect_of_Allicin_on_the_Proteome_of_SARS-CoV-2_Infected_Calu-3_Cells/5682514","0","0","1","1","1","1","0","0","1","1","1","0","0","0","0","1","1","0","1","1","0","1"
"122","https://www.ebi.ac.uk/pride/archive/projects/PXD023740/","0","0","0","0","0","0","0","0","0","1","0","0","0","0","0","0","0","0","0","0","0","0"
"123","https://figshare.com/articles/dataset/Table1_Altered_Glycosylation_in_the_Aging_Heart_XLSX/14694453?backTo=/collections/Altered_Glycosylation_in_the_Aging_Heart/5442648","0","0","1","1","1","1","0","0","1","1","1","0","0","0","0","1","1","0","1","1","0","1"
"124","https://www.ncbi.nlm.nih.gov/geo/query/acc.cgi?acc=GSE155945","0","0","0","0","0","0","0","0","0","1","0","0","0","0","0","0","0","0","0","0","0","0"
"125","http://doi.org/10.5281/zenodo.4362503","0","1","1","1","1","0","0","0","0","1","0","1","0","0","0","1","1","0","1","1","0","1"
"126","https://www.ncbi.nlm.nih.gov/geo/query/acc.cgi?acc=GSE88710","0","0","0","0","0","0","0","0","0","1","0","0","0","0","0","0","0","0","0","0","0","0"
"127","https://figshare.com/articles/dataset/EEG_resting_state_power_before_during_and_after_60_days_of_bed_rest/12148359?file=25963484","0","0","1","1","1","1","0","0","1","1","1","0","0","0","0","1","1","0","1","1","0","1"
"128","http://doi.org/10.6084/m9.figshare.13633790","0","1","1","1","1","1","0","0","1","1","1","1","0","0","0","1","1","0","1","1","0","1"
"129","https://figshare.com/articles/dataset/raw_data_of_Aging_Affects_KV7_Channels_and_Perivascular_Adipose_Tissue-Mediated_Vascular_Tone/16920589","0","0","1","1","1","1","0","0","1","1","1","0","0","0","0","1","1","0","1","1","0","1"
"130","https://osf.io/e8tg5/","0","0","1","1","1","0","0","0","0","1","0","0","0","0","0","1","1","0","0","1","0","0"
"131","https://osf.io/qgntp/","0","0","0","0","0","0","0","0","0","1","0","0","0","0","0","0","0","0","0","0","0","0"
"132","https://data.4dnucleome.org/files-processed/4DNFIJRX16EK/#file-overview","0","0","1","1","1","0","0","0","0","1","0","0","0","0","0","1","1","0","0","0","0","0"
"133","https://www.ebi.ac.uk/ena/browser/view/PRJEB44908?show=reads","0","0","1","1","1","0","0","0","0","1","0","0","0","0","0","1","1","0","0","0","0","0"
"134","https://trace.ncbi.nlm.nih.gov/Traces/sra/?run=ERR5917174","0","0","0","0","0","0","0","0","0","1","0","0","0","0","0","0","0","0","0","0","0","0"
"135","https://www.ebi.ac.uk/pride/archive/projects/PXD018230","0","0","0","0","0","0","0","0","0","1","0","0","0","0","0","0","0","0","0","0","0","0"
"136","https://www.ncbi.nlm.nih.gov/geo/query/acc.cgi?acc=GSE111079","0","0","0","0","0","0","0","0","0","1","0","0","0","0","0","0","0","0","0","0","0","0"
"137","https://www.ebi.ac.uk/arrayexpress/experiments/E-MTAB-9701/","0","0","1","1","1","0","0","0","0","1","0","0","0","0","0","1","1","0","0","0","0","0"
"138","https://www.ncbi.nlm.nih.gov/geo/query/acc.cgi?acc=GSE178468","0","0","0","0","0","0","0","0","0","1","0","0","0","0","0","0","0","0","0","0","0","0"
"139","https://www.ncbi.nlm.nih.gov/nuccore/MZ474965.1","0","0","0","0","0","0","0","0","0","1","0","0","0","0","0","0","0","0","0","0","0","0"
"140","https://www.ncbi.nlm.nih.gov/Traces/wgs/JAIEZW01?display=contigs","0","0","1","0","1","0","0","0","0","1","0","0","0","0","0","0","1","0","0","0","0","0"
"141","https://trace.ncbi.nlm.nih.gov/Traces/sra/?run=SRR15177978","0","0","0","0","0","0","0","0","0","1","0","0","0","0","0","0","0","0","0","0","0","0"
"142","https://trace.ncbi.nlm.nih.gov/Traces/sra/?run=SRR15177977","0","0","0","0","0","0","0","0","0","1","0","0","0","0","0","0","0","0","0","0","0","0"
"143","https://doi.org/10.6084/m9.figshare.14975286.v1","0","1","1","1","1","1","1","0","1","1","1","1","0","0","0","1","1","0","1","1","0","1"
"144","https://www.ncbi.nlm.nih.gov/geo/query/acc.cgi?acc=GSE163168","0","0","0","0","0","0","0","0","0","1","0","0","0","0","0","0","0","0","0","0","0","0"
"145","https://doi.org/doi:10.25345/C5NN4G","0","1","1","1","1","0","0","0","0","1","0","1","0","0","0","1","1","0","1","1","0","0"
"146","https://www.ncbi.nlm.nih.gov/protein/NP_849148.2/","0","0","0","0","0","0","0","0","0","1","0","0","0","0","0","0","0","0","0","0","0","0"
"147","http://doi.org/10.5281/zenodo.4884946","0","1","1","1","1","0","0","0","0","1","0","1","0","0","0","1","1","0","1","1","0","1"
"148","http://doi.org/10.5281/zenodo.5524539","0","1","1","1","1","1","0","0","1","1","1","1","0","0","0","1","1","0","1","1","0","1"
"149","https://trace.ncbi.nlm.nih.gov/Traces/index.html?view=run_browser&acc=SRR19746232&display=metadata","0","0","0","0","0","0","0","0","0","1","0","0","0","0","0","0","0","0","0","0","0","0"
"150","https://www.ncbi.nlm.nih.gov/geo/query/acc.cgi?acc=GSE169213","0","0","0","0","0","0","0","0","0","1","0","0","0","0","0","0","0","0","0","0","0","0"
"151","https://www.ncbi.nlm.nih.gov/nuccore/mw822235","0","0","0","0","0","0","0","0","0","1","0","0","0","0","0","0","0","0","0","0","0","0"
"152","https://doi.org/10.5281/zenodo.5377507","0","1","1","1","1","0","0","0","0","1","0","1","0","0","0","1","1","0","1","1","0","1"
"153","https://doi.org/10.17605/OSF.IO/NGHFS","0","1","1","1","1","0","1","0","0","1","0","1","0","0","0","1","1","0","0","1","0","0"
"154","https://www.ncbi.nlm.nih.gov/geo/query/acc.cgi?acc=GSE178416","0","0","0","0","0","0","0","0","0","1","0","0","0","0","0","0","0","0","0","0","0","0"
"155","https://www.ncbi.nlm.nih.gov/geo/query/acc.cgi?acc=GSE171994","0","0","0","0","0","0","0","0","0","1","0","0","0","0","0","0","0","0","0","0","0","0"
"156","https://doi.org/10.5281/zenodo.4906565","0","1","1","1","1","1","0","0","1","1","1","1","0","0","0","1","1","0","1","1","0","1"
"157","https://doi.org/10.6084/m9.figshare.13653269","0","1","1","1","1","1","0","0","1","1","1","1","0","0","0","1","1","0","1","1","0","1"
"158","https://data.4dnucleome.org/files-fastq/4DNFI1F6ZLAO/","0","0","1","1","1","0","0","0","0","1","0","0","0","0","0","1","1","0","0","0","0","0"
"159","https://trace.ncbi.nlm.nih.gov/Traces/index.html?view=run_browser&acc=SRR14197386&display=data-access","0","0","0","0","0","0","0","0","0","1","0","0","0","0","0","0","0","0","0","0","0","0"
"160","https://doi.org/10.5281/zenodo.5235706","0","1","1","1","1","1","1","0","1","1","1","1","0","0","0","1","1","0","1","1","0","1"
"161","https://osf.io/qakbv/","0","0","1","1","1","0","0","0","0","1","0","0","0","0","0","1","1","0","0","1","0","0"
"162","https://dx.doi.org/10.17617/3.64","0","1","1","1","1","0","0","0","0","1","0","1","0","0","0","1","1","0","1","1","0","0"
"163","https://osf.io/3jq76?view_only=917a4a545f144ddd948c4ae6a3bcb2e5","0","0","0","0","0","0","0","0","0","1","0","0","0","0","0","0","0","0","0","0","0","0"
"164","https://osf.io/kyr8v/","0","0","1","1","1","0","0","0","0","1","0","0","0","0","0","1","1","0","0","1","0","0"
"165","https://doi.org/10.5281/zenodo.3876271","0","1","1","1","1","1","0","0","1","1","1","1","0","0","0","1","1","0","1","1","0","1"
"166","https://doi.org/10.6084/m9.figshare.13298012.v1","0","1","1","1","1","1","1","0","1","1","1","1","0","0","0","1","1","0","1","1","0","1"
"167","https://doi.org/10.6084/m9.figshare.14035935","0","1","1","1","1","1","0","0","1","1","1","1","0","0","0","1","1","0","1","1","0","1"
"168","https://doi.org/10.6084/m9.figshare.14780127.v1","0","1","1","1","1","1","1","0","1","1","1","1","0","0","0","1","1","0","1","1","0","1"
"169","https://www.ncbi.nlm.nih.gov/geo/query/acc.cgi?acc=GSE161441","0","0","0","0","0","0","0","0","0","1","0","0","0","0","0","0","0","0","0","0","0","0"
"170","https://www.ebi.ac.uk/gwas/studies/GCST90010722","0","0","0","0","0","0","0","0","0","1","0","0","0","0","0","0","0","0","0","0","0","0"
"171","https://doi.org/10.6084/m9.figshare.14938755","0","1","1","1","1","1","0","0","1","1","1","1","0","0","0","1","1","0","1","1","0","1"
"172","https://www.ebi.ac.uk/pride/archive/projects/PXD023613","0","0","0","0","0","0","0","0","0","1","0","0","0","0","0","0","0","0","0","0","0","0"
"173","https://trace.ncbi.nlm.nih.gov/Traces/index.html?view=run_browser&acc=ERR1915528&display=data-access","0","0","0","0","0","0","0","0","0","1","0","0","0","0","0","0","0","0","0","0","0","0"
"174","https://doi.org/10.5281/zenodo.4728981","0","1","1","1","1","0","0","0","0","1","0","1","0","0","0","1","1","0","1","1","0","1"
"175","https://www.ebi.ac.uk/ena/browser/view/PRJEB41311","0","0","1","1","1","0","0","0","0","1","0","0","0","0","0","1","1","0","0","0","0","0"
"176","https://massive.ucsd.edu/ProteoSAFe/dataset.jsp?task=1a42c18056484609afafe07519049ad9","0","0","0","0","0","0","0","0","0","1","0","0","0","0","0","0","0","0","0","0","0","0"
"177","https://www.ncbi.nlm.nih.gov/geo/query/acc.cgi?acc=GSE184329","0","0","0","0","0","0","0","0","0","1","0","0","0","0","0","0","0","0","0","0","0","0"
"178","https://www.ncbi.nlm.nih.gov/geo/query/acc.cgi?acc=GSE148792","0","0","0","0","0","0","0","0","0","1","0","0","0","0","0","0","0","0","0","0","0","0"
"179","https://github.com/pombo-lab/WinickNg_Kukalev_Harabula_Nature_2021/tree/main/microscopy_images/","0","0","1","1","1","0","0","0","0","1","0","0","0","0","0","1","1","0","0","0","0","0"
"180","https://www.ebi.ac.uk/ena/browser/view/ERR389126?show=reads","0","0","1","1","1","0","0","0","0","1","0","0","0","0","0","1","1","0","0","0","0","0"
"181","https://www.ncbi.nlm.nih.gov/geo/query/acc.cgi?acc=GSE165532","0","0","0","0","0","0","0","0","0","1","0","0","0","0","0","0","0","0","0","0","0","0"
"182","https://doi.org/10.6084/m9.figshare.12436517","0","1","1","1","1","1","0","0","1","1","1","1","0","0","0","1","1","0","1","1","0","1"
"183","https://www.ncbi.nlm.nih.gov/geo/query/acc.cgi?acc=GSE144103","0","0","0","0","0","0","0","0","0","1","0","0","0","0","0","0","0","0","0","0","0","0"
"184","https://trace.ncbi.nlm.nih.gov/Traces/index.html?view=run_browser&acc=SRR6122124&display=metadata","0","0","0","0","0","0","0","0","0","1","0","0","0","0","0","0","0","0","0","0","0","0"
"185","https://www.ncbi.nlm.nih.gov/geo/query/acc.cgi?acc=GSE137335","0","0","0","0","0","0","0","0","0","1","0","0","0","0","0","0","0","0","0","0","0","0"
"186","https://www.ncbi.nlm.nih.gov/nuccore/MW294174.2/","0","0","0","0","0","0","0","0","0","1","0","0","0","0","0","0","0","0","0","0","0","0"
"187","https://www.ncbi.nlm.nih.gov/geo/query/acc.cgi?acc=GSE128636","0","0","0","0","0","0","0","0","0","1","0","0","0","0","0","0","0","0","0","0","0","0"
"188","https://www.ncbi.nlm.nih.gov/geo/query/acc.cgi?acc=GSE87076","0","0","0","0","0","0","0","0","0","1","0","0","0","0","0","0","0","0","0","0","0","0"
"189","https://doi.org/10.6084/m9.figshare.12129534","0","1","1","1","1","1","0","0","1","1","1","1","0","0","0","1","1","0","1","1","0","1"
"190","https://www.ebi.ac.uk/biostudies/studies/S-BSST699?query=S-BSST699","0","0","1","1","1","0","0","0","0","1","0","0","0","0","0","1","1","0","0","0","0","0"
"191","https://www.ncbi.nlm.nih.gov/geo/query/acc.cgi?acc=GSE154803","0","0","0","0","0","0","0","0","0","1","0","0","0","0","0","0","0","0","0","0","0","0"
"192","https://www.ncbi.nlm.nih.gov/nuccore/MN481964","0","0","0","0","0","0","0","0","0","1","0","0","0","0","0","0","0","0","0","0","0","0"
"193","https://doi.org/10.6084/m9.figshare.14785434","0","1","1","1","1","1","0","0","1","1","1","1","0","0","0","1","1","0","1","1","0","1"
"194","https://trace.ncbi.nlm.nih.gov/Traces/index.html?view=run_browser&acc=SRR13039593&display=data-access","0","0","0","0","0","0","0","0","0","1","0","0","0","0","0","0","0","0","0","0","0","0"
"195","https://www.ebi.ac.uk/biostudies/studies/S-BSST630","0","0","1","1","1","0","0","0","0","1","0","0","0","0","0","1","1","0","0","0","0","0"
"196","https://www.ebi.ac.uk/pride/archive/projects/PXD024800","0","0","0","0","0","0","0","0","0","1","0","0","0","0","0","0","0","0","0","0","0","0"
"197","https://doi.org/10.5281/zenodo.3478502","0","1","1","1","1","1","1","0","1","1","1","1","0","0","0","1","1","0","1","1","0","1"
"198","https://www.ncbi.nlm.nih.gov/geo/query/acc.cgi?acc=GSE158038","0","0","0","0","0","0","0","0","0","1","0","0","0","0","0","0","0","0","0","0","0","0"
"199","https://osf.io/qesv4/","0","0","1","1","1","0","0","0","0","1","0","0","0","0","0","1","1","0","0","1","0","0"
"200","https://www.ncbi.nlm.nih.gov/geo/query/acc.cgi?acc=GSE152915","0","0","0","0","0","0","0","0","0","1","0","0","0","0","0","0","0","0","0","0","0","0"
"201","https://www.ebi.ac.uk/pride/archive/projects/PXD019112","0","0","0","0","0","0","0","0","0","1","0","0","0","0","0","0","0","0","0","0","0","0"
"202","https://doi.org/10.5281/zenodo.3744152","0","1","1","1","1","1","1","0","1","1","1","1","0","0","0","1","1","0","1","1","0","1"
"203","https://www.ncbi.nlm.nih.gov/geo/query/acc.cgi?acc=GSE63197","0","0","0","0","0","0","0","0","0","1","0","0","0","0","0","0","0","0","0","0","0","0"
"204","https://trace.ncbi.nlm.nih.gov/Traces/index.html?view=run_browser&acc=SRR10392018&display=data-access","0","0","0","0","0","0","0","0","0","1","0","0","0","0","0","0","0","0","0","0","0","0"
"205","https://www.ncbi.nlm.nih.gov/geo/query/acc.cgi?acc=GSE140929","0","0","0","0","0","0","0","0","0","1","0","0","0","0","0","0","0","0","0","0","0","0"
"206","https://www.ebi.ac.uk/ena/browser/view/PRJEB35529?show=reads","0","0","1","1","1","0","0","0","0","1","0","0","0","0","0","1","1","0","0","0","0","0"
"207","https://doi.org/10.5281/zenodo.3992607","0","1","1","1","1","1","1","0","1","1","1","1","0","0","0","1","1","0","1","1","0","1"
"208","https://www.ncbi.nlm.nih.gov/geo/query/acc.cgi?acc=GSE169265","0","0","0","0","0","0","0","0","0","1","0","0","0","0","0","0","0","0","0","0","0","0"
"209","https://www.ncbi.nlm.nih.gov/geo/query/acc.cgi?acc=GSE185041","0","0","0","0","0","0","0","0","0","1","0","0","0","0","0","0","0","0","0","0","0","0"
"210","https://doi.org/10.5281/zenodo.4223729","0","1","1","1","1","0","0","0","0","1","0","1","0","0","0","1","1","0","1","1","0","1"
"211","https://doi.org/10.25375/uct.9782798","0","1","1","1","1","1","0","0","1","1","1","1","0","0","0","1","1","0","1","1","0","1"
"212","https://www.ebi.ac.uk/arrayexpress/experiments/E-MTAB-10389/","0","0","1","1","1","0","0","0","0","1","0","0","0","0","0","1","1","0","0","0","0","0"
"213","https://www.ebi.ac.uk/pride/archive/projects/PXD025752","0","0","0","0","0","0","0","0","0","1","0","0","0","0","0","0","0","0","0","0","0","0"
"214","http://dx.doi.org/10.17632/fzcmhhjs76.3","0","1","1","1","1","0","0","0","0","1","0","1","0","0","0","1","1","0","1","1","0","1"
"215","https://trace.ncbi.nlm.nih.gov/Traces/index.html?view=run_browser&acc=SRR13753728&display=data-access","0","0","0","0","0","0","0","0","0","1","0","0","0","0","0","0","0","0","0","0","0","0"
"216","https://www.ncbi.nlm.nih.gov/geo/query/acc.cgi?acc=GSE148729","0","0","0","0","0","0","0","0","0","1","0","0","0","0","0","0","0","0","0","0","0","0"
"217","https://zenodo.org/record/4031204#.YCpK_S1h1Bw","0","0","1","1","1","1","0","0","1","1","1","0","0","0","0","1","1","0","1","1","0","1"
"218","https://doi.org/10.17605/OSF.IO/Y2CFM","0","1","1","1","1","0","1","0","0","1","0","1","0","0","0","1","1","0","0","1","0","0"
"219","https://www.ebi.ac.uk/arrayexpress/experiments/E-MTAB-8924/","0","0","1","1","1","0","0","0","0","1","0","0","0","0","0","1","1","0","0","0","0","0"
"220","https://doi.org/10.5281/zenodo.5141343","0","1","1","1","1","1","0","0","1","1","1","1","0","0","0","1","1","0","1","1","0","1"
"221","http://dx.doi.org/10.17632/fzcmhhjs76.2","0","1","1","1","1","0","0","0","0","1","0","1","0","0","0","1","1","0","1","1","0","1"
"222",NA,NA,NA,NA,NA,NA,NA,NA,NA,NA,NA,NA,NA,NA,NA,NA,NA,NA,NA,NA,NA,NA,NA
"223","https://osf.io/vraun/","0","0","1","1","1","0","0","0","0","1","0","0","0","0","0","1","1","0","0","1","0","0"
"224","https://www.ebi.ac.uk/biostudies/studies/S-BSST525","0","0","1","1","1","0","0","0","0","1","0","0","0","0","0","1","1","0","0","0","0","0"
"225","https://osf.io/3xcdu/?view_only=957edc6293894497ba7aaf5bb8fc8205","0","0","1","1","1","0","0","0","0","1","0","0","0","0","0","1","1","0","0","0","0","0"
"226","https://www.ncbi.nlm.nih.gov/geo/query/acc.cgi?acc=GSE178959","0","0","0","0","0","0","0","0","0","1","0","0","0","0","0","0","0","0","0","0","0","0"
"227","https://osf.io/5xq9p/","0","0","1","1","1","0","0","0","0","1","0","0","0","0","0","1","1","0","0","1","0","0"
"228","http://doi.org/10.2210/pdb7PIV/pdb","0","1","1","1","1","0","0","0","0","1","0","1","0","0","0","1","1","1","1","1","0","0"
"229","https://www.ebi.ac.uk/emdb/EMD-13454","0","0","1","1","1","0","0","0","0","1","0","0","0","0","0","1","1","0","0","0","0","0"
"230","https://www.ncbi.nlm.nih.gov/nuccore/NM_020971.3?report=graph&mk=3375|NM_020971.3:c.3375_3393del|green","0","0","0","0","0","0","0","0","0","1","0","0","0","0","0","0","0","0","0","0","0","0"
"231","https://trace.ncbi.nlm.nih.gov/Traces/index.html?view=run_browser&acc=SRR14368488&display=data-access","0","0","0","0","0","0","0","0","0","1","0","0","0","0","0","0","0","0","0","0","0","0"
"232","https://github.com/dieterich-lab/ComparisonOfMetabolicLabeling/tree/master/pulseRTc/results/slam/data","0","0","1","1","1","0","0","0","0","1","0","0","0","0","0","1","1","0","0","0","0","0"
"233","http://doi.org/10.17605/OSF.IO/GUPBF","0","1","1","1","1","0","0","0","0","1","0","1","0","0","0","1","1","0","0","1","0","0"
"234","https://www.ncbi.nlm.nih.gov/geo/query/acc.cgi?acc=GSE140383","0","0","0","0","0","0","0","0","0","1","0","0","0","0","0","0","0","0","0","0","0","0"
"235","https://doi.org/doi:10.25345/C58D7S","0","1","1","1","1","0","0","0","0","1","0","1","0","0","0","1","1","0","1","1","0","0"
"236","https://www.ncbi.nlm.nih.gov/geo/query/acc.cgi?acc=GSE150305","0","0","0","0","0","0","0","0","0","1","0","0","0","0","0","0","0","0","0","0","0","0"
"237","https://www.ebi.ac.uk/gwas/studies/GCST90027163","0","0","0","0","0","0","0","0","0","1","0","0","0","0","0","0","0","0","0","0","0","0"
"238","https://www.ncbi.nlm.nih.gov/geo/query/acc.cgi?acc=GSE157486","0","0","0","0","0","0","0","0","0","1","0","0","0","0","0","0","0","0","0","0","0","0"
"239","https://www.ncbi.nlm.nih.gov/geo/query/acc.cgi?acc=GSE156478","0","0","0","0","0","0","0","0","0","1","0","0","0","0","0","0","0","0","0","0","0","0"
"240","https://www.ncbi.nlm.nih.gov/geo/query/acc.cgi?acc=GSE165580","0","0","0","0","0","0","0","0","0","1","0","0","0","0","0","0","0","0","0","0","0","0"
"241","https://trace.ncbi.nlm.nih.gov/Traces/?view=run_browser&acc=SRR15817216&display=data-access","0","0","0","0","0","0","0","0","0","1","0","0","0","0","0","0","0","0","0","0","0","0"
"242","https://doi.org/10.5281/zenodo.3527540","0","1","1","1","1","1","0","0","1","1","1","1","0","0","0","1","1","0","1","1","0","1"
"243","https://trace.ncbi.nlm.nih.gov/Traces/?view=run_browser&acc=SRR12880623&display=data-access","0","0","0","0","0","0","0","0","0","1","0","0","0","0","0","0","0","0","0","0","0","0"
"244","https://www.ebi.ac.uk/arrayexpress/experiments/E-MTAB-10478/","0","0","1","1","1","0","0","0","0","1","0","0","0","0","0","1","1","0","0","0","0","0"
"245","https://www.deciphergenomics.org/patient/427511/overview/general","0","0","1","1","1","0","0","0","0","1","0","0","0","0","0","1","1","0","0","0","0","0"
"246","https://www.ebi.ac.uk/arrayexpress/experiments/E-MTAB-10633/","0","0","1","1","1","0","0","0","0","1","0","0","0","0","0","1","1","0","0","0","0","0"
"247","https://www.ncbi.nlm.nih.gov/geo/query/acc.cgi?acc=GSE182004","0","0","0","0","0","0","0","0","0","1","0","0","0","0","0","0","0","0","0","0","0","0"
"248","https://www.ebi.ac.uk/ena/browser/view/PRJEB32775","0","0","1","1","1","0","0","0","0","1","0","0","0","0","0","1","1","0","0","0","0","0"
"249","http://doi.org/10.17632/mtd59df24s.2","0","1","1","1","1","0","0","0","0","1","0","1","0","0","0","1","1","0","1","1","0","1"
"250","https://trace.ncbi.nlm.nih.gov/Traces/?view=run_browser&acc=SRR14573783&display=metadata","0","0","0","0","0","0","0","0","0","1","0","0","0","0","0","0","0","0","0","0","0","0"
"251","https://data.mendeley.com/datasets/mkz6jfywmd/1","0","0","1","1","1","1","0","0","1","1","1","0","0","0","0","1","1","0","1","1","0","0"
"252","https://www.ebi.ac.uk/pride/archive/projects/PXD018244","0","0","0","0","0","0","0","0","0","1","0","0","0","0","0","0","0","0","0","0","0","0"
"253","https://doi.org/10.18112/openneuro.ds003716.v1.0.0","0","1","1","1","1","0","0","0","0","1","0","1","0","0","0","1","1","0","1","1","0","0"
"254","https://www.ncbi.nlm.nih.gov/geo/query/acc.cgi?acc=GSE109600","0","0","0","0","0","0","0","0","0","1","0","0","0","0","0","0","0","0","0","0","0","0"
"255","https://www.ncbi.nlm.nih.gov/geo/query/acc.cgi?acc=GSE140686","0","0","0","0","0","0","0","0","0","1","0","0","0","0","0","0","0","0","0","0","0","0"
"256","https://www.ncbi.nlm.nih.gov/geo/query/acc.cgi?acc=GSE165329","0","0","0","0","0","0","0","0","0","1","0","0","0","0","0","0","0","0","0","0","0","0"
"257","https://www.ncbi.nlm.nih.gov/geo/query/acc.cgi?acc=GSE112658","0","0","0","0","0","0","0","0","0","1","0","0","0","0","0","0","0","0","0","0","0","0"
"258","https://www.ebi.ac.uk/ena/browser/view/ERX2579784?show=reads","0","0","1","1","1","0","0","0","0","1","0","0","0","0","0","1","1","0","0","0","0","0"
"259","https://www.ncbi.nlm.nih.gov/geo/query/acc.cgi?acc=GSE58211","0","0","0","0","0","0","0","0","0","1","0","0","0","0","0","0","0","0","0","0","0","0"
"260","https://www.ebi.ac.uk/pride/archive/projects/PXD004608","0","0","0","0","0","0","0","0","0","1","0","0","0","0","0","0","0","0","0","0","0","0"
"261","https://www.ncbi.nlm.nih.gov/geo/query/acc.cgi?acc=GSM3608793","0","0","0","0","0","0","0","0","0","1","0","0","0","0","0","0","0","0","0","0","0","0"
"262","https://www.ncbi.nlm.nih.gov/geo/query/acc.cgi?acc=GSE183598","0","0","0","0","0","0","0","0","0","1","0","0","0","0","0","0","0","0","0","0","0","0"
"263","https://www.ebi.ac.uk/pride/archive/projects/PXD023889","0","0","0","0","0","0","0","0","0","1","0","0","0","0","0","0","0","0","0","0","0","0"
"264","https://www.ncbi.nlm.nih.gov/geo/query/acc.cgi?acc=GSE149025","0","0","0","0","0","0","0","0","0","1","0","0","0","0","0","0","0","0","0","0","0","0"
"265","https://doi.org/10.6084/m9.figshare.12382685.v1","0","1","1","1","1","1","1","0","1","1","1","1","0","0","0","1","1","0","1","1","0","1"
"266","https://www.ncbi.nlm.nih.gov/geo/query/acc.cgi?acc=GSE181457","0","0","0","0","0","0","0","0","0","1","0","0","0","0","0","0","0","0","0","0","0","0"
"267","https://www.ncbi.nlm.nih.gov/nuccore/mt094341","0","0","0","0","0","0","0","0","0","1","0","0","0","0","0","0","0","0","0","0","0","0"
"268","https://trace.ncbi.nlm.nih.gov/Traces/?view=run_browser&acc=SRR12749894&display=data-access","0","0","0","0","0","0","0","0","0","1","0","0","0","0","0","0","0","0","0","0","0","0"
"269","https://www.ebi.ac.uk/pride/archive/projects/PXD022709","0","0","0","0","0","0","0","0","0","1","0","0","0","0","0","0","0","0","0","0","0","0"
"270","https://osf.io/q23ce/","0","0","1","1","1","0","0","0","0","1","0","0","0","0","0","1","1","0","0","1","0","0"
"271","https://www.ncbi.nlm.nih.gov/geo/query/acc.cgi?acc=GSE141504","0","0","0","0","0","0","0","0","0","1","0","0","0","0","0","0","0","0","0","0","0","0"
"272","http://doi.org/10.2210/pdb7BL2/pdb","0","1","1","1","1","0","0","0","0","1","0","1","0","0","0","1","1","1","1","1","0","0"
"273","https://www.ebi.ac.uk/pride/archive/projects/PXD021374","0","0","0","0","0","0","0","0","0","1","0","0","0","0","0","0","0","0","0","0","0","0"
"274","https://dx.doi.org/10.17632/g2ghpnf4zk.1","0","1","1","1","1","0","0","0","0","1","0","1","0","0","0","1","1","0","1","1","0","1"
"275","https://www.ebi.ac.uk/pride/archive/projects/PXD011715","0","0","0","0","0","0","0","0","0","1","0","0","0","0","0","0","0","0","0","0","0","0"
"276","https://www.ebi.ac.uk/arrayexpress/experiments/E-MTAB-6588/","0","0","1","1","1","0","0","0","0","1","0","0","0","0","0","1","1","0","0","0","0","0"
"277","https://www.ncbi.nlm.nih.gov/geo/query/acc.cgi?acc=GSE171099","0","0","0","0","0","0","0","0","0","1","0","0","0","0","0","0","0","0","0","0","0","0"
"278","http://doi.org/10.17605/OSF.IO/6K7VN","0","1","1","1","1","0","0","0","0","1","0","1","0","0","0","1","1","0","0","1","0","0"
"279","https://doi.org/10.5281/zenodo.4670433","0","1","1","1","1","0","0","0","0","1","0","1","0","0","0","1","1","0","1","1","0","1"
"280","https://www.ncbi.nlm.nih.gov/geo/query/acc.cgi?acc=GSE158577","0","0","0","0","0","0","0","0","0","1","0","0","0","0","0","0","0","0","0","0","0","0"
"281","https://doi.org/10.5281/zenodo.4945655","0","1","1","1","1","0","0","0","0","1","0","1","0","0","0","1","1","0","1","1","0","1"
"282","https://www.ncbi.nlm.nih.gov/geo/query/acc.cgi?acc=GSE160672","0","0","0","0","0","0","0","0","0","1","0","0","0","0","0","0","0","0","0","0","0","0"
"283","https://www.ncbi.nlm.nih.gov/geo/query/acc.cgi?acc=GSE40589","0","0","0","0","0","0","0","0","0","1","0","0","0","0","0","0","0","0","0","0","0","0"
"284","https://doi.org/doi:10.25345/C5VG6C","0","1","1","1","1","0","0","0","0","1","0","1","0","0","0","1","1","0","1","1","0","0"
"285","https://gnps.ucsd.edu/ProteoSAFe/status.jsp?task=628bd0896fad4eae91f6be5f12373d25","0","0","0","0","0","0","0","0","0","1","0","0","0","0","0","0","0","0","0","0","0","0"
"286","https://www.ebi.ac.uk/pride/archive/projects/PXD011771","0","0","0","0","0","0","0","0","0","1","0","0","0","0","0","0","0","0","0","0","0","0"
"287","https://www.ncbi.nlm.nih.gov/geo/query/acc.cgi?acc=gse160097","0","0","0","0","0","0","0","0","0","1","0","0","0","0","0","0","0","0","0","0","0","0"
"288","https://www.ebi.ac.uk/arrayexpress/experiments/E-MTAB-7680/","0","0","1","1","1","0","0","0","0","1","0","0","0","0","0","1","1","0","0","0","0","0"
"289","https://doi.org/10.5281/zenodo.3479558","0","1","1","1","1","1","0","0","1","1","1","1","0","0","0","1","1","0","1","1","0","1"
"290","https://www.ebi.ac.uk/pride/archive/projects/PXD028005","0","0","0","0","0","0","0","0","0","1","0","0","0","0","0","0","0","0","0","0","0","0"
"291","http://doi.org/10.17605/OSF.IO/PTJBN","0","1","1","1","1","0","0","0","0","1","0","1","0","0","0","1","1","0","0","1","0","0"
"292","https://www.ebi.ac.uk/pride/archive/projects/PXD014740","0","0","0","0","0","0","0","0","0","1","0","0","0","0","0","0","0","0","0","0","0","0"
"293","https://www.ncbi.nlm.nih.gov/geo/query/acc.cgi?acc=GSE136199","0","0","0","0","0","0","0","0","0","1","0","0","0","0","0","0","0","0","0","0","0","0"
"294","https://www.rcsb.org/structure/6SWA","0","0","1","1","1","0","0","0","0","1","0","0","0","0","0","1","1","0","0","0","0","0"
"295","https://www.ebi.ac.uk/emdb/EMD-10321","0","0","1","1","1","0","0","0","0","1","0","0","0","0","0","1","1","0","0","0","0","0"
"296","https://github.com/grundm/graphCA/blob/master/analysis/behavior/nt_trials.txt","0","0","1","1","1","0","0","0","0","1","0","0","0","0","0","1","1","0","0","0","0","0"
"297","https://www.ncbi.nlm.nih.gov/geo/query/acc.cgi?acc=GSE184895","0","0","0","0","0","0","0","0","0","1","0","0","0","0","0","0","0","0","0","0","0","0"
"298","https://www.ebi.ac.uk/arrayexpress/experiments/E-MTAB-9067/","0","0","1","1","1","0","0","0","0","1","0","0","0","0","0","1","1","0","0","0","0","0"
"299","http://dx.doi.org/10.2210/pdb7o6x/pdb","0","1","1","1","1","0","0","0","0","1","0","1","0","0","0","1","1","1","1","1","0","0"
"300","https://doi.org/10.23729/4d448eb0-c6ef-4b7d-a557-3758f5f68d47","0","1","1","1","1","0","0","0","0","1","0","1","0","0","0","1","1","0","1","1","0","1"
"301","https://doi.org/10.17605/OSF.IO/RUJWA","0","1","1","1","1","0","1","0","0","1","0","1","0","0","0","1","1","0","0","1","0","0"
"302","https://www.ccdc.cam.ac.uk/structures/Search?Ccdcid=2033292&DatabaseToSearch=Published","0","0","1","1","1","0","0","0","0","1","0","0","0","0","0","1","1","0","0","0","0","0"
"303","https://www.ncbi.nlm.nih.gov/geo/query/acc.cgi?acc=GSE166420","0","0","0","0","0","0","0","0","0","1","0","0","0","0","0","0","0","0","0","0","0","0"
"304","https://flowrepository.org/id/FR-FCM-Z3G7","0","0","0","0","0","0","0","0","0","1","0","0","0","0","0","0","0","0","0","0","0","0"
"305","https://doi.org/10.6084/m9.figshare.14166983","0","1","1","1","1","0","0","0","0","1","0","1","0","0","0","1","1","0","1","1","0","1"
"306","https://www.ncbi.nlm.nih.gov/nuccore/MW582527","0","0","0","0","0","0","0","0","0","1","0","0","0","0","0","0","0","0","0","0","0","0"
"307","https://doi.org/10.6084/m9.figshare.14393600","0","1","1","1","1","1","0","0","1","1","1","1","0","0","0","1","1","0","1","1","0","1"
"308","https://www.ebi.ac.uk/arrayexpress/experiments/E-MTAB-8746/","0","0","1","1","1","0","0","0","0","1","0","0","0","0","0","1","1","0","0","0","0","0"
"309","https://osf.io/w8h2q/","0","0","1","1","1","0","0","0","0","1","0","0","0","0","0","1","1","0","0","1","0","0"
"310","https://trace.ncbi.nlm.nih.gov/Traces/?view=run_browser&acc=ERR4778373&display=metadata","0","0","0","0","0","0","0","0","0","1","0","0","0","0","0","0","0","0","0","0","0","0"
"311","https://github.com/wan-yang/flu-subtropic-climate-models/tree/main/data_climate","0","0","1","1","1","0","0","0","0","1","0","0","0","0","0","1","1","0","0","0","0","0"
"312","https://figshare.com/articles/dataset/S1_File_-/14441052","0","0","1","1","1","1","0","0","1","1","1","0","0","0","0","1","1","0","1","1","0","1"
"313","https://www.sasbdb.org/data/SASDKW8/","0","0","1","1","1","0","0","0","0","1","0","0","0","0","0","1","1","0","0","0","0","0"
"314","https://www.ebi.ac.uk/pride/archive/projects/PXD027257","0","0","0","0","0","0","0","0","0","1","0","0","0","0","0","0","0","0","0","0","0","0"
"315","https://www.ebi.ac.uk/arrayexpress/experiments/E-MTAB-10788/","0","0","1","1","1","0","0","0","0","1","0","0","0","0","0","1","1","0","0","0","0","0"
"316","https://github.com/lveaor/Umbrella-review-2021/blob/main/Table_for_script.xlsx","0","0","1","1","1","0","0","0","0","1","0","0","0","0","0","1","1","0","0","0","0","0"
"317","https://github.com/agschlagenhauf/qMRI/tree/main/data","0","0","1","1","1","0","0","0","0","1","0","0","0","0","0","1","1","0","0","0","0","0"
"318","https://www.ncbi.nlm.nih.gov/geo/query/acc.cgi?acc=GSE171965","0","0","0","0","0","0","0","0","0","1","0","0","0","0","0","0","0","0","0","0","0","0"
"319","https://www.addgene.org/137191/","0","0","1","1","1","0","0","0","0","1","0","0","0","0","0","1","1","0","0","0","0","0"
"320","https://trace.ncbi.nlm.nih.gov/Traces/sra/?run=SRR16549034","0","0","0","0","0","0","0","0","0","1","0","0","0","0","0","0","0","0","0","0","0","0"
"321","https://github.com/arx-deidentifier/genetic-benchmark/tree/master/data","0","0","1","1","1","0","0","0","0","1","0","0","0","0","0","1","1","0","0","0","0","0"
"322","https://doi.org/10.6084/m9.figshare.14573082","0","1","1","1","1","1","0","0","1","1","1","1","0","0","0","1","1","0","1","1","0","1"
"323","https://doi.org/10.17632/f9vm3c4d7v.1","0","1","1","1","1","0","0","0","0","1","0","1","0","0","0","1","1","0","1","1","0","1"
"324","https://doi.org/10.6084/m9.figshare.15179134.v1","0","1","1","1","1","0","0","0","0","1","0","1","0","0","0","1","1","0","1","1","0","1"
"325","https://dx.doi.org/10.17632/btchxktzyw","0","1","1","1","1","0","0","0","0","1","0","1","0","0","0","1","1","0","1","1","0","1"
"326","https://www.ncbi.nlm.nih.gov/bioproject/PRJNA680013","0","0","0","0","0","0","0","0","0","1","0","0","0","0","0","0","0","0","0","0","0","0"
"327","https://doi.org/10.6084/m9.figshare.13318754","0","1","1","1","1","1","0","0","1","1","0","1","0","0","0","1","1","0","1","1","0","1"
"328","https://doi.org/10.17605/OSF.IO/CDBHN","0","1","1","1","1","0","1","0","0","1","0","1","0","0","0","1","1","0","0","1","0","0"
"329",NA,NA,NA,NA,NA,NA,NA,NA,NA,NA,NA,NA,NA,NA,NA,NA,NA,NA,NA,NA,NA,NA,NA
"330","http://www.addgene.org/129027/","0","0","1","1","1","0","0","0","0","1","0","0","0","0","0","1","1","0","0","0","0","0"
"331","https://osf.io/3u62p/","0","0","1","1","1","0","0","0","0","1","0","0","0","0","0","1","1","0","0","1","0","0"
"332",NA,NA,NA,NA,NA,NA,NA,NA,NA,NA,NA,NA,NA,NA,NA,NA,NA,NA,NA,NA,NA,NA,NA
"333","https://doi.org/10.5281/zenodo.3922212","0","1","1","1","1","0","1","0","0","1","0","1","0","0","0","1","1","0","1","1","0","1"
"334","https://doi.org/10.5281/zenodo.5746691","0","1","1","1","1","0","0","0","0","1","0","1","0","0","0","1","1","0","1","1","0","1"
"335","https://github.com/MarisaIsabell/CF-lung-microbiome-longitudinal-development/tree/master/data","0","0","1","1","1","0","0","0","0","1","0","0","0","0","0","1","1","0","0","0","0","0"
"336","https://www.ebi.ac.uk/ena/browser/view/PRJEB44368?show=reads","0","0","1","1","1","0","0","0","0","1","0","0","0","0","0","1","1","0","0","0","0","0"
"337","https://www.ncbi.nlm.nih.gov/geo/query/acc.cgi?acc=GSE158743","0","0","0","0","0","0","0","0","0","1","0","0","0","0","0","0","0","0","0","0","0","0"
"338","https://doi.org/10.6084/m9.figshare.16573481.v1","0","1","1","1","1","0","0","0","0","1","0","1","0","0","0","1","1","0","1","1","0","1"
"339","https://github.com/BernardoGG/SARS-CoV-2_Genomic_lineages_Ecuador/tree/master/Data","0","0","1","1","1","0","0","0","0","1","0","0","0","0","0","1","1","0","0","0","0","0"
"340","https://www.ebi.ac.uk/ena/browser/view/ERR7057540?show=reads","0","0","1","1","1","0","0","0","0","1","0","0","0","0","0","1","1","0","0","0","0","0"
"341","https://github.com/FunDyn/VirtualCohorts","0","0","1","1","1","0","0","0","0","1","0","0","0","0","0","1","1","0","0","0","0","0"
"342",NA,NA,NA,NA,NA,NA,NA,NA,NA,NA,NA,NA,NA,NA,NA,NA,NA,NA,NA,NA,NA,NA,NA
"343","https://doi.org/10.17605/OSF.IO/YJ5CA","0","1","1","1","1","0","1","0","0","1","0","1","0","0","0","1","1","0","0","1","0","0"
"344","https://github.com/saezlab/combiMS/tree/master/data/phosphos_raw_clean","0","0","1","1","1","0","0","0","0","1","0","0","0","0","0","1","1","0","0","0","0","0"
"345",NA,NA,NA,NA,NA,NA,NA,NA,NA,NA,NA,NA,NA,NA,NA,NA,NA,NA,NA,NA,NA,NA,NA
"346","https://www.ebi.ac.uk/gwas/studies/GCST90044763","0","0","0","0","0","0","0","0","0","1","0","0","0","0","0","0","0","0","0","0","0","0"
"347","https://www.ncbi.nlm.nih.gov/geo/query/acc.cgi?acc=gse173610","0","0","0","0","0","0","0","0","0","1","0","0","0","0","0","0","0","0","0","0","0","0"
"348","https://dx.doi.org/10.17632/5fpk9g52rw.1","0","1","1","1","1","0","0","0","0","1","0","1","0","0","0","1","1","0","1","1","0","1"
"349","https://www.ebi.ac.uk/metabolights/MTBLS2840/files","0","0","0","0","0","0","0","0","0","1","0","0","0","0","0","0","0","0","0","0","0","0"
"350","https://www.ncbi.nlm.nih.gov/geo/query/acc.cgi?acc=GSE162208","0","0","0","0","0","0","0","0","0","1","0","0","0","0","0","0","0","0","0","0","0","0"
"351","https://www.ebi.ac.uk/pride/archive/projects/PXD025164","0","0","0","0","0","0","0","0","0","1","0","0","0","0","0","0","0","0","0","0","0","0"
"352","https://www.ncbi.nlm.nih.gov/geo/query/acc.cgi?acc=GSE153403","0","0","0","0","0","0","0","0","0","1","0","0","0","0","0","0","0","0","0","0","0","0"
"353","https://www.ncbi.nlm.nih.gov/geo/query/acc.cgi?acc=GSE173378","0","0","0","0","0","0","0","0","0","1","0","0","0","0","0","0","0","0","0","0","0","0"
"354","http://www.ebi.ac.uk/ena/data/view/PRJEB38096","0","0","1","1","1","0","0","0","0","1","0","0","0","0","0","1","1","0","0","0","0","0"
"355","https://www.ncbi.nlm.nih.gov/geo/query/acc.cgi?acc=GSE175668","0","0","0","0","0","0","0","0","0","1","0","0","0","0","0","0","0","0","0","0","0","0"
"356","https://www.ncbi.nlm.nih.gov/nuccore/2085340607","0","0","0","0","0","0","0","0","0","1","0","0","0","0","0","0","0","0","0","0","0","0"
"357","https://figshare.com/articles/dataset/S1_Dataset_-/14749705","0","0","1","1","1","1","0","0","1","1","1","0","0","0","0","1","1","0","1","1","0","1"
"358","https://dx.doi.org/10.17617/3.5k","0","1","1","1","1","0","0","0","0","1","0","1","0","0","0","1","1","0","1","1","0","0"
"359","https://www.ebi.ac.uk/ena/browser/view/PRJEB37553?show=reads","0","0","1","1","1","0","0","0","0","1","0","0","0","0","0","1","1","0","0","0","0","0"
"360","https://www.ncbi.nlm.nih.gov/geo/query/acc.cgi?acc=GSE89888","0","0","0","0","0","0","0","0","0","1","0","0","0","0","0","0","0","0","0","0","0","0"
"361","https://osf.io/5d8vu/","0","0","1","1","1","0","0","0","0","1","0","0","0","0","0","1","1","0","0","1","0","0"
"362","https://www.ncbi.nlm.nih.gov/nuccore/MZ389693","0","0","0","0","0","0","0","0","0","1","0","0","0","0","0","0","0","0","0","0","0","0"
"363","https://www.ncbi.nlm.nih.gov/geo/query/acc.cgi?acc=GSE190365","0","0","0","0","0","0","0","0","0","1","0","0","0","0","0","0","0","0","0","0","0","0"
"364","https://massive.ucsd.edu/ProteoSAFe/dataset.jsp?task=2ae5c0457a3f4e9196365f9448657b59","0","0","0","0","0","0","0","0","0","1","0","0","0","0","0","0","0","0","0","0","0","0"
"365","https://www.ebi.ac.uk/pride/archive/projects/PXD018674","0","0","0","0","0","0","0","0","0","1","0","0","0","0","0","0","0","0","0","0","0","0"
"366","https://www.ebi.ac.uk/ena/browser/view/PRJEB42732?show=reads","0","0","1","1","1","0","0","0","0","1","0","0","0","0","0","1","1","0","0","0","0","0"
"367","https://www.ncbi.nlm.nih.gov/nuccore/MW002785","0","0","0","0","0","0","0","0","0","1","0","0","0","0","0","0","0","0","0","0","0","0"
"368","https://www.ebi.ac.uk/emdb/EMD-23469","0","0","1","1","1","0","0","0","0","1","0","0","0","0","0","1","1","0","0","0","0","0"
"369","https://www.rcsb.org/structure/7LM8","0","0","1","1","1","0","0","0","0","1","0","0","0","0","0","1","1","0","0","0","0","0"
"370","https://github.com/athieffry/T1International-OoPE-survey-2020/tree/main/1a%20-%20Raw%20Data/survey","0","0","1","1","1","0","0","0","0","1","0","0","0","0","0","1","1","0","0","0","0","0"
"371","https://trace.ncbi.nlm.nih.gov/Traces/?view=run_browser&acc=SRR12130588&display=metadata","0","0","0","0","0","0","0","0","0","1","0","0","0","0","0","0","0","0","0","0","0","0"
"372","https://www.ncbi.nlm.nih.gov/geo/query/acc.cgi?acc=GSE173204","0","0","0","0","0","0","0","0","0","1","0","0","0","0","0","0","0","0","0","0","0","0"
"373","https://www.ebi.ac.uk/pride/archive/projects/PXD027109","0","0","0","0","0","0","0","0","0","1","0","0","0","0","0","0","0","0","0","0","0","0"
"374","https://www.ncbi.nlm.nih.gov/geo/query/acc.cgi?acc=GSE157820","0","0","0","0","0","0","0","0","0","1","0","0","0","0","0","0","0","0","0","0","0","0"
"375","https://osf.io/y8dfw/","0","0","1","1","1","0","0","0","0","1","0","0","0","0","0","1","1","0","0","1","0","0"
"376","https://www.ncbi.nlm.nih.gov/nuccore/OK239717","0","0","0","0","0","0","0","0","0","1","0","0","0","0","0","0","0","0","0","0","0","0"
"377","https://www.ncbi.nlm.nih.gov/geo/query/acc.cgi?acc=GSE167358","0","0","0","0","0","0","0","0","0","1","0","0","0","0","0","0","0","0","0","0","0","0"
"378","https://www.ncbi.nlm.nih.gov/geo/query/acc.cgi?acc=GSE173610","0","0","0","0","0","0","0","0","0","1","0","0","0","0","0","0","0","0","0","0","0","0"
"379","https://doi.org/10.7910/DVN/CQHHEH","0","1","1","1","1","0","0","0","0","1","0","1","0","0","0","1","1","0","1","1","0","0"
"380","https://www.ncbi.nlm.nih.gov/geo/query/acc.cgi?acc=GSE159082","0","0","0","0","0","0","0","0","0","1","0","0","0","0","0","0","0","0","0","0","0","0"
"381","https://doi.org/10.17632/5n8df8jvk4.1","0","1","1","1","1","0","0","0","0","1","0","1","0","0","0","1","1","0","1","1","0","1"
"382","https://www.ncbi.nlm.nih.gov/geo/query/acc.cgi?acc=GSE185624","0","0","0","0","0","0","0","0","0","1","0","0","0","0","0","0","0","0","0","0","0","0"
"383","http://doi.org/10.2210/pdb7OW1/pdb","0","1","1","1","1","0","0","0","0","1","0","1","0","0","0","1","1","1","1","1","0","0"
"384","https://www.ebi.ac.uk/metabolights/MTBLS284/descriptors","0","0","0","0","0","0","0","0","0","1","0","0","0","0","0","0","0","0","0","0","0","0"
"385","https://github.com/csi-hamburg/WAKE-UP-preserved-SC/tree/main/code/statistics_R","0","0","1","1","1","0","0","0","0","1","0","0","0","0","0","1","1","0","0","0","0","0"
"386","https://www.pgscatalog.org/score/PGS000886/","0","0","0","0","0","0","0","0","0","1","0","0","0","0","0","0","0","0","0","0","0","0"
"387","http://csg.sph.umich.edu/willer/public/glgc-lipids2021/","0","0","0","0","0","0","0","0","0","1","0","0","0","0","0","0","0","0","0","0","0","0"
"388","https://www.ncbi.nlm.nih.gov/geo/query/acc.cgi?acc=GSE94452","0","0","0","0","0","0","0","0","0","1","0","0","0","0","0","0","0","0","0","0","0","0"
"389","https://osf.io/bc58f/","0","0","1","1","1","0","0","0","0","1","0","0","0","0","0","1","1","0","0","1","0","0"
"390","https://github.com/fsera/COVIDWeather/blob/main/mcc_covid_temp_data.csv","0","0","1","1","1","0","0","0","0","1","0","0","0","0","0","1","1","0","0","0","0","0"
"391","https://www.ebi.ac.uk/gwas/studies/GCST004415","0","0","0","0","0","0","0","0","0","1","0","0","0","0","0","0","0","0","0","0","0","0"
"392","https://doi.org/10.5281/zenodo.3572799","0","1","1","1","1","1","0","0","1","1","1","1","0","0","0","1","1","0","1","1","0","1"
"393","https://www.ebi.ac.uk/biostudies/arrayexpress/studies/E-MTAB-10432","0","0","1","1","1","0","0","0","0","1","0","0","0","0","0","1","1","0","0","0","0","0"
"394","https://www.ebi.ac.uk/ena/browser/view/PRJEB39208","0","0","1","1","1","0","0","0","0","1","0","0","0","0","0","1","1","0","0","0","0","0"
"395","https://www.ebi.ac.uk/arrayexpress/experiments/E-MTAB-10163/","0","0","1","1","1","0","0","0","0","1","0","0","0","0","0","1","1","0","0","0","0","0"
"396","https://www.ncbi.nlm.nih.gov/geo/query/acc.cgi?acc=GSE158916","0","0","0","0","0","0","0","0","0","1","0","0","0","0","0","0","0","0","0","0","0","0"
"397","https://www.ncbi.nlm.nih.gov/geo/query/acc.cgi?acc=GSE181599","0","0","0","0","0","0","0","0","0","1","0","0","0","0","0","0","0","0","0","0","0","0"
"398","https://www.ebi.ac.uk/pride/archive/projects/PXD018345","0","0","0","0","0","0","0","0","0","1","0","0","0","0","0","0","0","0","0","0","0","0"
"399","https://www.ebi.ac.uk/ena/browser/view/PRJEB31628","0","0","1","1","1","0","0","0","0","1","0","0","0","0","0","1","1","0","0","0","0","0"
"400","https://www.ncbi.nlm.nih.gov/geo/query/acc.cgi?acc=GSE145104","0","0","0","0","0","0","0","0","0","1","0","0","0","0","0","0","0","0","0","0","0","0"
"401","https://www.ebi.ac.uk/emdb/EMD-24120","0","0","1","1","1","0","0","0","0","1","0","0","0","0","0","1","1","0","0","0","0","0"
"402","https://doi.org/10.2210/pdb7n1p/pdb","0","1","1","1","1","0","0","0","0","1","0","1","0","0","0","1","1","1","1","1","0","0"
"403","https://www.ncbi.nlm.nih.gov/geo/query/acc.cgi?acc=GSE159986","0","0","0","0","0","0","0","0","0","1","0","0","0","0","0","0","0","0","0","0","0","0"
"404","https://trace.ncbi.nlm.nih.gov/Traces/?view=run_browser&acc=SRR17009152&display=data-access","0","0","0","0","0","0","0","0","0","1","0","0","0","0","0","0","0","0","0","0","0","0"
"405","https://www.ncbi.nlm.nih.gov/nuccore/OV076251.1","0","0","0","0","0","0","0","0","0","1","0","0","0","0","0","0","0","0","0","0","0","0"
"406","https://trace.ncbi.nlm.nih.gov/Traces/?view=run_browser&acc=SRR17052077&display=data-access","0","0","0","0","0","0","0","0","0","1","0","0","0","0","0","0","0","0","0","0","0","0"
"407","https://www.ncbi.nlm.nih.gov/geo/query/acc.cgi?acc=GSE152989","0","0","0","0","0","0","0","0","0","1","0","0","0","0","0","0","0","0","0","0","0","0"
"408","https://www.ebi.ac.uk/ena/browser/view/PRJEB45367","0","0","1","1","1","0","0","0","0","1","0","0","0","0","0","1","1","0","0","0","0","0"
"409","https://www.ebi.ac.uk/pride/archive/projects/PXD026748","0","0","0","0","0","0","0","0","0","1","0","0","0","0","0","0","0","0","0","0","0","0"
"410","https://www.ncbi.nlm.nih.gov/geo/query/acc.cgi?acc=GSE154027","0","0","0","0","0","0","0","0","0","1","0","0","0","0","0","0","0","0","0","0","0","0"
"411","https://github.com/theislab/Covid_meta_analysis/tree/main/Figure1_ACE2_TMPRSS2_coexp","0","0","1","1","1","0","0","0","0","1","0","0","0","0","0","1","1","0","0","0","0","0"
"412","https://www.ncbi.nlm.nih.gov/geo/query/acc.cgi?acc=GSE119025","0","0","0","0","0","0","0","0","0","1","0","0","0","0","0","0","0","0","0","0","0","0"
"413","https://www.ncbi.nlm.nih.gov/nuccore/KT587350","0","0","0","0","0","0","0","0","0","1","0","0","0","0","0","0","0","0","0","0","0","0"
"414","https://doi.org/10.5061/dryad.pnvx0k6kr","0","1","1","1","1","1","1","0","1","1","1","1","0","0","0","1","1","0","1","1","0","1"
"415","https://trace.ncbi.nlm.nih.gov/Traces/index.html?view=run_browser&acc=SRR12567753&display=data-access","0","0","0","0","0","0","0","0","0","1","0","0","0","0","0","0","0","0","0","0","0","0"
"416","https://doi.org/10.5281/zenodo.4768563","0","1","1","1","1","0","0","0","0","1","0","1","0","0","0","1","1","0","1","1","0","1"
"417","https://doi.org/10.5281/zenodo.4425256","0","1","1","1","1","1","1","0","1","1","1","1","0","0","0","1","1","0","1","1","0","1"
"418","https://doi.org/10.17605/OSF.IO/P3X4R","0","1","1","1","1","0","0","0","1","1","1","1","0","0","0","1","1","0","1","1","0","0"
"419","https://doi.org/10.5281/zenodo.6500842","0","1","1","1","1","0","0","0","0","1","0","1","0","0","0","1","1","0","1","1","0","1"
"420","https://osf.io/duj47/","0","0","1","1","1","0","0","0","0","1","0","0","0","0","0","1","1","0","0","1","0","0"
"421","https://identifiers.org/neurovault.collection:7566","0","0","1","1","1","1","1","0","1","1","1","0","0","0","0","1","1","0","1","1","0","0"
"422","https://doi.org/10.5281/zenodo.3736430","0","1","1","1","1","1","0","0","1","1","1","1","0","0","0","1","1","0","1","1","0","1"
"423","https://www.ebi.ac.uk/gwas/studies/GCST90007526","0","0","0","0","0","0","0","0","0","1","0","0","0","0","0","0","0","0","0","0","0","0"
"424","https://figshare.com/articles/dataset/Y-chromosome_haplotypes_Guevara_et_al_2016_and_SNP_assignment_by_multiplexes_This_study_/13509710","0","0","1","1","1","1","0","0","1","1","1","0","0","0","0","1","1","0","1","1","0","1"
"425","https://doi.org/10.24433/CO.0121060.v1","0","1","1","1","1","0","0","0","0","1","0","1","0","0","0","1","1","0","1","1","0","1"
"426","https://figshare.com/articles/dataset/Minimal_underlying_data_set_and_codebook_/17044919","0","0","1","1","1","1","0","0","1","1","1","0","0","0","0","1","1","0","1","1","0","1"
"427","http://doi.org/10.17605/OSF.IO/YKM6X","0","1","1","1","1","0","0","0","0","1","0","1","0","0","0","1","1","0","0","1","0","0"
"428","https://data.mendeley.com/datasets/hwxhw2sxys/1","0","0","1","1","1","0","0","0","0","1","0","0","0","0","0","1","1","0","1","1","0","0"
"429","http://doi.org/10.2210/pdb6MD5/pdb","0","1","1","1","1","0","0","0","0","1","0","1","0","0","0","1","1","1","1","1","0","0"
"430","https://www.ncbi.nlm.nih.gov/geo/query/acc.cgi?acc=GSE94916","0","0","0","0","0","0","0","0","0","1","0","0","0","0","0","0","0","0","0","0","0","0"
"431","https://www.ebi.ac.uk/pride/archive/projects/PXD027265","0","0","0","0","0","0","0","0","0","1","0","0","0","0","0","0","0","0","0","0","0","0"
"432","https://www.ncbi.nlm.nih.gov/geo/query/acc.cgi?acc=GSE151333","0","0","0","0","0","0","0","0","0","1","0","0","0","0","0","0","0","0","0","0","0","0"
"433","https://doi.org/doi:10.25345/C5NM3R","0","1","1","1","1","0","0","0","0","1","0","1","0","0","0","1","1","0","1","1","0","0"
"434","https://massive.ucsd.edu/ProteoSAFe/dataset.jsp?accession=MSV000081885","0","0","0","0","0","0","0","0","0","1","0","0","0","0","0","0","0","0","0","0","0","0"
"435","https://www.ebi.ac.uk/pride/archive/projects/PXD027498","0","0","0","0","0","0","0","0","0","1","0","0","0","0","0","0","0","0","0","0","0","0"
"436","https://ddbj.nig.ac.jp/public/ddbj_database/dra/fastq/DRA010/DRA010491/","0","0","0","0","0","0","0","0","0","1","0","0","0","0","0","0","0","0","0","0","0","0"
"437","https://trace.ncbi.nlm.nih.gov/Traces/?view=run_browser&acc=SRR11196254&display=data-access","0","0","0","0","0","0","0","0","0","1","0","0","0","0","0","0","0","0","0","0","0","0"
"438","https://doi.org/10.5061/dryad.7h44j0zsr","0","1","1","1","1","1","1","0","1","1","1","1","0","0","0","1","1","0","1","1","0","1"
"439","https://www.ncbi.nlm.nih.gov/geo/query/acc.cgi?acc=GSE122505","0","0","0","0","0","0","0","0","0","1","0","0","0","0","0","0","0","0","0","0","0","0"
"440","https://www.ebi.ac.uk/gwas/studies/GCST011074","0","0","0","0","0","0","0","0","0","1","0","0","0","0","0","0","0","0","0","0","0","0"
"441","https://www.ncbi.nlm.nih.gov/geo/query/acc.cgi?acc=GSE144288","0","0","0","0","0","0","0","0","0","1","0","0","0","0","0","0","0","0","0","0","0","0"
"442","https://www.ncbi.nlm.nih.gov/geo/query/acc.cgi?acc=GSE147722","0","0","0","0","0","0","0","0","0","1","0","0","0","0","0","0","0","0","0","0","0","0"
"443","https://doi.org/10.5281/zenodo.4671006","0","1","1","1","1","0","1","0","0","1","0","1","0","0","0","1","1","0","1","1","0","1"
"444","http://doi.org/10.2210/pdb7CQF/pdb","0","1","1","1","1","0","0","0","0","1","0","1","0","0","0","1","1","1","1","1","0","0"
"445","https://www.ncbi.nlm.nih.gov/geo/query/acc.cgi?acc=GSE160294","0","0","0","0","0","0","0","0","0","1","0","0","0","0","0","0","0","0","0","0","0","0"
"446","https://doi.org/10.5281/zenodo.5203142","0","1","1","1","1","1","0","0","1","1","1","1","0","0","0","1","1","0","1","1","0","1"
"447","https://osf.io/dkx6y/","0","0","1","1","1","0","0","0","0","1","0","0","0","0","0","1","1","0","0","1","0","0"
"448",NA,NA,NA,NA,NA,NA,NA,NA,NA,NA,NA,NA,NA,NA,NA,NA,NA,NA,NA,NA,NA,NA,NA
"449","https://github.com/YunzheLiu/RLReplay/blob/main/MEGTrial_Thres.mat","0","0","1","1","1","0","0","0","0","1","0","0","0","0","0","1","1","0","0","0","0","0"
"450","http://doi.org/10.2210/pdb7LOP/pdb","0","1","1","1","1","0","0","0","0","1","0","1","0","0","0","1","1","1","1","1","0","0"
"451","https://www.ebi.ac.uk/emdb/EMD-23466","0","0","1","1","1","0","0","0","0","1","0","0","0","0","0","1","1","0","0","0","0","0"
"452","https://github.com/CERI-KRISP/africa-covid19-genomics/tree/main/data","0","0","1","1","1","0","0","0","0","1","0","0","0","0","0","1","1","0","0","0","0","0"
"453","https://www.ncbi.nlm.nih.gov/geo/query/acc.cgi?acc=GSE118174","0","0","0","0","0","0","0","0","0","1","0","0","0","0","0","0","0","0","0","0","0","0"
"454","https://www.ncbi.nlm.nih.gov/geo/query/acc.cgi?acc=GSE148163","0","0","0","0","0","0","0","0","0","1","0","0","0","0","0","0","0","0","0","0","0","0"
"455","https://www.ebi.ac.uk/pride/archive/projects/PXD015579","0","0","0","0","0","0","0","0","0","1","0","0","0","0","0","0","0","0","0","0","0","0"
"456","https://www.ebi.ac.uk/biostudies/arrayexpress/studies/E-MTAB-9361","0","0","1","1","1","0","0","0","0","1","0","0","0","0","0","1","1","0","0","0","0","0"
"457","https://doi.org/10.6084/m9.figshare.13490262.v3","0","1","1","1","1","1","1","0","1","1","1","1","0","0","0","1","1","0","1","1","0","1"
"458","https://osf.io/spd9u/","0","0","1","1","1","0","0","0","0","1","0","0","0","0","0","1","1","0","0","1","0","0"
"459","https://osf.io/5qmz7/","0","0","1","1","1","0","0","0","0","1","0","0","0","0","0","1","1","0","0","1","0","0"
"460","https://github.com/wangbenchi/Shared_data","0","0","1","1","1","0","0","0","0","1","0","0","0","0","0","1","1","0","0","0","0","0"
"461","https://doi.org/10.5281/zenodo.3899830","0","1","1","1","1","1","1","0","1","1","1","1","0","0","0","1","1","0","1","1","0","1"
"462","https://www.ncbi.nlm.nih.gov/geo/query/acc.cgi?acc=GSE165499","0","0","0","0","0","0","0","0","0","1","0","0","0","0","0","0","0","0","0","0","0","0"
"463","https://osf.io/uhxvt","0","0","0","0","0","0","0","0","0","1","0","0","0","0","0","0","0","0","0","0","0","0"
"464","https://www.ncbi.nlm.nih.gov/geo/query/acc.cgi?acc=GSE157285","0","0","0","0","0","0","0","0","0","1","0","0","0","0","0","0","0","0","0","0","0","0"
"465","https://figshare.com/articles/dataset/List_of_up-_and_downregulated_transcripts_from_sorted_stem_cells_sorted_Paneth_cells_and_organoids_with_a_p_value_0_05_/17123909?backTo=/collections/MLL1_is_required_for_maintenance_of_intestinal_stem_cells/5736735","0","0","1","1","1","1","0","0","1","1","1","0","0","0","0","1","1","0","1","1","0","1"
"466","https://doi.org/10.6084/m9.figshare.14931708.v1","0","1","1","1","1","1","1","0","1","1","1","1","0","0","0","1","1","0","1","1","0","1"
"467","https://www.ncbi.nlm.nih.gov/nuccore/MW809725","0","0","0","0","0","0","0","0","0","1","0","0","0","0","0","0","0","0","0","0","0","0"
"468","https://www.ncbi.nlm.nih.gov/nuccore/MT993951","0","0","0","0","0","0","0","0","0","1","0","0","0","0","0","0","0","0","0","0","0","0"
"469","https://www.ncbi.nlm.nih.gov/nuccore/MT108784","0","0","0","0","0","0","0","0","0","1","0","0","0","0","0","0","0","0","0","0","0","0"
"470","https://www.ncbi.nlm.nih.gov/geo/query/acc.cgi?acc=GSE129772","0","0","0","0","0","0","0","0","0","1","0","0","0","0","0","0","0","0","0","0","0","0"
"471","https://www.ebi.ac.uk/pride/archive/projects/PXD029319","0","0","0","0","0","0","0","0","0","1","0","0","0","0","0","0","0","0","0","0","0","0"
"472","https://www.ebi.ac.uk/emdb/EMD-13672","0","0","1","1","1","0","0","0","0","1","0","0","0","0","0","1","1","0","0","0","0","0"
"473","https://www.ebi.ac.uk/empiar/EMPIAR-10822/","0","0","1","1","1","0","0","0","0","1","0","0","0","0","0","1","1","0","0","0","0","0"
"474","https://doi.org/10.6084/m9.figshare.13204370.v1","0","1","1","1","1","1","1","0","1","1","1","1","0","0","0","1","1","0","1","1","0","1"
