"article";"id";"repository";"license_name";"repository_type";"repository_re3data";"fuji_percent";"fuji_percent_f";"fuji_percent_a";"fuji_percent_i";"fuji_percent_r";"fuji_percent_f1";"fuji_percent_f2";"fuji_percent_f3";"fuji_percent_f4";"fuji_percent_a1";"fuji_percent_i1";"fuji_percent_i2";"fuji_percent_i3";"fuji_percent_r1";"fuji_percent_r1_1";"fuji_percent_r1_2";"fuji_percent_r1_3";"fuji_FsF_F1_01D";"fuji_FsF_F1_02D";"fuji_FsF_F2_01M";"fuji_FsF_F3_01M";"fuji_FsF_F4_01M";"fuji_FsF_A1_01M";"fuji_FsF_A1_02M";"fuji_FsF_A1_03D";"fuji_FsF_I1_01M";"fuji_FsF_I2_01M";"fuji_FsF_I3_01M";"fuji_FsF_R1_01MD";"fuji_FsF_R1.1_01M";"fuji_FsF_R1.2_01M";"fuji_FsF_R1.3_01M";"fuji_FsF_R1.3_02D";"fair_enough_score";"fair_enough_score_total";"fair_enough_score_percent";"fair_enough_score_metrics_count";"fair_enough_score_metrics_percent";"fair_enough_xml_document";"fair_enough_Gen2_FM_F1B_metadata";"fair_enough_Gen2_FM_F1A";"fair_enough_Gen2_FM_F2B";"fair_enough_Gen2_FM_F2A";"fair_enough_Gen2_FM_F3_data";"fair_enough_Gen2_FM_F3_metadata";"fair_enough_Gen2_FM_F4";"fair_enough_Gen2_FM_A1.1_data";"fair_enough_Gen2_FM_A1.1_metadata";"fair_enough_Gen2_FM_A1.2_data";"fair_enough_Gen2_FM_A1.2_metadata";"fair_enough_Gen2_FM_A2";"fair_enough_Gen2_FM_I1B_data";"fair_enough_Gen2_FM_I1A_data";"fair_enough_Gen2_FM_I1B_metadata";"fair_enough_Gen2_FM_I1A_metadata";"fair_enough_Gen2_FM_I2B";"fair_enough_Gen2_FM_I2A";"fair_enough_Gen2_FM_I3";"fair_enough_Gen2_FM_R1.1_metadata";"fair_enough_Gen2_FM_R1.1_data";"fair_enough_f1";"fair_enough_f2";"fair_enough_f3";"fair_enough_f4";"fair_enough_a1.1";"fair_enough_a1.2";"fair_enough_a2";"fair_enough_i1";"fair_enough_i2";"fair_enough_i3";"fair_enough_r1.1";"fair_checker_score";"checker_percent_f";"checker_percent_a";"checker_percent_i";"checker_percent_r";"fair_checker_f1";"fair_checker_f2";"fair_checker_a1.1";"fair_checker_a1.2";"fair_checker_i1";"fair_checker_i2";"fair_checker_i3";"fair_checker_r1.1";"fair_checker_r1.2";"fair_checker_r1.3";"fair_checker_F1A";"fair_checker_F1B";"fair_checker_F2A";"fair_checker_F2B";"fair_checker_A1.1";"fair_checker_A1.2";"fair_checker_I1";"fair_checker_I2";"fair_checker_I3";"fair_checker_R1.1";"fair_checker_R1.2";"fair_checker_R1.3"
"10.1093/scan/nsab109";"https://osf.io/r7g9q/";"OSF";"CC BY";"general-purpose repository";"Open Science Framework";37,5;42,86;33,33;25;40;50;50;0;50;33,33;50;0;0;25;100;50;0;1;0;1;0;1;0;1;0;1;0;0;1;2;1;0;0;11;22;50;7;31,82;NA;0;1;1;1;0;0;0;0;1;0;0;0;0;0;1;1;0;0;1;0;0;50;100;0;0;50;0;0;50;0;50;0;70,83;75;100;33,33;83,33;100;50;100;100;50;50;0;100;100;50;2;2;1;1;2;2;1;1;0;2;2;1
"10.1098/rsos.201494";"https://osf.io/738yf/";"OSF";"CC0";"general-purpose repository";"Open Science Framework";4,17;14,29;0;0;0;50;0;0;0;0;0;0;0;0;0;0;0;1;0;0;0;0;0;0;0;0;0;0;0;0;0;0;0;3;22;13,64;2;9,09;NA;0;1;0;0;0;0;0;0;1;0;0;0;0;0;0;0;0;0;0;0;0;50;0;0;0;50;0;0;0;0;0;0;37,5;50;50;33,33;16,67;50;50;100;0;50;50;0;0;0;50;2;0;1;1;2;0;1;1;0;0;0;1
"10.1098/rsos.210155";"https://osf.io/ftb9c/";"OSF";"NULL";"general-purpose repository";"Open Science Framework";4,17;14,29;0;0;0;50;0;0;0;0;0;0;0;0;0;0;0;1;0;0;0;0;0;0;0;0;0;0;0;0;0;0;0;3;22;13,64;2;9,09;NA;0;1;0;0;0;0;0;0;1;0;0;0;0;0;0;0;0;0;0;0;0;50;0;0;0;50;0;0;0;0;0;0;37,5;50;50;33,33;16,67;50;50;100;0;50;50;0;0;0;50;2;0;1;1;2;0;1;1;0;0;0;1
"10.1098/rspb.2021.0328";"https://doi.org/10.5061/dryad.66t1g1k27";"DRYAD";"CC0";"general-purpose repository";"DRYAD";66,67;100;100;50;40;100;100;100;100;100;100;0;0;25;50;50;50;1;1;2;1;2;1;1;1;2;0;0;1;1;1;1;0;17;22;77,27;15;68,18;NA;1;1;1;1;1;1;0;1;1;1;1;0;0;0;1;1;0;1;1;0;1;100;100;100;0;100;100;0;50;50;50;50;91,67;87,5;100;83,33;100;100;75;100;100;50;100;100;100;100;100;2;2;1;2;2;2;1;2;2;2;2;2
"10.1098/rsta.2020.0202";"https://oar.ptb.de/resources/show/10.7795/710.20201113";"PTB-OAR";"CC BY";"general-purpose repository";"PTB-OAR";35,42;57,14;50;0;30;50;100;0;50;50;0;0;0;0;100;50;0;1;0;2;0;1;0,5;1;0;0;0;0;0;2;1;0;0;3;22;13,64;2;9,09;NA;0;1;0;0;0;0;0;0;1;0;0;0;0;0;0;0;0;0;0;0;0;50;0;0;0;50;0;0;0;0;0;0;16,67;25;50;0;0;50;0;100;0;0;0;0;0;0;0;2;0;0;0;2;0;0;0;0;0;0;0
"10.1111/medu.14596";"https://osf.io/92swt/?view_only=faec41999e4848ef9535139dfe982c1c";"OSF";"CC BY";"general-purpose repository";"Open Science Framework";52,08;71,43;50;50;40;100;50;0;100;50;100;0;0;25;100;50;0;1;1;1;0;2;0,5;1;0;2;0;0;1;2;1;0;0;11;22;50;7;31,82;NA;0;1;1;1;0;0;0;0;1;0;0;0;0;0;1;1;0;0;1;0;0;50;100;0;0;50;0;0;50;0;50;0;70,83;75;100;33,33;83,33;100;50;100;100;50;50;0;100;100;50;2;2;1;1;2;2;1;1;0;2;2;1
"10.1136/bmjopen-2021-053096";"https://doi.org/10.5281/zenodo.4669937";"Zenodo";"CC BY";"general-purpose repository";"Zenodo";79,17;100;100;75;60;100;100;100;100;100;100;0;100;50;100;50;50;1;1;2;1;2;1;1;1;2;0;1;2;2;1;0;1;19;22;86,36;15;68,18;NA;1;1;1;1;1;1;0;1;1;1;1;0;0;0;1;1;0;1;1;0;1;100;100;100;0;100;100;0;50;50;50;50;91,67;87,5;100;83,33;100;100;75;100;100;50;100;100;100;100;100;2;2;1;2;2;2;1;2;2;2;2;2
"10.1158/2159-8290.CD-21-0276";"https://osf.io/bupge/";"OSF";"NULL";"general-purpose repository";"Open Science Framework";29,17;42,86;33,33;25;20;50;50;0;50;33,33;50;0;0;25;0;50;0;1;0;1;0;1;0;1;0;1;0;0;1;0;1;0;0;10;22;45,45;7;31,82;NA;0;1;1;1;0;0;0;0;1;0;0;0;0;0;1;1;0;0;1;0;0;50;100;0;0;50;0;0;50;0;50;0;54,17;75;50;33,33;50;100;50;100;0;50;50;0;0;100;50;2;2;1;1;2;0;1;1;0;0;2;1
"10.1186/s12879-021-06829-7";"https://osf.io/er6b8/";"OSF";"NULL";"general-purpose repository";"Open Science Framework";4,17;14,29;0;0;0;50;0;0;0;0;0;0;0;0;0;0;0;1;0;0;0;0;0;0;0;0;0;0;0;0;0;0;0;3;22;13,64;2;9,09;NA;0;1;0;0;0;0;0;0;1;0;0;0;0;0;0;0;0;0;0;0;0;50;0;0;0;50;0;0;0;0;0;0;16,67;25;50;0;0;50;0;100;0;0;0;0;0;0;0;2;0;0;0;2;0;0;0;0;0;0;0
"10.1186/s12885-021-08186-9";"https://doi.org/10.6084/m9.figshare.14524716.v1";"figshare";"CC BY;CC0";"general-purpose repository";"figshare";70,83;100;66,67;75;50;100;100;100;100;66,67;100;0;100;25;100;50;50;1;1;2;1;2;0;1;1;2;0;1;1;2;1;0;1;17;22;77,27;15;68,18;NA;1;1;1;1;1;1;0;1;1;1;1;0;0;0;1;1;0;1;1;0;1;100;100;100;0;100;100;0;50;50;50;50;91,67;87,5;100;83,33;100;100;75;100;100;50;100;100;100;100;100;2;2;1;2;2;2;1;2;2;2;2;2
"10.1186/s12887-021-02735-8";"https://osf.io/xwnr3/";"OSF";"NULL";"general-purpose repository";"Open Science Framework";29,17;42,86;33,33;25;20;50;50;0;50;33,33;50;0;0;25;0;50;0;1;0;1;0;1;0;1;0;1;0;0;1;0;1;0;0;10;22;45,45;7;31,82;NA;0;1;1;1;0;0;0;0;1;0;0;0;0;0;1;1;0;0;1;0;0;50;100;0;0;50;0;0;50;0;50;0;54,17;75;50;33,33;50;100;50;100;0;50;50;0;0;100;50;2;2;1;1;2;0;1;1;0;0;2;1
"10.1186/s12903-021-01911-7";"https://doi.org/10.5281/zenodo.5159386";"Zenodo";"CC BY";"general-purpose repository";"Zenodo";75;100;66,67;75;60;100;100;100;100;66,67;100;0;100;50;100;50;50;1;1;2;1;2;1;1;0;2;0;1;2;2;1;0;1;15;22;68,18;11;50;NA;1;1;1;1;0;0;0;0;1;0;1;0;0;0;1;1;0;1;1;0;1;100;100;0;0;50;50;0;50;50;50;50;91,67;87,5;100;83,33;100;100;75;100;100;50;100;100;100;100;100;2;2;1;2;2;2;1;2;2;2;2;2
"10.1186/s12967-021-02774-w";"https://doi.org/10.6084/m9.figshare.14450727.v1";"figshare";"CC BY;CC0";"general-purpose repository";"figshare";70,83;100;66,67;75;50;100;100;100;100;66,67;100;0;100;25;100;50;50;1;1;2;1;2;0;1;1;2;0;1;1;2;1;0;1;17;22;77,27;15;68,18;NA;1;1;1;1;1;1;0;1;1;1;1;0;0;0;1;1;0;1;1;0;1;100;100;100;0;100;100;0;50;50;50;50;91,67;87,5;100;83,33;100;100;75;100;100;50;100;100;100;100;100;2;2;1;2;2;2;1;2;2;2;2;2
"10.1186/s12983-021-00437-6";"https://doi.org/10.17605/OSF.IO/AKRH9";"OSF";"CC BY";"general-purpose repository";"Open Science Framework";52,08;71,43;50;50;40;100;50;0;100;50;100;0;0;25;100;50;0;1;1;1;0;2;0,5;1;0;2;0;0;1;2;1;0;0;13;22;59,09;10;45,45;NA;1;1;1;1;0;1;0;0;1;0;1;0;0;0;1;1;0;0;1;0;0;100;100;50;0;50;50;0;50;0;50;0;79,17;75;100;66,67;83,33;100;50;100;100;50;50;100;100;100;50;2;2;1;1;2;2;1;1;2;2;2;1
"10.1186/s13099-021-00437-1";"https://figshare.com/articles/dataset/Additional_file_1_of_The_glycosyltransferase_ST3GAL2_is_regulated_by_miR-615-3p_in_the_intestinal_tract_of_Campylobacter_jejuni_infected_mice/14870435";"figshare";"CC BY;CC0";"general-purpose repository";"figshare";70,83;100;66,67;75;50;100;100;100;100;66,67;100;0;100;25;100;50;50;1;1;2;1;2;0;1;1;2;0;1;1;2;1;0;1;12;22;54,55;12;54,55;NA;0;1;1;1;1;0;0;1;1;1;0;0;0;0;1;1;0;1;1;0;1;50;100;50;0;100;50;0;50;50;50;50;83,33;87,5;100;50;100;100;75;100;100;50;100;0;100;100;100;2;2;1;2;2;2;1;2;0;2;2;2
"10.1186/s13148-021-01190-7";"https://figshare.com/articles/dataset/Additional_file_1_of_Epigenetic_adaptations_of_the_masticatory_mucosa_to_periodontal_inflammation/16928628";"figshare";"CC BY;CC0";"general-purpose repository";"figshare";70,83;100;66,67;75;50;100;100;100;100;66,67;100;0;100;25;100;50;50;1;1;2;1;2;0;1;1;2;0;1;1;2;1;0;1;12;22;54,55;12;54,55;NA;0;1;1;1;1;0;0;1;1;1;0;0;0;0;1;1;0;1;1;0;1;50;100;50;0;100;50;0;50;50;50;50;83,33;87,5;100;50;100;100;75;100;100;50;100;0;100;100;100;2;2;1;2;2;2;1;2;0;2;2;2
"10.1186/s13321-021-00511-5";"https://github.com/volkamerlab/cptox21_manuscript_SI/tree/master/data/data_signatures";"GitHub";NA;"general-purpose repository";"GitHub";4,17;14,29;0;0;0;50;0;0;0;0;0;0;0;0;0;0;0;1;0;0;0;0;0;0;0;0;0;0;0;0;0;0;0;5;22;22,73;6;27,27;NA;0;1;1;1;0;0;0;0;1;0;0;0;0;0;1;1;0;0;0;0;0;50;100;0;0;50;0;0;50;0;0;0;37,5;50;50;33,33;16,67;50;50;100;0;50;50;0;0;0;50;2;0;1;1;2;0;1;1;0;0;0;1
"10.12688/wellcomeopenres.16893.2";"https://osf.io/zy7vs";"OSF";"CC0";"general-purpose repository";"Open Science Framework";4,17;14,29;0;0;0;50;0;0;0;0;0;0;0;0;0;0;0;1;0;0;0;0;0;0;0;0;0;0;0;0;0;0;0;3;22;13,64;2;9,09;NA;0;1;0;0;0;0;0;0;1;0;0;0;0;0;0;0;0;0;0;0;0;50;0;0;0;50;0;0;0;0;0;0;37,5;50;50;33,33;16,67;50;50;100;0;50;50;0;0;0;50;2;0;1;1;2;0;1;1;0;0;0;1
"10.1371/journal.pbio.3001009";"https://doi.org/10.6084/m9.figshare.14527317.v4";"figshare";"CC BY";"general-purpose repository";"figshare";70,83;100;66,67;75;50;100;100;100;100;66,67;100;0;100;25;100;50;50;1;1;2;1;2;0;1;1;2;0;1;1;2;1;0;1;NA;NA;NA;15;68,18;TRUE;1;1;1;1;1;1;0;1;1;1;1;0;0;0;1;1;0;1;1;0;1;100;100;100;0;100;100;0;50;50;50;50;91,67;87,5;100;83,33;100;100;75;100;100;50;100;100;100;100;100;2;2;1;2;2;2;1;2;2;2;2;2
"10.1371/journal.pbio.3001107";"https://osf.io/7xc23/";"OSF";"CC BY";"general-purpose repository";"Open Science Framework";4,17;14,29;0;0;0;50;0;0;0;0;0;0;0;0;0;0;0;1;0;0;0;0;0;0;0;0;0;0;0;0;0;0;0;3;22;13,64;2;9,09;NA;0;1;0;0;0;0;0;0;1;0;0;0;0;0;0;0;0;0;0;0;0;50;0;0;0;50;0;0;0;0;0;0;37,5;50;50;33,33;16,67;50;50;100;0;50;50;0;0;0;50;2;0;1;1;2;0;1;1;0;0;0;1
"10.1371/journal.pbio.3001149";"https://doi.org/10.5281/zenodo.4498214";"Zenodo";"CC BY";"general-purpose repository";"Zenodo";79,17;100;100;75;60;100;100;100;100;100;100;0;100;50;100;50;50;1;1;2;1;2;1;1;1;2;0;1;2;2;1;0;1;NA;NA;NA;14;63,64;TRUE;1;1;1;1;1;0;0;1;1;1;1;0;0;0;1;1;0;1;1;0;1;100;100;50;0;100;100;0;50;50;50;50;91,67;87,5;100;83,33;100;100;75;100;100;50;100;100;100;100;100;2;2;1;2;2;2;1;2;2;2;2;2
"10.1371/journal.pbio.3001161";"https://doi.org/10.17605/OSF.IO/B5296";"OSF";"CC BY";"general-purpose repository";"Open Science Framework";56,25;85,71;50;50;40;100;100;0;100;50;100;0;0;25;100;50;0;1;1;2;0;2;0,5;1;0;2;0;0;1;2;1;0;0;14;22;63,64;10;45,45;NA;1;1;1;1;0;1;0;0;1;0;1;0;0;0;1;1;0;0;1;0;0;100;100;50;0;50;50;0;50;0;50;0;79,17;75;100;66,67;83,33;100;50;100;100;50;50;100;100;100;50;2;2;1;1;2;2;1;1;2;2;2;1
"10.1371/journal.pbio.3001177";"https://doi.org/10.17605/OSF.IO/W3JUH";"OSF";"NULL";"general-purpose repository";"Open Science Framework";41,67;71,43;33,33;50;20;100;50;0;100;33,33;100;0;0;25;0;50;0;1;1;1;0;2;0;1;0;2;0;0;1;0;1;0;0;13;22;59,09;10;45,45;NA;1;1;1;1;0;1;0;0;1;0;1;0;0;0;1;1;0;0;1;0;0;100;100;50;0;50;50;0;50;0;50;0;54,17;75;50;33,33;50;100;50;100;0;50;50;0;0;100;50;2;2;1;1;2;0;1;1;0;0;2;1
"10.1371/journal.pbio.3001177";"https://figshare.com/articles/dataset/Reporting_assessments_for_sample_of_110_preclinical_systematic_reviews_/14543924";"figshare";"CC BY";"general-purpose repository";"figshare";58,33;71,43;66,67;50;50;50;100;100;50;66,67;50;0;100;25;100;50;50;1;0;2;1;1;0;1;1;1;0;1;1;2;1;0;1;12;22;54,55;12;54,55;NA;0;1;1;1;1;0;0;1;1;1;0;0;0;0;1;1;0;1;1;0;1;50;100;50;0;100;50;0;50;50;50;50;83,33;87,5;100;50;100;100;75;100;100;50;100;0;100;100;100;2;2;1;2;2;2;1;2;0;2;2;2
"10.1371/journal.pbio.3001384";"https://figshare.com/articles/dataset/This_file_contains_all_raw_data_underlying_the_figures_/17226515";"figshare";"CC BY";"general-purpose repository";"figshare";58,33;71,43;66,67;50;50;50;100;100;50;66,67;50;0;100;25;100;50;50;1;0;2;1;1;0;1;1;1;0;1;1;2;1;0;1;12;22;54,55;12;54,55;NA;0;1;1;1;1;0;0;1;1;1;0;0;0;0;1;1;0;1;1;0;1;50;100;50;0;100;50;0;50;50;50;50;83,33;87,5;100;50;100;100;75;100;100;50;100;0;100;100;100;2;2;1;2;2;2;1;2;0;2;2;2
"10.1371/journal.pbio.3001468";"https://figshare.com/articles/dataset/Numerical_values_underlying_summary_data_displayed_in_figures_/17123529";"figshare";"CC BY";"general-purpose repository";"figshare";58,33;71,43;66,67;50;50;50;100;100;50;66,67;50;0;100;25;100;50;50;1;0;2;1;1;0;1;1;1;0;1;1;2;1;0;1;12;22;54,55;12;54,55;NA;0;1;1;1;1;0;0;1;1;1;0;0;0;0;1;1;0;1;1;0;1;50;100;50;0;100;50;0;50;50;50;50;83,33;87,5;100;50;100;100;75;100;100;50;100;0;100;100;100;2;2;1;2;2;2;1;2;0;2;2;2
"10.1371/journal.pcbi.1008630";"https://dx.doi.org/10.5281/zenodo.4064148";"Zenodo";"CC BY";"general-purpose repository";"Zenodo";79,17;100;100;75;60;100;100;100;100;100;100;0;100;50;100;50;50;1;1;2;1;2;1;1;1;2;0;1;2;2;1;0;1;12;22;54,55;14;63,64;NA;1;1;1;1;1;0;0;1;1;1;1;0;0;0;1;1;0;1;1;0;1;100;100;50;0;100;100;0;50;50;50;50;79,17;75;100;66,67;83,33;100;50;100;100;50;50;100;100;100;50;2;2;1;1;2;2;1;1;2;2;2;1
"10.1371/journal.pcbi.1009515";"https://itbgit.biologie.hu-berlin.de/dorel/phosphoproteomics_tnb_perturbations/-/blob/master/210113.proteinGroups.filteredNormalz.txt?expanded=true&viewer=simple";"GitLab";"NULL";"general-purpose repository";"GitLab";22,92;35,71;33,33;25;10;50;25;0;50;33,33;50;0;0;0;0;50;0;1;0;0,5;0;1;0;1;0;1;0;0;0;0;1;0;0;10;22;45,45;7;31,82;NA;0;1;1;1;0;0;0;0;1;0;0;0;0;0;1;1;0;0;1;0;0;50;100;0;0;50;0;0;50;0;50;0;37,5;50;50;33,33;16,67;50;50;100;0;50;50;0;0;0;50;2;0;1;1;2;0;1;1;0;0;0;1
"10.1371/journal.pgen.1009201";"https://figshare.com/articles/dataset/All_somatic_SNVs_and_small_insertions_deletions_indels_detected_in_the_study_/13513223";"figshare";"CC BY";"general-purpose repository";"figshare";58,33;71,43;66,67;50;50;50;100;100;50;66,67;50;0;100;25;100;50;50;1;0;2;1;1;0;1;1;1;0;1;1;2;1;0;1;12;22;54,55;12;54,55;NA;0;1;1;1;1;0;0;1;1;1;0;0;0;0;1;1;0;1;1;0;1;50;100;50;0;100;50;0;50;50;50;50;83,33;87,5;100;50;100;100;75;100;100;50;100;0;100;100;100;2;2;1;2;2;2;1;2;0;2;2;2
"10.1371/journal.pgen.1009308";"https://figshare.com/articles/dataset/NSC23766_treatment_of_wild_type_mouse_sperm_/13714335";"figshare";"CC BY";"general-purpose repository";"figshare";58,33;71,43;66,67;50;50;50;100;100;50;66,67;50;0;100;25;100;50;50;1;0;2;1;1;0;1;1;1;0;1;1;2;1;0;1;12;22;54,55;12;54,55;NA;0;1;1;1;1;0;0;1;1;1;0;0;0;0;1;1;0;1;1;0;1;50;100;50;0;100;50;0;50;50;50;50;83,33;87,5;100;50;100;100;75;100;100;50;100;0;100;100;100;2;2;1;2;2;2;1;2;0;2;2;2
"10.1371/journal.pgen.1009619";"https://figshare.com/articles/dataset/Raw_data_of_the_lipidomics_experiments_including_sample_identifiers_/14831532";"figshare";"CC BY";"general-purpose repository";"figshare";58,33;71,43;66,67;50;50;50;100;100;50;66,67;50;0;100;25;100;50;50;1;0;2;1;1;0;1;1;1;0;1;1;2;1;0;1;12;22;54,55;6;27,27;NA;0;1;1;1;0;0;0;0;1;0;0;0;0;0;1;1;0;0;0;0;0;50;100;0;0;50;0;0;50;0;0;0;83,33;87,5;100;50;100;100;75;100;100;50;100;0;100;100;100;2;2;1;2;2;2;1;2;0;2;2;2
"10.1371/journal.pgen.1009679";"https://figshare.com/articles/dataset/Sources_of_the_CNV-case_cohorts_used_in_this_study_/15077835";"figshare";"CC BY";"general-purpose repository";"figshare";58,33;71,43;66,67;50;50;50;100;100;50;66,67;50;0;100;25;100;50;50;1;0;2;1;1;0;1;1;1;0;1;1;2;1;0;1;12;22;54,55;12;54,55;NA;0;1;1;1;1;0;0;1;1;1;0;0;0;0;1;1;0;1;1;0;1;50;100;50;0;100;50;0;50;50;50;50;83,33;87,5;100;50;100;100;75;100;100;50;100;0;100;100;100;2;2;1;2;2;2;1;2;0;2;2;2
"10.1371/journal.pmed.1003750";"https://figshare.com/articles/journal_contribution/Data_basis_for_meta-analyses_and_meta-regression_analyses_/16415146";"figshare";"CC BY";"general-purpose repository";"figshare";18,75;35,71;33,33;0;10;50;25;0;50;33,33;0;0;0;0;0;50;0;1;0;0,5;0;1;0;1;0;0;0;0;0;0;1;0;0;9;22;40,91;6;27,27;NA;0;1;1;1;0;0;0;0;1;0;0;0;0;0;1;1;0;0;0;0;0;50;100;0;0;50;0;0;50;0;0;0;50;62,5;50;50;33,33;50;75;100;0;50;100;0;0;0;100;2;0;1;2;2;0;1;2;0;0;0;2
"10.1371/journal.pntd.0009277";"https://figshare.com/articles/dataset/Data_table_depicting_overall_typing_results_/14311834";"figshare";"CC BY";"general-purpose repository";"figshare";58,33;71,43;66,67;50;50;50;100;100;50;66,67;50;0;100;25;100;50;50;1;0;2;1;1;0;1;1;1;0;1;1;2;1;0;1;12;22;54,55;12;54,55;NA;0;1;1;1;1;0;0;1;1;1;0;0;0;0;1;1;0;1;1;0;1;50;100;50;0;100;50;0;50;50;50;50;83,33;87,5;100;50;100;100;75;100;100;50;100;0;100;100;100;2;2;1;2;2;2;1;2;0;2;2;2
"10.1371/journal.pntd.0009863";"https://figshare.com/articles/dataset/Dataset_1_/16806162";"figshare";"CC BY";"general-purpose repository";"figshare";58,33;71,43;66,67;50;50;50;100;100;50;66,67;50;0;100;25;100;50;50;1;0;2;1;1;0;1;1;1;0;1;1;2;1;0;1;12;22;54,55;12;54,55;NA;0;1;1;1;1;0;0;1;1;1;0;0;0;0;1;1;0;1;1;0;1;50;100;50;0;100;50;0;50;50;50;50;83,33;87,5;100;50;100;100;75;100;100;50;100;0;100;100;100;2;2;1;2;2;2;1;2;0;2;2;2
"10.1371/journal.pone.0245143";"https://doi.org/10.5281/zenodo.4049178";"Zenodo";"CC BY";"general-purpose repository";"Zenodo";66,67;85,71;66,67;75;50;100;50;100;100;66,67;100;0;100;50;100;50;0;1;1;1;1;2;1;1;0;2;0;1;2;2;1;0;0;15;22;68,18;12;54,55;NA;1;1;1;1;0;1;0;0;1;0;1;0;0;0;1;1;0;1;1;0;1;100;100;50;0;50;50;0;50;50;50;50;91,67;87,5;100;83,33;100;100;75;100;100;50;100;100;100;100;100;2;2;1;2;2;2;1;2;2;2;2;2
"10.1371/journal.pone.0245880";"https://figshare.com/articles/dataset/Tacrolimus_PK_model_dataset_/13630924";"figshare";"CC BY";"general-purpose repository";"figshare";58,33;71,43;66,67;50;50;50;100;100;50;66,67;50;0;100;25;100;50;50;1;0;2;1;1;0;1;1;1;0;1;1;2;1;0;1;12;22;54,55;12;54,55;NA;0;1;1;1;1;0;0;1;1;1;0;0;0;0;1;1;0;1;1;0;1;50;100;50;0;100;50;0;50;50;50;50;83,33;87,5;100;50;100;100;75;100;100;50;100;0;100;100;100;2;2;1;2;2;2;1;2;0;2;2;2
"10.1371/journal.pone.0246819";"https://figshare.com/articles/dataset/Raw_data_/13866240";"figshare";"CC BY";"general-purpose repository";"figshare";58,33;71,43;66,67;50;50;50;100;100;50;66,67;50;0;100;25;100;50;50;1;0;2;1;1;0;1;1;1;0;1;1;2;1;0;1;12;22;54,55;12;54,55;NA;0;1;1;1;1;0;0;1;1;1;0;0;0;0;1;1;0;1;1;0;1;50;100;50;0;100;50;0;50;50;50;50;83,33;87,5;100;50;100;100;75;100;100;50;100;0;100;100;100;2;2;1;2;2;2;1;2;0;2;2;2
"10.1371/journal.pone.0246956";"https://figshare.com/articles/dataset/S1_Data_-/14041848";"figshare";"CC BY";"general-purpose repository";"figshare";58,33;71,43;66,67;50;50;50;100;100;50;66,67;50;0;100;25;100;50;50;1;0;2;1;1;0;1;1;1;0;1;1;2;1;0;1;12;22;54,55;12;54,55;NA;0;1;1;1;1;0;0;1;1;1;0;0;0;0;1;1;0;1;1;0;1;50;100;50;0;100;50;0;50;50;50;50;83,33;87,5;100;50;100;100;75;100;100;50;100;0;100;100;100;2;2;1;2;2;2;1;2;0;2;2;2
"10.1371/journal.pone.0247796";"https://figshare.com/articles/dataset/S1_Data_-/14162457";"figshare";"CC BY";"general-purpose repository";"figshare";58,33;71,43;66,67;50;50;50;100;100;50;66,67;50;0;100;25;100;50;50;1;0;2;1;1;0;1;1;1;0;1;1;2;1;0;1;12;22;54,55;12;54,55;NA;0;1;1;1;1;0;0;1;1;1;0;0;0;0;1;1;0;1;1;0;1;50;100;50;0;100;50;0;50;50;50;50;83,33;87,5;100;50;100;100;75;100;100;50;100;0;100;100;100;2;2;1;2;2;2;1;2;0;2;2;2
"10.1371/journal.pone.0247918";"https://doi.org/10.11588/data/FSPQL4";"heiDATA";"CC BY-NC-ND";"general-purpose repository";"heiDATA";75;100;66,67;75;60;100;100;100;100;66,67;100;0;100;75;50;50;50;1;1;2;1;2;0;1;1;2;0;1;3;1;1;0;1;19;22;86,36;10;45,45;NA;1;1;1;1;0;0;0;0;1;0;1;0;0;0;1;1;0;1;1;0;0;100;100;0;0;50;50;0;50;50;50;0;70,83;75;100;33,33;83,33;100;50;100;100;50;50;0;100;100;50;2;2;1;1;2;2;1;1;0;2;2;1
"10.1371/journal.pone.0248107";"https://osf.io/t3mcj/";"OSF";"NULL";"general-purpose repository";"Open Science Framework";4,17;14,29;0;0;0;50;0;0;0;0;0;0;0;0;0;0;0;1;0;0;0;0;0;0;0;0;0;0;0;0;0;0;0;3;22;13,64;2;9,09;NA;0;1;0;0;0;0;0;0;1;0;0;0;0;0;0;0;0;0;0;0;0;50;0;0;0;50;0;0;0;0;0;0;37,5;50;50;33,33;16,67;50;50;100;0;50;50;0;0;0;50;2;0;1;1;2;0;1;1;0;0;0;1
"10.1371/journal.pone.0249069";"https://figshare.com/articles/dataset/S1_Dataset_-/14409535";"figshare";"CC BY";"general-purpose repository";"figshare";58,33;71,43;66,67;50;50;50;100;100;50;66,67;50;0;100;25;100;50;50;1;0;2;1;1;0;1;1;1;0;1;1;2;1;0;1;12;22;54,55;12;54,55;NA;0;1;1;1;1;0;0;1;1;1;0;0;0;0;1;1;0;1;1;0;1;50;100;50;0;100;50;0;50;50;50;50;83,33;87,5;100;50;100;100;75;100;100;50;100;0;100;100;100;2;2;1;2;2;2;1;2;0;2;2;2
"10.1371/journal.pone.0249813";"https://doi.org/10.5281/zenodo.4135394";"Zenodo";"CC BY";"general-purpose repository";"Zenodo";66,67;85,71;66,67;75;50;100;50;100;100;66,67;100;0;100;50;100;50;0;1;1;1;1;2;1;1;0;2;0;1;2;2;1;0;0;15;22;68,18;12;54,55;NA;1;1;1;1;0;1;0;0;1;0;1;0;0;0;1;1;0;1;1;0;1;100;100;50;0;50;50;0;50;50;50;50;91,67;87,5;100;83,33;100;100;75;100;100;50;100;100;100;100;100;2;2;1;2;2;2;1;2;2;2;2;2
"10.1371/journal.pone.0249837";"https://figshare.com/articles/dataset/Raw_data_of_all_MRSA_outbreak_reports_included_/14383401";"figshare";"CC BY";"general-purpose repository";"figshare";58,33;71,43;66,67;50;50;50;100;100;50;66,67;50;0;100;25;100;50;50;1;0;2;1;1;0;1;1;1;0;1;1;2;1;0;1;12;22;54,55;12;54,55;NA;0;1;1;1;1;0;0;1;1;1;0;0;0;0;1;1;0;1;1;0;1;50;100;50;0;100;50;0;50;50;50;50;83,33;87,5;100;50;100;100;75;100;100;50;100;0;100;100;100;2;2;1;2;2;2;1;2;0;2;2;2
"10.1371/journal.pone.0250362";"https://figshare.com/articles/dataset/Raw_data_1_/14549776";"figshare";"CC BY";"general-purpose repository";"figshare";58,33;71,43;66,67;50;50;50;100;100;50;66,67;50;0;100;25;100;50;50;1;0;2;1;1;0;1;1;1;0;1;1;2;1;0;1;12;22;54,55;12;54,55;NA;0;1;1;1;1;0;0;1;1;1;0;0;0;0;1;1;0;1;1;0;1;50;100;50;0;100;50;0;50;50;50;50;83,33;87,5;100;50;100;100;75;100;100;50;100;0;100;100;100;2;2;1;2;2;2;1;2;0;2;2;2
"10.1371/journal.pone.0251544";"https://doi.org/10.5281/zenodo.3718578";"Zenodo";"CC BY";"general-purpose repository";"Zenodo";75;100;100;75;50;100;100;100;100;100;100;0;100;50;100;50;0;1;1;2;1;2;1;1;1;2;0;1;2;2;1;0;0;19;22;86,36;11;50;NA;1;1;1;1;0;0;0;0;1;1;1;0;0;0;1;1;0;1;1;0;0;100;100;0;0;50;100;0;50;50;50;0;91,67;87,5;100;83,33;100;100;75;100;100;50;100;100;100;100;100;2;2;1;2;2;2;1;2;2;2;2;2
"10.1371/journal.pone.0253762";"https://figshare.com/articles/dataset/S1_Dataset_-/14976465";"figshare";"CC BY";"general-purpose repository";"figshare";54,17;71,43;66,67;50;40;50;100;100;50;66,67;50;0;100;25;100;50;0;1;0;2;1;1;0;1;1;1;0;1;1;2;1;0;0;12;22;54,55;12;54,55;NA;0;1;1;1;1;0;0;1;1;1;0;0;0;0;1;1;0;1;1;0;1;50;100;50;0;100;50;0;50;50;50;50;83,33;87,5;100;50;100;100;75;100;100;50;100;0;100;100;100;2;2;1;2;2;2;1;2;0;2;2;2
"10.1371/journal.pone.0253779";"https://figshare.com/articles/dataset/Supplementary_study_data_/14894303";"figshare";"CC BY";"general-purpose repository";"figshare";58,33;71,43;66,67;50;50;50;100;100;50;66,67;50;0;100;25;100;50;50;1;0;2;1;1;0;1;1;1;0;1;1;2;1;0;1;12;22;54,55;12;54,55;NA;0;1;1;1;1;0;0;1;1;1;0;0;0;0;1;1;0;1;1;0;1;50;100;50;0;100;50;0;50;50;50;50;83,33;87,5;100;50;100;100;75;100;100;50;100;0;100;100;100;2;2;1;2;2;2;1;2;0;2;2;2
"10.1371/journal.pone.0255490";"https://doi.org/10.6084/m9.figshare.13251428";"figshare";"CC BY";"general-purpose repository";"figshare";66,67;100;66,67;75;40;100;100;100;100;66,67;100;0;100;25;100;50;0;1;1;2;1;2;0;1;1;2;0;1;1;2;1;0;0;14;22;63,64;14;63,64;NA;1;1;1;1;1;0;0;1;1;1;1;0;0;0;1;1;0;1;1;0;1;100;100;50;0;100;100;0;50;50;50;50;91,67;87,5;100;83,33;100;100;75;100;100;50;100;100;100;100;100;2;2;1;2;2;2;1;2;2;2;2;2
"10.1371/journal.pone.0255800";"http://dx.doi.org/10.25532/OPARA-120";"OpARA";"CC BY";"general-purpose repository";"OpARA";47,92;85,71;50;25;30;100;100;0;100;50;50;0;0;0;100;50;0;1;1;2;0;2;0,5;1;0;1;0;0;0;2;1;0;0;3;22;13,64;11;50;NA;1;1;1;1;0;0;0;0;1;0;1;0;0;0;1;1;0;1;1;0;1;100;100;0;0;50;50;0;50;50;50;50;16,67;25;50;0;0;50;0;100;0;0;0;0;0;0;0;2;0;0;0;2;0;0;0;0;0;0;0
"10.1371/journal.pone.0255800";"https://osf.io/bdsqv/";"OSF";"CC BY";"general-purpose repository";"Open Science Framework";4,17;14,29;0;0;0;50;0;0;0;0;0;0;0;0;0;0;0;1;0;0;0;0;0;0;0;0;0;0;0;0;0;0;0;3;22;13,64;2;9,09;NA;0;1;0;0;0;0;0;0;1;0;0;0;0;0;0;0;0;0;0;0;0;50;0;0;0;50;0;0;0;0;0;0;37,5;50;50;33,33;16,67;50;50;100;0;50;50;0;0;0;50;2;0;1;1;2;0;1;1;0;0;0;1
"10.1371/journal.pone.0257183";"https://figshare.com/articles/dataset/S1_Dataset_-/16602615";"figshare";"CC BY";"general-purpose repository";"figshare";58,33;71,43;66,67;50;50;50;100;100;50;66,67;50;0;100;25;100;50;50;1;0;2;1;1;0;1;1;1;0;1;1;2;1;0;1;11;22;50;12;54,55;NA;0;1;1;1;1;0;0;1;1;1;0;0;0;0;1;1;0;1;1;0;1;50;100;50;0;100;50;0;50;50;50;50;83,33;87,5;100;50;100;100;75;100;100;50;100;0;100;100;100;2;2;1;2;2;2;1;2;0;2;2;2
"10.1371/journal.pone.0257571";"https://figshare.com/articles/dataset/S1_Dataset_-/16662303";"figshare";"CC BY";"general-purpose repository";"figshare";58,33;71,43;66,67;50;50;50;100;100;50;66,67;50;0;100;25;100;50;50;1;0;2;1;1;0;1;1;1;0;1;1;2;1;0;1;12;22;54,55;12;54,55;NA;0;1;1;1;1;0;0;1;1;1;0;0;0;0;1;1;0;1;1;0;1;50;100;50;0;100;50;0;50;50;50;50;83,33;87,5;100;50;100;100;75;100;100;50;100;0;100;100;100;2;2;1;2;2;2;1;2;0;2;2;2
"10.1371/journal.pone.0258240";"https://doi.org/10.6084/m9.figshare.16680565.v2";"figshare";"CC BY";"general-purpose repository";"figshare";70,83;100;66,67;75;50;100;100;100;100;66,67;100;0;100;25;100;50;50;1;1;2;1;2;0;1;1;2;0;1;1;2;1;0;1;17;22;77,27;15;68,18;NA;1;1;1;1;1;1;0;1;1;1;1;0;0;0;1;1;0;1;1;0;1;100;100;100;0;100;100;0;50;50;50;50;91,67;87,5;100;83,33;100;100;75;100;100;50;100;100;100;100;100;2;2;1;2;2;2;1;2;2;2;2;2
"10.1371/journal.pone.0258958";"https://figshare.com/articles/dataset/Dataset_for_60_pats_CPI_/16925496";"figshare";"CC BY";"general-purpose repository";"figshare";58,33;71,43;66,67;50;50;50;100;100;50;66,67;50;0;100;25;100;50;50;1;0;2;1;1;0;1;1;1;0;1;1;2;1;0;1;12;22;54,55;12;54,55;NA;0;1;1;1;1;0;0;1;1;1;0;0;0;0;1;1;0;1;1;0;1;50;100;50;0;100;50;0;50;50;50;50;83,33;87,5;100;50;100;100;75;100;100;50;100;0;100;100;100;2;2;1;2;2;2;1;2;0;2;2;2
"10.1371/journal.pone.0259185";"https://figshare.com/articles/dataset/Somatic_variants_of_candidate_driver_genes_in_MSH3-deficient_adenomas_/17094902";"figshare";"CC BY";"general-purpose repository";"figshare";58,33;71,43;66,67;50;50;50;100;100;50;66,67;50;0;100;25;100;50;50;1;0;2;1;1;0;1;1;1;0;1;1;2;1;0;1;12;22;54,55;12;54,55;NA;0;1;1;1;1;0;0;1;1;1;0;0;0;0;1;1;0;1;1;0;1;50;100;50;0;100;50;0;50;50;50;50;83,33;87,5;100;50;100;100;75;100;100;50;100;0;100;100;100;2;2;1;2;2;2;1;2;0;2;2;2
"10.15252/emmm.202114123";"https://github.com/molsysbio/sccrc/tree/master/_data";"GitHub";"NULL";"general-purpose repository";"GitHub";4,17;14,29;0;0;0;50;0;0;0;0;0;0;0;0;0;0;0;1;0;0;0;0;0;0;0;0;0;0;0;0;0;0;0;5;22;22,73;6;27,27;NA;0;1;1;1;0;0;0;0;1;0;0;0;0;0;1;1;0;0;0;0;0;50;100;0;0;50;0;0;50;0;0;0;37,5;50;50;33,33;16,67;50;50;100;0;50;50;0;0;0;50;2;0;1;1;2;0;1;1;0;0;0;1
"10.1681/ASN.2020101528";"https://doi.org/10.5281/zenodo.4434363";"Zenodo";"CC BY";"general-purpose repository";"Zenodo";79,17;100;100;75;60;100;100;100;100;100;100;0;100;50;100;50;50;1;1;2;1;2;1;1;1;2;0;1;2;2;1;0;1;NA;NA;NA;15;68,18;TRUE;1;1;1;1;1;1;0;1;1;1;1;0;0;0;1;1;0;1;1;0;1;100;100;100;0;100;100;0;50;50;50;50;91,67;87,5;100;83,33;100;100;75;100;100;50;100;100;100;100;100;2;2;1;2;2;2;1;2;2;2;2;2
"10.3389/fbioe.2021.724791";"https://doi.org/10.6084/m9.figshare.14778417";"figshare";"CC BY";"general-purpose repository";"figshare";70,83;100;66,67;75;50;100;100;100;100;66,67;100;0;100;25;100;50;50;1;1;2;1;2;0;1;1;2;0;1;1;2;1;0;1;14;22;63,64;14;63,64;NA;1;1;1;1;1;0;0;1;1;1;1;0;0;0;1;1;0;1;1;0;1;100;100;50;0;100;100;0;50;50;50;50;91,67;87,5;100;83,33;100;100;75;100;100;50;100;100;100;100;100;2;2;1;2;2;2;1;2;2;2;2;2
"10.3389/fgene.2021.664654";"https://github.com/hdsu-bioquant/irene-data";"GitHub";"NULL";"general-purpose repository";"GitHub";18,75;35,71;33,33;0;10;50;25;0;50;33,33;0;0;0;0;0;50;0;1;0;0,5;0;1;0;1;0;0;0;0;0;0;1;0;0;9;22;40,91;6;27,27;NA;0;1;1;1;0;0;0;0;1;0;0;0;0;0;1;1;0;0;0;0;0;50;100;0;0;50;0;0;50;0;0;0;37,5;50;50;33,33;16,67;50;50;100;0;50;50;0;0;0;50;2;0;1;1;2;0;1;1;0;0;0;1
"10.3389/fgene.2021.751033";"https://figshare.com/articles/dataset/DataSheet1_A_Systematic_Review_of_Transcriptional_Dysregulation_in_Huntington_s_Disease_Studied_by_RNA_Sequencing_XLSX/16816798?backTo=/collections/A_Systematic_Review_of_Transcriptional_Dysregulation_in_Huntington_s_Disease_Studied_by_RNA_Sequencing/5663986";"figshare";"CC BY";"general-purpose repository";"figshare";58,33;71,43;66,67;50;50;50;100;100;50;66,67;50;0;100;25;100;50;50;1;0;2;1;1;0;1;1;1;0;1;1;2;1;0;1;12;22;54,55;12;54,55;NA;0;1;1;1;1;0;0;1;1;1;0;0;0;0;1;1;0;1;1;0;1;50;100;50;0;100;50;0;50;50;50;50;83,33;87,5;100;50;100;100;75;100;100;50;100;0;100;100;100;2;2;1;2;2;2;1;2;0;2;2;2
"10.3389/fimmu.2020.569006";"https://figshare.com/articles/dataset/Table_2_Evidence_of_B_Cell_Clonality_and_Investigation_Into_Properties_of_the_IgM_in_Patients_With_Schnitzler_Syndrome_xlsx/13324736?backTo=/collections/Evidence_of_B_Cell_Clonality_and_Investigation_Into_Properties_of_the_IgM_in_Patients_With_Schnitzler_Syndrome/5227352";"figshare";"CC BY";"general-purpose repository";"figshare";58,33;71,43;66,67;50;50;50;100;100;50;66,67;50;0;100;25;100;50;50;1;0;2;1;1;0;1;1;1;0;1;1;2;1;0;1;12;22;54,55;12;54,55;NA;0;1;1;1;1;0;0;1;1;1;0;0;0;0;1;1;0;1;1;0;1;50;100;50;0;100;50;0;50;50;50;50;83,33;87,5;100;50;100;100;75;100;100;50;100;0;100;100;100;2;2;1;2;2;2;1;2;0;2;2;2
"10.3389/fimmu.2021.603649";"https://figshare.com/articles/dataset/Table_1_Modulation_of_Liver_Inflammation_and_Fibrosis_by_Interleukin-37_XLSX/14160740?backTo=/collections/Modulation_of_Liver_Inflammation_and_Fibrosis_by_Interleukin-37/5326814";"figshare";"CC BY";"general-purpose repository";"figshare";58,33;71,43;66,67;50;50;50;100;100;50;66,67;50;0;100;25;100;50;50;1;0;2;1;1;0;1;1;1;0;1;1;2;1;0;1;12;22;54,55;12;54,55;NA;0;1;1;1;1;0;0;1;1;1;0;0;0;0;1;1;0;1;1;0;1;50;100;50;0;100;50;0;50;50;50;50;83,33;87,5;100;50;100;100;75;100;100;50;100;0;100;100;100;2;2;1;2;2;2;1;2;0;2;2;2
"10.3389/fmicb.2021.746795";"https://figshare.com/articles/dataset/Data_Sheet_1_The_Effect_of_Allicin_on_the_Proteome_of_SARS-CoV-2_Infected_Calu-3_Cells_XLSX/16894696?backTo=/collections/The_Effect_of_Allicin_on_the_Proteome_of_SARS-CoV-2_Infected_Calu-3_Cells/5682514";"figshare";"CC BY";"general-purpose repository";"figshare";58,33;71,43;66,67;50;50;50;100;100;50;66,67;50;0;100;25;100;50;50;1;0;2;1;1;0;1;1;1;0;1;1;2;1;0;1;12;22;54,55;12;54,55;NA;0;1;1;1;1;0;0;1;1;1;0;0;0;0;1;1;0;1;1;0;1;50;100;50;0;100;50;0;50;50;50;50;83,33;87,5;100;50;100;100;75;100;100;50;100;0;100;100;100;2;2;1;2;2;2;1;2;0;2;2;2
"10.3389/fmolb.2021.673044";"https://figshare.com/articles/dataset/Table1_Altered_Glycosylation_in_the_Aging_Heart_XLSX/14694453?backTo=/collections/Altered_Glycosylation_in_the_Aging_Heart/5442648";"figshare";"CC BY";"general-purpose repository";"figshare";58,33;71,43;66,67;50;50;50;100;100;50;66,67;50;0;100;25;100;50;50;1;0;2;1;1;0;1;1;1;0;1;1;2;1;0;1;12;22;54,55;12;54,55;NA;0;1;1;1;1;0;0;1;1;1;0;0;0;0;1;1;0;1;1;0;1;50;100;50;0;100;50;0;50;50;50;50;83,33;87,5;100;50;100;100;75;100;100;50;100;0;100;100;100;2;2;1;2;2;2;1;2;0;2;2;2
"10.3389/fonc.2021.684713";"http://doi.org/10.5281/zenodo.4362503";"Zenodo";"CC BY";"general-purpose repository";"Zenodo";70,83;100;66,67;75;50;100;100;100;100;66,67;100;0;100;50;100;50;0;1;1;2;1;2;1;1;0;2;0;1;2;2;1;0;0;15;22;68,18;11;50;NA;1;1;1;1;0;0;0;0;1;0;1;0;0;0;1;1;0;1;1;0;1;100;100;0;0;50;50;0;50;50;50;50;91,67;87,5;100;83,33;100;100;75;100;100;50;100;100;100;100;100;2;2;1;2;2;2;1;2;2;2;2;2
"10.3389/fphys.2021.638669";"https://figshare.com/articles/dataset/EEG_resting_state_power_before_during_and_after_60_days_of_bed_rest/12148359?file=25963484";"figshare";"CC BY";"general-purpose repository";"figshare";70,83;100;66,67;75;50;100;100;100;100;66,67;100;0;100;25;100;50;50;1;1;2;1;2;0;1;1;2;0;1;1;2;1;0;1;12;22;54,55;12;54,55;NA;0;1;1;1;1;0;0;1;1;1;0;0;0;0;1;1;0;1;1;0;1;50;100;50;0;100;50;0;50;50;50;50;83,33;87,5;100;50;100;100;75;100;100;50;100;0;100;100;100;2;2;1;2;2;2;1;2;0;2;2;2
"10.3389/fphys.2021.658707";"http://doi.org/10.6084/m9.figshare.13633790";"figshare";"CC BY";"general-purpose repository";"figshare";70,83;100;66,67;75;50;100;100;100;100;66,67;100;0;100;25;100;50;50;1;1;2;1;2;0;1;1;2;0;1;1;2;1;0;1;14;22;63,64;14;63,64;NA;1;1;1;1;1;0;0;1;1;1;1;0;0;0;1;1;0;1;1;0;1;100;100;50;0;100;100;0;50;50;50;50;91,67;87,5;100;83,33;100;100;75;100;100;50;100;100;100;100;100;2;2;1;2;2;2;1;2;2;2;2;2
"10.3389/fphys.2021.749709";"https://figshare.com/articles/dataset/raw_data_of_Aging_Affects_KV7_Channels_and_Perivascular_Adipose_Tissue-Mediated_Vascular_Tone/16920589";"figshare";"CC BY";"general-purpose repository";"figshare";70,83;100;66,67;75;50;100;100;100;100;66,67;100;0;100;25;100;50;50;1;1;2;1;2;0;1;1;2;0;1;1;2;1;0;1;12;22;54,55;12;54,55;NA;0;1;1;1;1;0;0;1;1;1;0;0;0;0;1;1;0;1;1;0;1;50;100;50;0;100;50;0;50;50;50;50;83,33;87,5;100;50;100;100;75;100;100;50;100;0;100;100;100;2;2;1;2;2;2;1;2;0;2;2;2
"10.3389/fpsyg.2021.581681";"https://osf.io/e8tg5/";"OSF";"CC BY";"general-purpose repository";"Open Science Framework";41,67;57,14;33,33;25;40;50;100;0;50;33,33;50;0;0;25;100;50;0;1;0;2;0;1;0;1;0;1;0;0;1;2;1;0;0;11;22;50;7;31,82;NA;0;1;1;1;0;0;0;0;1;0;0;0;0;0;1;1;0;0;1;0;0;50;100;0;0;50;0;0;50;0;50;0;70,83;75;100;33,33;83,33;100;50;100;100;50;50;0;100;100;50;2;2;1;1;2;2;1;1;0;2;2;1
"10.3389/fpsyg.2021.672301";"https://osf.io/qgntp/";"OSF";"CC BY";"general-purpose repository";"Open Science Framework";4,17;14,29;0;0;0;50;0;0;0;0;0;0;0;0;0;0;0;1;0;0;0;0;0;0;0;0;0;0;0;0;0;0;0;3;22;13,64;2;9,09;NA;0;1;0;0;0;0;0;0;1;0;0;0;0;0;0;0;0;0;0;0;0;50;0;0;0;50;0;0;0;0;0;0;37,5;50;50;33,33;16,67;50;50;100;0;50;50;0;0;0;50;2;0;1;1;2;0;1;1;0;0;0;1
"10.3390/ijerph18179218";"https://doi.org/10.6084/m9.figshare.14975286.v1";"figshare";"CC BY";"general-purpose repository";"figshare";70,83;100;66,67;75;50;100;100;100;100;66,67;100;0;100;25;100;50;50;1;1;2;1;2;0;1;1;2;0;1;1;2;1;0;1;NA;NA;NA;15;68,18;TRUE;1;1;1;1;1;1;0;1;1;1;1;0;0;0;1;1;0;1;1;0;1;100;100;100;0;100;100;0;50;50;50;50;91,67;87,5;100;83,33;100;100;75;100;100;50;100;100;100;100;100;2;2;1;2;2;2;1;2;2;2;2;2
"10.3390/ijms22116046";"http://doi.org/10.5281/zenodo.4884946";"Zenodo";"CC BY";"general-purpose repository";"Zenodo";62,5;85,71;66,67;75;40;100;100;0;100;66,67;100;0;100;25;100;50;0;1;1;2;0;2;1;1;0;2;0;1;1;2;1;0;0;15;22;68,18;11;50;NA;1;1;1;1;0;0;0;0;1;0;1;0;0;0;1;1;0;1;1;0;1;100;100;0;0;50;50;0;50;50;50;50;91,67;87,5;100;83,33;100;100;75;100;100;50;100;100;100;100;100;2;2;1;2;2;2;1;2;2;2;2;2
"10.3390/ijms222112031";"http://doi.org/10.5281/zenodo.5524539";"Zenodo";"CC BY";"general-purpose repository";"Zenodo";79,17;100;100;75;60;100;100;100;100;100;100;0;100;50;100;50;50;1;1;2;1;2;1;1;1;2;0;1;2;2;1;0;1;NA;NA;NA;14;63,64;TRUE;1;1;1;1;1;0;0;1;1;1;1;0;0;0;1;1;0;1;1;0;1;100;100;50;0;100;100;0;50;50;50;50;91,67;87,5;100;83,33;100;100;75;100;100;50;100;100;100;100;100;2;2;1;2;2;2;1;2;2;2;2;2
"10.1002/14651858.CD015045";"https://doi.org/10.5281/zenodo.5377507";"Zenodo";"CC BY";"general-purpose repository";"Zenodo";70,83;100;66,67;75;50;100;100;100;100;66,67;100;0;100;50;100;50;0;1;1;2;1;2;1;1;0;2;0;1;2;2;1;0;0;15;22;68,18;11;50;NA;1;1;1;1;0;0;0;0;1;0;1;0;0;0;1;1;0;1;1;0;1;100;100;0;0;50;50;0;50;50;50;50;91,67;87,5;100;83,33;100;100;75;100;100;50;100;100;100;100;100;2;2;1;2;2;2;1;2;2;2;2;2
"10.1002/mrm.28885";"https://doi.org/10.17605/OSF.IO/NGHFS";"OSF";"NULL";"general-purpose repository";"Open Science Framework";41,67;71,43;33,33;50;20;100;50;0;100;33,33;100;0;0;25;0;50;0;1;1;1;0;2;0;1;0;2;0;0;1;0;1;0;0;13;22;59,09;10;45,45;NA;1;1;1;1;0;1;0;0;1;0;1;0;0;0;1;1;0;0;1;0;0;100;100;50;0;50;50;0;50;0;50;0;54,17;75;50;33,33;50;100;50;100;0;50;50;0;0;100;50;2;2;1;1;2;0;1;1;0;0;2;1
"10.1007/s00247-021-05109-5";"https://doi.org/10.5281/zenodo.4906565";"Zenodo";"CC BY";"general-purpose repository";"Zenodo";70,83;85,71;100;75;50;100;50;100;100;100;100;0;100;50;100;50;0;1;1;1;1;2;1;1;1;2;0;1;2;2;1;0;0;18;22;81,82;14;63,64;NA;1;1;1;1;1;0;0;1;1;1;1;0;0;0;1;1;0;1;1;0;1;100;100;50;0;100;100;0;50;50;50;50;91,67;87,5;100;83,33;100;100;75;100;100;50;100;100;100;100;100;2;2;1;2;2;2;1;2;2;2;2;2
"10.1007/s00381-021-05244-2";"https://doi.org/10.6084/m9.figshare.13653269";"figshare";"CC BY";"general-purpose repository";"figshare";66,67;100;66,67;75;40;100;100;100;100;66,67;100;0;100;25;100;50;0;1;1;2;1;2;0;1;1;2;0;1;1;2;1;0;0;14;22;63,64;14;63,64;NA;1;1;1;1;1;0;0;1;1;1;1;0;0;0;1;1;0;1;1;0;1;100;100;50;0;100;100;0;50;50;50;50;91,67;87,5;100;83,33;100;100;75;100;100;50;100;100;100;100;100;2;2;1;2;2;2;1;2;2;2;2;2
"10.1038/s42003-021-02664-3";"https://doi.org/10.5281/zenodo.5235706";"Zenodo";"CC BY";"general-purpose repository";"Zenodo";79,17;100;100;75;60;100;100;100;100;100;100;0;100;50;100;50;50;1;1;2;1;2;1;1;1;2;0;1;2;2;1;0;1;19;22;86,36;15;68,18;NA;1;1;1;1;1;1;0;1;1;1;1;0;0;0;1;1;0;1;1;0;1;100;100;100;0;100;100;0;50;50;50;50;91,67;87,5;100;83,33;100;100;75;100;100;50;100;100;100;100;100;2;2;1;2;2;2;1;2;2;2;2;2
"10.1038/s41598-021-95645-9";"https://osf.io/qakbv/";"OSF";"NULL";"general-purpose repository";"Open Science Framework";29,17;42,86;33,33;25;20;50;50;0;50;33,33;50;0;0;25;0;50;0;1;0;1;0;1;0;1;0;1;0;0;1;0;1;0;0;NA;NA;NA;7;31,82;TRUE;0;1;1;1;0;0;0;0;1;0;0;0;0;0;1;1;0;0;1;0;0;50;100;0;0;50;0;0;50;0;50;0;54,17;75;50;33,33;50;100;50;100;0;50;50;0;0;100;50;2;2;1;1;2;0;1;1;0;0;2;1
"10.1038/s41598-021-92054-w";"https://dx.doi.org/10.17617/3.64";"Edmond";"CC BY";"general-purpose repository";"Edmond";60,42;92,86;33,33;75;40;100;100;50;100;33,33;100;0;100;25;100;50;0;1;1;2;0,5;2;0;1;0;2;0;1;1;2;1;0;0;12;22;54,55;10;45,45;NA;1;1;1;1;0;0;0;0;1;0;1;0;0;0;1;1;0;1;1;0;0;100;100;0;0;50;50;0;50;50;50;0;79,17;75;100;66,67;83,33;100;50;100;100;50;50;100;100;100;50;2;2;1;1;2;2;1;1;2;2;2;1
"10.1038/s41598-021-85027-6";"https://osf.io/3jq76?view_only=917a4a545f144ddd948c4ae6a3bcb2e5";"OSF";"CC BY";"general-purpose repository";"Open Science Framework";4,17;14,29;0;0;0;50;0;0;0;0;0;0;0;0;0;0;0;1;0;0;0;0;0;0;0;0;0;0;0;0;0;0;0;3;22;13,64;2;9,09;NA;0;1;0;0;0;0;0;0;1;0;0;0;0;0;0;0;0;0;0;0;0;50;0;0;0;50;0;0;0;0;0;0;37,5;50;50;33,33;16,67;50;50;100;0;50;50;0;0;0;50;2;0;1;1;2;0;1;1;0;0;0;1
"10.1038/s41598-021-02162-w";"https://osf.io/kyr8v/";"OSF";"CC BY";"general-purpose repository";"Open Science Framework";37,5;42,86;33,33;25;40;50;50;0;50;33,33;50;0;0;25;100;50;0;1;0;1;0;1;0;1;0;1;0;0;1;2;1;0;0;11;22;50;7;31,82;NA;0;1;1;1;0;0;0;0;1;0;0;0;0;0;1;1;0;0;1;0;0;50;100;0;0;50;0;0;50;0;50;0;70,83;75;100;33,33;83,33;100;50;100;100;50;50;0;100;100;50;2;2;1;1;2;2;1;1;0;2;2;1
"10.1038/s41598-020-80408-9";"https://doi.org/10.5281/zenodo.3876271";"Zenodo";"CC BY";"general-purpose repository";"Zenodo";79,17;100;100;75;60;100;100;100;100;100;100;0;100;50;100;50;50;1;1;2;1;2;1;1;1;2;0;1;2;2;1;0;1;14;22;63,64;14;63,64;NA;1;1;1;1;1;0;0;1;1;1;1;0;0;0;1;1;0;1;1;0;1;100;100;50;0;100;100;0;50;50;50;50;91,67;87,5;100;83,33;100;100;75;100;100;50;100;100;100;100;100;2;2;1;2;2;2;1;2;2;2;2;2
"10.1038/s41597-021-00913-y";"https://doi.org/10.6084/m9.figshare.13298012.v1";"figshare";"CC0";"general-purpose repository";"figshare";70,83;100;66,67;75;50;100;100;100;100;66,67;100;0;100;25;100;50;50;1;1;2;1;2;0;1;1;2;0;1;1;2;1;0;1;16;22;72,73;15;68,18;NA;1;1;1;1;1;1;0;1;1;1;1;0;0;0;1;1;0;1;1;0;1;100;100;100;0;100;100;0;50;50;50;50;91,67;87,5;100;83,33;100;100;75;100;100;50;100;100;100;100;100;2;2;1;2;2;2;1;2;2;2;2;2
"10.1038/s41593-021-00839-z";"https://doi.org/10.6084/m9.figshare.14035935";"figshare";"CC BY";"general-purpose repository";"figshare";75;100;66,67;100;50;100;100;100;100;66,67;100;100;100;25;100;50;50;1;1;2;1;2;0;1;1;2;1;1;1;2;1;0;1;14;22;63,64;14;63,64;NA;1;1;1;1;1;0;0;1;1;1;1;0;0;0;1;1;0;1;1;0;1;100;100;50;0;100;100;0;50;50;50;50;91,67;87,5;100;83,33;100;100;75;100;100;50;100;100;100;100;100;2;2;1;2;2;2;1;2;2;2;2;2
"10.1038/s41590-021-01059-0";"https://doi.org/10.6084/m9.figshare.14780127.v1";"figshare";"CC BY";"general-purpose repository";"figshare";66,67;100;66,67;75;40;100;100;100;100;66,67;100;0;100;25;100;50;0;1;1;2;1;2;0;1;1;2;0;1;1;2;1;0;0;NA;NA;NA;15;68,18;TRUE;1;1;1;1;1;1;0;1;1;1;1;0;0;0;1;1;0;1;1;0;1;100;100;100;0;100;100;0;50;50;50;50;91,67;87,5;100;83,33;100;100;75;100;100;50;100;100;100;100;100;2;2;1;2;2;2;1;2;2;2;2;2
"10.1038/s41587-021-01037-9";"https://doi.org/10.6084/m9.figshare.14938755";"figshare";"CC BY";"general-purpose repository";"figshare";66,67;100;66,67;75;40;100;100;100;100;66,67;100;0;100;25;100;50;0;1;1;2;1;2;0;1;1;2;0;1;1;2;1;0;0;14;22;63,64;14;63,64;NA;1;1;1;1;1;0;0;1;1;1;1;0;0;0;1;1;0;1;1;0;1;100;100;50;0;100;100;0;50;50;50;50;91,67;87,5;100;83,33;100;100;75;100;100;50;100;100;100;100;100;2;2;1;2;2;2;1;2;2;2;2;2
"10.1038/s41586-021-04177-9";"https://doi.org/10.5281/zenodo.4728981";"Zenodo";"CC BY";"general-purpose repository";"Zenodo";58,33;71,43;66,67;75;40;100;50;0;100;66,67;100;0;100;25;100;50;0;1;1;1;0;2;1;1;0;2;0;1;1;2;1;0;0;14;22;63,64;11;50;NA;1;1;1;1;0;0;0;0;1;0;1;0;0;0;1;1;0;1;1;0;1;100;100;0;0;50;50;0;50;50;50;50;79,17;75;100;66,67;83,33;100;50;100;100;50;50;100;100;100;50;2;2;1;1;2;2;1;1;2;2;2;1
"10.1038/s41586-021-04081-2";"https://github.com/pombo-lab/WinickNg_Kukalev_Harabula_Nature_2021/tree/main/microscopy_images/";"GitHub";"NULL";"general-purpose repository";"GitHub";4,17;14,29;0;0;0;50;0;0;0;0;0;0;0;0;0;0;0;1;0;0;0;0;0;0;0;0;0;0;0;0;0;0;0;5;22;22,73;6;27,27;NA;0;1;1;1;0;0;0;0;1;0;0;0;0;0;1;1;0;0;0;0;0;50;100;0;0;50;0;0;50;0;0;0;37,5;50;50;33,33;16,67;50;50;100;0;50;50;0;0;0;50;2;0;1;1;2;0;1;1;0;0;0;1
"10.1038/s41586-021-03995-1";"https://doi.org/10.6084/m9.figshare.12436517";"figshare";"CC BY";"general-purpose repository";"figshare";66,67;100;66,67;75;40;100;100;100;100;66,67;100;0;100;25;100;50;0;1;1;2;1;2;0;1;1;2;0;1;1;2;1;0;0;14;22;63,64;14;63,64;NA;1;1;1;1;1;0;0;1;1;1;1;0;0;0;1;1;0;1;1;0;1;100;100;50;0;100;100;0;50;50;50;50;91,67;87,5;100;83,33;100;100;75;100;100;50;100;100;100;100;100;2;2;1;2;2;2;1;2;2;2;2;2
"10.1038/s41526-020-00129-1";"https://doi.org/10.6084/m9.figshare.12129534";"figshare";"CC BY";"general-purpose repository";"figshare";70,83;100;66,67;75;50;100;100;100;100;66,67;100;0;100;25;100;50;50;1;1;2;1;2;0;1;1;2;0;1;1;2;1;0;1;14;22;63,64;14;63,64;NA;1;1;1;1;1;0;0;1;1;1;1;0;0;0;1;1;0;1;1;0;1;100;100;50;0;100;100;0;50;50;50;50;91,67;87,5;100;83,33;100;100;75;100;100;50;100;100;100;100;100;2;2;1;2;2;2;1;2;2;2;2;2
"10.1038/s41467-021-24805-2";"https://doi.org/10.6084/m9.figshare.14785434";"figshare";"CC BY";"general-purpose repository";"figshare";66,67;100;66,67;75;40;100;100;100;100;66,67;100;0;100;25;100;50;0;1;1;2;1;2;0;1;1;2;0;1;1;2;1;0;0;14;22;63,64;14;63,64;NA;1;1;1;1;1;0;0;1;1;1;1;0;0;0;1;1;0;1;1;0;1;100;100;50;0;100;100;0;50;50;50;50;91,67;87,5;100;83,33;100;100;75;100;100;50;100;100;100;100;100;2;2;1;2;2;2;1;2;2;2;2;2
"10.1038/s41467-021-23807-4";"https://doi.org/10.5281/zenodo.3478502";"Zenodo";"CC BY";"general-purpose repository";"Zenodo";75;85,71;100;75;60;100;50;100;100;100;100;0;100;50;100;50;50;1;1;1;1;2;1;1;1;2;0;1;2;2;1;0;1;17;22;77,27;15;68,18;NA;1;1;1;1;1;1;0;1;1;1;1;0;0;0;1;1;0;1;1;0;1;100;100;100;0;100;100;0;50;50;50;50;91,67;87,5;100;83,33;100;100;75;100;100;50;100;100;100;100;100;2;2;1;2;2;2;1;2;2;2;2;2
"10.1038/s41467-021-22446-z";"https://osf.io/qesv4/";"OSF";"CC0";"general-purpose repository";"Open Science Framework";54,17;71,43;33,33;75;40;100;50;0;100;33,33;100;0;100;25;100;50;0;1;1;1;0;2;0;1;0;2;0;1;1;2;1;0;0;11;22;50;7;31,82;NA;0;1;1;1;0;0;0;0;1;0;0;0;0;0;1;1;0;0;1;0;0;50;100;0;0;50;0;0;50;0;50;0;70,83;75;100;33,33;83,33;100;50;100;100;50;50;0;100;100;50;2;2;1;1;2;2;1;1;0;2;2;1
"10.1038/s41467-021-21994-8";"https://doi.org/10.5281/zenodo.3744152";"Zenodo";"CC BY";"general-purpose repository";"Zenodo";79,17;100;100;75;60;100;100;100;100;100;100;0;100;50;100;50;50;1;1;2;1;2;1;1;1;2;0;1;2;2;1;0;1;NA;NA;NA;15;68,18;TRUE;1;1;1;1;1;1;0;1;1;1;1;0;0;0;1;1;0;1;1;0;1;100;100;100;0;100;100;0;50;50;50;50;91,67;87,5;100;83,33;100;100;75;100;100;50;100;100;100;100;100;2;2;1;2;2;2;1;2;2;2;2;2
"10.1038/s41467-020-20850-5";"https://doi.org/10.5281/zenodo.3992607";"Zenodo";"CC BY";"general-purpose repository";"Zenodo";79,17;100;100;75;60;100;100;100;100;100;100;0;100;50;100;50;50;1;1;2;1;2;1;1;1;2;0;1;2;2;1;0;1;NA;NA;NA;15;68,18;TRUE;1;1;1;1;1;1;0;1;1;1;1;0;0;0;1;1;0;1;1;0;1;100;100;100;0;100;100;0;50;50;50;50;79,17;75;100;66,67;83,33;100;50;100;100;50;50;100;100;100;50;2;2;1;1;2;2;1;1;2;2;2;1
"10.1007/s10071-021-01482-8";"https://doi.org/10.5281/zenodo.4223729";"Zenodo";"other (open)";"general-purpose repository";"Zenodo";54,17;71,43;66,67;75;30;100;50;0;100;66,67;100;0;100;25;50;50;0;1;1;1;0;2;1;1;0;2;0;1;1;1;1;0;0;13;22;59,09;11;50;NA;1;1;1;1;0;0;0;0;1;0;1;0;0;0;1;1;0;1;1;0;1;100;100;0;0;50;50;0;50;50;50;50;54,17;75;50;33,33;50;100;50;100;0;50;50;0;0;100;50;2;2;1;1;2;0;1;1;0;0;2;1
"10.1007/s11517-021-02393-z";"https://doi.org/10.25375/uct.9782798";"ZivaHub";"CC BY";"general-purpose repository";"ZivaHub";70,83;100;66,67;75;50;100;100;100;100;66,67;100;0;100;25;100;50;50;1;1;2;1;2;0;1;1;2;0;1;1;2;1;0;1;13;22;59,09;14;63,64;NA;1;1;1;1;1;0;0;1;1;1;1;0;0;0;1;1;0;1;1;0;1;100;100;50;0;100;100;0;50;50;50;50;91,67;87,5;100;83,33;100;100;75;100;100;50;100;100;100;100;100;2;2;1;2;2;2;1;2;2;2;2;2
"10.1016/j.dib.2021.107011";"http://dx.doi.org/10.17632/fzcmhhjs76.3";"Mendeley Data";"CC BY";"general-purpose repository";"Mendeley Data";62,5;85,71;66,67;75;40;100;100;0;100;66,67;100;0;100;25;100;50;0;1;1;2;0;2;1;1;0;2;0;1;1;2;1;0;0;11;22;50;11;50;NA;1;1;1;1;0;0;0;0;1;0;1;0;0;0;1;1;0;1;1;0;1;100;100;0;0;50;50;0;50;50;50;50;83,33;62,5;100;83,33;100;50;75;100;100;50;100;100;100;100;100;2;0;1;2;2;2;1;2;2;2;2;2
"10.1016/j.isci.2021.102151";"https://zenodo.org/record/4031204#.YCpK_S1h1Bw";"Zenodo";"CC BY";"general-purpose repository";"Zenodo";79,17;100;100;75;60;100;100;100;100;100;100;0;100;50;100;50;50;1;1;2;1;2;1;1;1;2;0;1;2;2;1;0;1;12;22;54,55;12;54,55;NA;0;1;1;1;1;0;0;1;1;1;0;0;0;0;1;1;0;1;1;0;1;50;100;50;0;100;50;0;50;50;50;50;91,67;87,5;100;83,33;100;100;75;100;100;50;100;100;100;100;100;2;2;1;2;2;2;1;2;2;2;2;2
"10.1016/j.isci.2021.102234";"https://doi.org/10.17605/OSF.IO/Y2CFM";"OSF";"NULL";"general-purpose repository";"Open Science Framework";41,67;71,43;33,33;50;20;100;50;0;100;33,33;100;0;0;25;0;50;0;1;1;1;0;2;0;1;0;2;0;0;1;0;1;0;0;12;22;54,55;10;45,45;NA;1;1;1;1;0;1;0;0;1;0;1;0;0;0;1;1;0;0;1;0;0;100;100;50;0;50;50;0;50;0;50;0;54,17;75;50;33,33;50;100;50;100;0;50;50;0;0;100;50;2;2;1;1;2;0;1;1;0;0;2;1
"10.1016/j.jclinepi.2021.12.012";"https://doi.org/10.5281/zenodo.5141343";"Zenodo";"CC BY";"general-purpose repository";"Zenodo";79,17;100;100;75;60;100;100;100;100;100;100;0;100;50;100;50;50;1;1;2;1;2;1;1;1;2;0;1;2;2;1;0;1;19;22;86,36;14;63,64;NA;1;1;1;1;1;0;0;1;1;1;1;0;0;0;1;1;0;1;1;0;1;100;100;50;0;100;100;0;50;50;50;50;91,67;87,5;100;83,33;100;100;75;100;100;50;100;100;100;100;100;2;2;1;2;2;2;1;2;2;2;2;2
"10.1016/j.neuroimage.2020.117571";"http://dx.doi.org/10.17632/fzcmhhjs76.2";"Mendeley Data";"CC BY";"general-purpose repository";"Mendeley Data";62,5;85,71;66,67;75;40;100;100;0;100;66,67;100;0;100;25;100;50;0;1;1;2;0;2;1;1;0;2;0;1;1;2;1;0;0;11;22;50;11;50;NA;1;1;1;1;0;0;0;0;1;0;1;0;0;0;1;1;0;1;1;0;1;100;100;0;0;50;50;0;50;50;50;50;83,33;62,5;100;83,33;100;50;75;100;100;50;100;100;100;100;100;2;0;1;2;2;2;1;2;2;2;2;2
"10.1016/j.neuroimage.2021.118462";"https://osf.io/vraun/";"OSF";"CC BY";"general-purpose repository";"Open Science Framework";52,08;71,43;50;50;40;100;50;0;100;50;100;0;0;25;100;50;0;1;1;1;0;2;0,5;1;0;2;0;0;1;2;1;0;0;11;22;50;7;31,82;NA;0;1;1;1;0;0;0;0;1;0;0;0;0;0;1;1;0;0;1;0;0;50;100;0;0;50;0;0;50;0;50;0;70,83;75;100;33,33;83,33;100;50;100;100;50;50;0;100;100;50;2;2;1;1;2;2;1;1;0;2;2;1
"10.1017/S2045796021000147";"https://osf.io/3xcdu/?view_only=957edc6293894497ba7aaf5bb8fc8205";"OSF";"NULL";"general-purpose repository";"Open Science Framework";29,17;57,14;33,33;0;20;50;100;0;50;33,33;0;0;0;25;0;50;0;1;0;2;0;1;0;1;0;0;0;0;1;0;1;0;0;9;22;40,91;6;27,27;NA;0;1;1;1;0;0;0;0;1;0;0;0;0;0;1;1;0;0;0;0;0;50;100;0;0;50;0;0;50;0;0;0;37,5;50;50;33,33;16,67;50;50;100;0;50;50;0;0;0;50;2;0;1;1;2;0;1;1;0;0;0;1
"10.1038/s41398-020-01150-4";"https://osf.io/5xq9p/";"OSF";"NULL";"general-purpose repository";"Open Science Framework";29,17;42,86;33,33;25;20;50;50;0;50;33,33;50;0;0;25;0;50;0;1;0;1;0;1;0;1;0;1;0;0;1;0;1;0;0;10;22;45,45;7;31,82;NA;0;1;1;1;0;0;0;0;1;0;0;0;0;0;1;1;0;0;1;0;0;50;100;0;0;50;0;0;50;0;50;0;54,17;75;50;33,33;50;100;50;100;0;50;50;0;0;100;50;2;2;1;1;2;0;1;1;0;0;2;1
"10.1093/bib/bbab219";"https://github.com/dieterich-lab/ComparisonOfMetabolicLabeling/tree/master/pulseRTc/results/slam/data";"GitHub";"NULL";"general-purpose repository";"GitHub";4,17;14,29;0;0;0;50;0;0;0;0;0;0;0;0;0;0;0;1;0;0;0;0;0;0;0;0;0;0;0;0;0;0;0;5;22;22,73;6;27,27;NA;0;1;1;1;0;0;0;0;1;0;0;0;0;0;1;1;0;0;0;0;0;50;100;0;0;50;0;0;50;0;0;0;37,5;50;50;33,33;16,67;50;50;100;0;50;50;0;0;0;50;2;0;1;1;2;0;1;1;0;0;0;1
"10.1038/s42003-021-02635-8";"http://doi.org/10.17605/OSF.IO/GUPBF";"OSF";"NULL";"general-purpose repository";"Open Science Framework";41,67;71,43;33,33;50;20;100;50;0;100;33,33;100;0;0;25;0;50;0;1;1;1;0;2;0;1;0;2;0;0;1;0;1;0;0;13;22;59,09;9;40,91;NA;1;1;1;1;0;0;0;0;1;0;1;0;0;0;1;1;0;0;1;0;0;100;100;0;0;50;50;0;50;0;50;0;54,17;75;50;33,33;50;100;50;100;0;50;50;0;0;100;50;2;2;1;1;2;0;1;1;0;0;2;1
"10.1038/s41586-021-03986-2";"https://doi.org/10.5281/zenodo.3527540";"Zenodo";"CC BY";"general-purpose repository";"Zenodo";75;85,71;100;75;60;100;50;100;100;100;100;0;100;50;100;50;50;1;1;1;1;2;1;1;1;2;0;1;2;2;1;0;1;NA;NA;NA;14;63,64;TRUE;1;1;1;1;1;0;0;1;1;1;1;0;0;0;1;1;0;1;1;0;1;100;100;50;0;100;100;0;50;50;50;50;91,67;87,5;100;83,33;100;100;75;100;100;50;100;100;100;100;100;2;2;1;2;2;2;1;2;2;2;2;2
"10.1016/j.dib.2021.107604";"http://doi.org/10.17632/mtd59df24s.2";"Mendeley Data";"CC BY";"general-purpose repository";"Mendeley Data";62,5;85,71;66,67;75;40;100;100;0;100;66,67;100;0;100;25;100;50;0;1;1;2;0;2;1;1;0;2;0;1;1;2;1;0;0;13;22;59,09;11;50;NA;1;1;1;1;0;0;0;0;1;0;1;0;0;0;1;1;0;1;1;0;1;100;100;0;0;50;50;0;50;50;50;50;83,33;62,5;100;83,33;100;50;75;100;100;50;100;100;100;100;100;2;0;1;2;2;2;1;2;2;2;2;2
"10.1016/j.isci.2021.103030";"https://data.mendeley.com/datasets/mkz6jfywmd/1";"Mendeley Data";"CC BY";"general-purpose repository";"Mendeley Data";62,5;85,71;66,67;75;40;100;100;0;100;66,67;100;0;100;25;100;50;0;1;1;2;0;2;1;1;0;2;0;1;1;2;1;0;0;11;22;50;11;50;NA;0;1;1;1;1;0;0;1;1;1;0;0;0;0;1;1;0;1;1;0;0;50;100;50;0;100;50;0;50;50;50;0;83,33;62,5;100;83,33;100;50;75;100;100;50;100;100;100;100;100;2;0;1;2;2;2;1;2;2;2;2;2
"10.1038/s41467-021-21650-1";"https://doi.org/10.6084/m9.figshare.12382685.v1";"figshare";"CC BY";"general-purpose repository";"figshare";66,67;100;66,67;75;40;100;100;100;100;66,67;100;0;100;25;100;50;0;1;1;2;1;2;0;1;1;2;0;1;1;2;1;0;0;NA;NA;NA;15;68,18;TRUE;1;1;1;1;1;1;0;1;1;1;1;0;0;0;1;1;0;1;1;0;1;100;100;100;0;100;100;0;50;50;50;50;91,67;87,5;100;83,33;100;100;75;100;100;50;100;100;100;100;100;2;2;1;2;2;2;1;2;2;2;2;2
"10.1016/j.cortex.2021.03.026";"https://osf.io/q23ce/";"OSF";"NULL";"general-purpose repository";"Open Science Framework";29,17;42,86;33,33;25;20;50;50;0;50;33,33;50;0;0;25;0;50;0;1;0;1;0;1;0;1;0;1;0;0;1;0;1;0;0;10;22;45,45;7;31,82;NA;0;1;1;1;0;0;0;0;1;0;0;0;0;0;1;1;0;0;1;0;0;50;100;0;0;50;0;0;50;0;50;0;54,17;75;50;33,33;50;100;50;100;0;50;50;0;0;100;50;2;2;1;1;2;0;1;1;0;0;2;1
"10.1016/j.molcel.2021.02.006";"https://dx.doi.org/10.17632/g2ghpnf4zk.1";"Mendeley Data";"CC BY";"general-purpose repository";"Mendeley Data";62,5;85,71;66,67;75;40;100;100;0;100;66,67;100;0;100;25;100;50;0;1;1;2;0;2;1;1;0;2;0;1;1;2;1;0;0;11;22;50;11;50;NA;1;1;1;1;0;0;0;0;1;0;1;0;0;0;1;1;0;1;1;0;1;100;100;0;0;50;50;0;50;50;50;50;83,33;62,5;100;83,33;100;50;75;100;100;50;100;100;100;100;100;2;0;1;2;2;2;1;2;2;2;2;2
"10.1080/13561820.2021.1903405";"http://doi.org/10.17605/OSF.IO/6K7VN";"OSF";"CC BY";"general-purpose repository";"Open Science Framework";52,08;71,43;50;50;40;100;50;0;100;50;100;0;0;25;100;50;0;1;1;1;0;2;0,5;1;0;2;0;0;1;2;1;0;0;14;22;63,64;9;40,91;NA;1;1;1;1;0;0;0;0;1;0;1;0;0;0;1;1;0;0;1;0;0;100;100;0;0;50;50;0;50;0;50;0;79,17;75;100;66,67;83,33;100;50;100;100;50;50;100;100;100;50;2;2;1;1;2;2;1;1;2;2;2;1
"10.1126/sciadv.abg4693";"https://doi.org/10.5281/zenodo.4670433";"Zenodo";"NULL";"general-purpose repository";"Zenodo";54,17;71,43;66,67;75;30;100;50;0;100;66,67;100;0;100;25;50;50;0;1;1;1;0;2;1;1;0;2;0;1;1;1;1;0;0;13;22;59,09;11;50;NA;1;1;1;1;0;0;0;0;1;0;1;0;0;0;1;1;0;1;1;0;1;100;100;0;0;50;50;0;50;50;50;50;54,17;75;50;33,33;50;100;50;100;0;50;50;0;0;100;50;2;2;1;1;2;0;1;1;0;0;2;1
"10.1126/science.abi5273";"https://doi.org/10.5281/zenodo.4945655";"Zenodo";"NULL";"general-purpose repository";"Zenodo";54,17;71,43;66,67;75;30;100;50;0;100;66,67;100;0;100;25;50;50;0;1;1;1;0;2;1;1;0;2;0;1;1;1;1;0;0;13;22;59,09;11;50;NA;1;1;1;1;0;0;0;0;1;0;1;0;0;0;1;1;0;1;1;0;1;100;100;0;0;50;50;0;50;50;50;50;54,17;75;50;33,33;50;100;50;100;0;50;50;0;0;100;50;2;2;1;1;2;0;1;1;0;0;2;1
"10.1016/j.cortex.2020.06.006";"https://doi.org/10.5281/zenodo.3479558";"Zenodo";"CC BY";"general-purpose repository";"Zenodo";70,83;85,71;100;75;50;100;50;100;100;100;100;0;100;50;100;50;0;1;1;1;1;2;1;1;1;2;0;1;2;2;1;0;0;NA;NA;NA;14;63,64;TRUE;1;1;1;1;1;0;0;1;1;1;1;0;0;0;1;1;0;1;1;0;1;100;100;50;0;100;100;0;50;50;50;50;91,67;87,5;100;83,33;100;100;75;100;100;50;100;100;100;100;100;2;2;1;2;2;2;1;2;2;2;2;2
"10.1016/j.jclinepi.2020.09.022";"http://doi.org/10.17605/OSF.IO/PTJBN";"OSF";"CC BY";"general-purpose repository";"Open Science Framework";52,08;71,43;50;50;40;100;50;0;100;50;100;0;0;25;100;50;0;1;1;1;0;2;0,5;1;0;2;0;0;1;2;1;0;0;13;22;59,09;9;40,91;NA;1;1;1;1;0;0;0;0;1;0;1;0;0;0;1;1;0;0;1;0;0;100;100;0;0;50;50;0;50;0;50;0;79,17;75;100;66,67;83,33;100;50;100;100;50;50;100;100;100;50;2;2;1;1;2;2;1;1;2;2;2;1
"10.1016/j.neuroimage.2020.117384";"https://github.com/grundm/graphCA/blob/master/analysis/behavior/nt_trials.txt";"GitHub";"NULL";"general-purpose repository";"GitHub";4,17;14,29;0;0;0;50;0;0;0;0;0;0;0;0;0;0;0;1;0;0;0;0;0;0;0;0;0;0;0;0;0;0;0;5;22;22,73;6;27,27;NA;0;1;1;1;0;0;0;0;1;0;0;0;0;0;1;1;0;0;0;0;0;50;100;0;0;50;0;0;50;0;0;0;37,5;50;50;33,33;16,67;50;50;100;0;50;50;0;0;0;50;2;0;1;1;2;0;1;1;0;0;0;1
"10.1021/acs.jmedchem.1c01264";"https://doi.org/10.23729/4d448eb0-c6ef-4b7d-a557-3758f5f68d47";"Fairdata.fi";"CC BY";"general-purpose repository";"Fairdata.fi";50;85,71;33,33;25;40;100;100;0;100;33,33;50;0;0;25;100;50;0;1;1;2;0;2;0;1;0;1;0;0;1;2;1;0;0;5;22;22,73;11;50;NA;1;1;1;1;0;0;0;0;1;0;1;0;0;0;1;1;0;1;1;0;1;100;100;0;0;50;50;0;50;50;50;50;16,67;25;50;0;0;50;0;100;0;0;0;0;0;0;0;2;0;0;0;2;0;0;0;0;0;0;0
"10.1038/s41467-021-26706-w";"https://doi.org/10.17605/OSF.IO/RUJWA";"OSF";"NULL";"general-purpose repository";"Open Science Framework";41,67;71,43;33,33;50;20;100;50;0;100;33,33;100;0;0;25;0;50;0;1;1;1;0;2;0;1;0;2;0;0;1;0;1;0;0;13;22;59,09;10;45,45;NA;1;1;1;1;0;1;0;0;1;0;1;0;0;0;1;1;0;0;1;0;0;100;100;50;0;50;50;0;50;0;50;0;54,17;75;50;33,33;50;100;50;100;0;50;50;0;0;100;50;2;2;1;1;2;0;1;1;0;0;2;1
"10.1038/s43018-021-00201-z";"https://doi.org/10.6084/m9.figshare.14166983";"figshare";"CC BY";"general-purpose repository";"figshare";45,83;85,71;33,33;25;30;100;100;0;100;33,33;50;0;0;0;100;50;0;1;1;2;0;2;0;1;0;1;0;0;0;2;1;0;0;11;22;50;11;50;NA;1;1;1;1;0;0;0;0;1;0;1;0;0;0;1;1;0;1;1;0;1;100;100;0;0;50;50;0;50;50;50;50;50;62,5;50;50;33,33;50;75;100;0;50;100;0;0;0;100;2;0;1;2;2;0;1;2;0;0;0;2
"10.1080/19942060.2021.1995048";"https://doi.org/10.6084/m9.figshare.14393600";"figshare";"CC BY";"general-purpose repository";"figshare";70,83;100;66,67;75;50;100;100;100;100;66,67;100;0;100;25;100;50;50;1;1;2;1;2;0;1;1;2;0;1;1;2;1;0;1;14;22;63,64;14;63,64;NA;1;1;1;1;1;0;0;1;1;1;1;0;0;0;1;1;0;1;1;0;1;100;100;50;0;100;100;0;50;50;50;50;91,67;87,5;100;83,33;100;100;75;100;100;50;100;100;100;100;100;2;2;1;2;2;2;1;2;2;2;2;2
"10.1177/25152459211040837";"https://osf.io/w8h2q/";"OSF";"NULL";"general-purpose repository";"Open Science Framework";54,17;85,71;33,33;50;40;100;100;0;100;33,33;100;0;0;25;100;50;0;1;1;2;0;2;0;1;0;2;0;0;1;2;1;0;0;NA;NA;NA;7;31,82;TRUE;0;1;1;1;0;0;0;0;1;0;0;0;0;0;1;1;0;0;1;0;0;50;100;0;0;50;0;0;50;0;50;0;70,83;75;100;33,33;83,33;100;50;100;100;50;50;0;100;100;50;2;2;1;1;2;2;1;1;0;2;2;1
"10.1371/journal.pcbi.1009050";"https://github.com/wan-yang/flu-subtropic-climate-models/tree/main/data_climate";"GitHub";"NULL";"general-purpose repository";"GitHub";4,17;14,29;0;0;0;50;0;0;0;0;0;0;0;0;0;0;0;1;0;0;0;0;0;0;0;0;0;0;0;0;0;0;0;5;22;22,73;6;27,27;NA;0;1;1;1;0;0;0;0;1;0;0;0;0;0;1;1;0;0;0;0;0;50;100;0;0;50;0;0;50;0;0;0;37,5;50;50;33,33;16,67;50;50;100;0;50;50;0;0;0;50;2;0;1;1;2;0;1;1;0;0;0;1
"10.1371/journal.pone.0250004";"https://figshare.com/articles/dataset/S1_File_-/14441052";"figshare";"CC BY";"general-purpose repository";"figshare";58,33;71,43;66,67;50;50;50;100;100;50;66,67;50;0;100;25;100;50;50;1;0;2;1;1;0;1;1;1;0;1;1;2;1;0;1;12;22;54,55;12;54,55;NA;0;1;1;1;1;0;0;1;1;1;0;0;0;0;1;1;0;1;1;0;1;50;100;50;0;100;50;0;50;50;50;50;83,33;87,5;100;50;100;100;75;100;100;50;100;0;100;100;100;2;2;1;2;2;2;1;2;0;2;2;2
"10.3389/fpsyt.2021.665957";"https://github.com/lveaor/Umbrella-review-2021/blob/main/Table_for_script.xlsx";"GitHub";"NULL";"general-purpose repository";"GitHub";4,17;14,29;0;0;0;50;0;0;0;0;0;0;0;0;0;0;0;1;0;0;0;0;0;0;0;0;0;0;0;0;0;0;0;5;22;22,73;6;27,27;NA;0;1;1;1;0;0;0;0;1;0;0;0;0;0;1;1;0;0;0;0;0;50;100;0;0;50;0;0;50;0;0;0;37,5;50;50;33,33;16,67;50;50;100;0;50;50;0;0;0;50;2;0;1;1;2;0;1;1;0;0;0;1
"10.3389/fpsyt.2021.770282";"https://github.com/agschlagenhauf/qMRI/tree/main/data";"GitHub";"NULL";"general-purpose repository";"GitHub";4,17;14,29;0;0;0;50;0;0;0;0;0;0;0;0;0;0;0;1;0;0;0;0;0;0;0;0;0;0;0;0;0;0;0;5;22;22,73;6;27,27;NA;0;1;1;1;0;0;0;0;1;0;0;0;0;0;1;1;0;0;0;0;0;50;100;0;0;50;0;0;50;0;0;0;37,5;50;50;33,33;16,67;50;50;100;0;50;50;0;0;0;50;2;0;1;1;2;0;1;1;0;0;0;1
"10.1093/gigascience/giab068";"https://github.com/arx-deidentifier/genetic-benchmark/tree/master/data";"GitHub";"NULL";"general-purpose repository";"GitHub";4,17;14,29;0;0;0;50;0;0;0;0;0;0;0;0;0;0;0;1;0;0;0;0;0;0;0;0;0;0;0;0;0;0;0;5;22;22,73;6;27,27;NA;0;1;1;1;0;0;0;0;1;0;0;0;0;0;1;1;0;0;0;0;0;50;100;0;0;50;0;0;50;0;0;0;37,5;50;50;33,33;16,67;50;50;100;0;50;50;0;0;0;50;2;0;1;1;2;0;1;1;0;0;0;1
"10.1159/000520082";"https://doi.org/10.6084/m9.figshare.14573082";"figshare";"CC BY";"general-purpose repository";"figshare";70,83;100;66,67;75;50;100;100;100;100;66,67;100;0;100;25;100;50;50;1;1;2;1;2;0;1;1;2;0;1;1;2;1;0;1;14;22;63,64;14;63,64;NA;1;1;1;1;1;0;0;1;1;1;1;0;0;0;1;1;0;1;1;0;1;100;100;50;0;100;100;0;50;50;50;50;91,67;87,5;100;83,33;100;100;75;100;100;50;100;100;100;100;100;2;2;1;2;2;2;1;2;2;2;2;2
"10.1186/s12891-021-04425-z";"https://doi.org/10.17632/f9vm3c4d7v.1";"Mendeley Data";"CC BY";"general-purpose repository";"Mendeley Data";62,5;85,71;66,67;75;40;100;100;0;100;66,67;100;0;100;25;100;50;0;1;1;2;0;2;1;1;0;2;0;1;1;2;1;0;0;13;22;59,09;11;50;NA;1;1;1;1;0;0;0;0;1;0;1;0;0;0;1;1;0;1;1;0;1;100;100;0;0;50;50;0;50;50;50;50;83,33;62,5;100;83,33;100;50;75;100;100;50;100;100;100;100;100;2;0;1;2;2;2;1;2;2;2;2;2
"10.1186/s13023-021-01986-z";"https://doi.org/10.6084/m9.figshare.15179134.v1";"figshare";"CC BY;CC0";"general-purpose repository";"figshare";50;85,71;33,33;50;30;100;100;0;100;33,33;50;0;100;0;100;50;0;1;1;2;0;2;0;1;0;1;0;1;0;2;1;0;0;10;22;45,45;11;50;NA;1;1;1;1;0;0;0;0;1;0;1;0;0;0;1;1;0;1;1;0;1;100;100;0;0;50;50;0;50;50;50;50;50;62,5;50;50;33,33;50;75;100;0;50;100;0;0;0;100;2;0;1;2;2;0;1;2;0;0;0;2
"10.1098/rsos.210389";"https://dx.doi.org/10.17632/btchxktzyw";"Mendeley Data";"CC BY-NC";"general-purpose repository";"Mendeley Data";62,5;85,71;66,67;75;40;100;100;0;100;66,67;100;0;100;25;100;50;0;1;1;2;0;2;1;1;0;2;0;1;1;2;1;0;0;11;22;50;11;50;NA;1;1;1;1;0;0;0;0;1;0;1;0;0;0;1;1;0;1;1;0;1;100;100;0;0;50;50;0;50;50;50;50;83,33;62,5;100;83,33;100;50;75;100;100;50;100;100;100;100;100;2;0;1;2;2;2;1;2;2;2;2;2
"10.1111/mec.16099";"https://doi.org/10.6084/m9.figshare.13318754";"figshare";"CC BY";"general-purpose repository";"figshare";70,83;100;66,67;75;50;100;100;100;100;66,67;100;0;100;25;100;50;50;1;1;2;1;2;0;1;1;2;0;1;1;2;1;0;1;14;22;63,64;13;59,09;NA;1;1;1;1;1;0;0;1;1;0;1;0;0;0;1;1;0;1;1;0;1;100;100;50;0;100;50;0;50;50;50;50;91,67;87,5;100;83,33;100;100;75;100;100;50;100;100;100;100;100;2;2;1;2;2;2;1;2;2;2;2;2
"10.1136/bmj.n450";"https://doi.org/10.17605/OSF.IO/CDBHN";"OSF";"NULL";"general-purpose repository";"Open Science Framework";56,25;85,71;50;50;40;100;100;0;100;50;100;0;0;25;100;50;0;1;1;2;0;2;0,5;1;0;2;0;0;1;2;1;0;0;14;22;63,64;10;45,45;NA;1;1;1;1;0;1;0;0;1;0;1;0;0;0;1;1;0;0;1;0;0;100;100;50;0;50;50;0;50;0;50;0;79,17;75;100;66,67;83,33;100;50;100;100;50;50;100;100;100;50;2;2;1;1;2;2;1;1;2;2;2;1
"10.3389/fpsyg.2021.734877";"https://osf.io/3u62p/";"OSF";"NULL";"general-purpose repository";"Open Science Framework";29,17;42,86;33,33;25;20;50;50;0;50;33,33;50;0;0;25;0;50;0;1;0;1;0;1;0;1;0;1;0;0;1;0;1;0;0;10;22;45,45;7;31,82;NA;0;1;1;1;0;0;0;0;1;0;0;0;0;0;1;1;0;0;1;0;0;50;100;0;0;50;0;0;50;0;50;0;54,17;75;50;33,33;50;100;50;100;0;50;50;0;0;100;50;2;2;1;1;2;0;1;1;0;0;2;1
"10.3389/fonc.2020.578380";"https://doi.org/10.5281/zenodo.3922212";"Zenodo";"CC BY";"general-purpose repository";"Zenodo";70,83;100;66,67;75;50;100;100;100;100;66,67;100;0;100;50;100;50;0;1;1;2;1;2;1;1;0;2;0;1;2;2;1;0;0;15;22;68,18;12;54,55;NA;1;1;1;1;0;1;0;0;1;0;1;0;0;0;1;1;0;1;1;0;1;100;100;50;0;50;50;0;50;50;50;50;91,67;87,5;100;83,33;100;100;75;100;100;50;100;100;100;100;100;2;2;1;2;2;2;1;2;2;2;2;2
"10.3389/fnins.2021.742652";"https://doi.org/10.5281/zenodo.5746691";"Zenodo";"other (open)";"general-purpose repository";"Zenodo";54,17;71,43;66,67;75;30;100;50;0;100;66,67;100;0;100;25;50;50;0;1;1;1;0;2;1;1;0;2;0;1;1;1;1;0;0;13;22;59,09;11;50;NA;1;1;1;1;0;0;0;0;1;0;1;0;0;0;1;1;0;1;1;0;1;100;100;0;0;50;50;0;50;50;50;50;62,5;75;50;66,67;50;100;50;100;0;50;50;100;0;100;50;2;2;1;1;2;0;1;1;2;0;2;1
"10.3389/fcimb.2021.763121";"https://github.com/MarisaIsabell/CF-lung-microbiome-longitudinal-development/tree/master/data";"GitHub";"NULL";"general-purpose repository";"GitHub";4,17;14,29;0;0;0;50;0;0;0;0;0;0;0;0;0;0;0;1;0;0;0;0;0;0;0;0;0;0;0;0;0;0;0;5;22;22,73;6;27,27;NA;0;1;1;1;0;0;0;0;1;0;0;0;0;0;1;1;0;0;0;0;0;50;100;0;0;50;0;0;50;0;0;0;37,5;50;50;33,33;16,67;50;50;100;0;50;50;0;0;0;50;2;0;1;1;2;0;1;1;0;0;0;1
"10.1098/rsos.210389";"https://doi.org/10.6084/m9.figshare.16573481.v1";"figshare";"CC BY";"general-purpose repository";"figshare";50;85,71;33,33;50;30;100;100;0;100;33,33;50;0;100;0;100;50;0;1;1;2;0;2;0;1;0;1;0;1;0;2;1;0;0;11;22;50;11;50;NA;1;1;1;1;0;0;0;0;1;0;1;0;0;0;1;1;0;1;1;0;1;100;100;0;0;50;50;0;50;50;50;50;50;62,5;50;50;33,33;50;75;100;0;50;100;0;0;0;100;2;0;1;2;2;0;1;2;0;0;0;2
"10.1093/ve/veab051";"https://github.com/BernardoGG/SARS-CoV-2_Genomic_lineages_Ecuador/tree/master/Data";"GitHub";"NULL";"general-purpose repository";"GitHub";4,17;14,29;0;0;0;50;0;0;0;0;0;0;0;0;0;0;0;1;0;0;0;0;0;0;0;0;0;0;0;0;0;0;0;5;22;22,73;6;27,27;NA;0;1;1;1;0;0;0;0;1;0;0;0;0;0;1;1;0;0;0;0;0;50;100;0;0;50;0;0;50;0;0;0;37,5;50;50;33,33;16,67;50;50;100;0;50;50;0;0;0;50;2;0;1;1;2;0;1;1;0;0;0;1
"10.1523/ENEURO.0475-20.2021";"https://github.com/FunDyn/VirtualCohorts";"GitHub";"NULL";"general-purpose repository";"GitHub";18,75;35,71;33,33;0;10;50;25;0;50;33,33;0;0;0;0;0;50;0;1;0;0,5;0;1;0;1;0;0;0;0;0;0;1;0;0;10;22;45,45;6;27,27;NA;0;1;1;1;0;0;0;0;1;0;0;0;0;0;1;1;0;0;0;0;0;50;100;0;0;50;0;0;50;0;0;0;37,5;50;50;33,33;16,67;50;50;100;0;50;50;0;0;0;50;2;0;1;1;2;0;1;1;0;0;0;1
"10.1002/pon.5798";"https://doi.org/10.17605/OSF.IO/YJ5CA";"OSF";"CC BY";"general-purpose repository";"OSF";52,08;71,43;50;50;40;100;50;0;100;50;100;0;0;25;100;50;0;1;1;1;0;2;0,5;1;0;2;0;0;1;2;1;0;0;14;22;63,64;10;45,45;NA;1;1;1;1;0;1;0;0;1;0;1;0;0;0;1;1;0;0;1;0;0;100;100;50;0;50;50;0;50;0;50;0;79,17;75;100;66,67;83,33;100;50;100;100;50;50;100;100;100;50;2;2;1;1;2;2;1;1;2;2;2;1
"10.1186/s13073-021-00925-8";"https://github.com/saezlab/combiMS/tree/master/data/phosphos_raw_clean";"GitHub";"GNU GPLv3";"general-purpose repository";"GitHub";4,17;14,29;0;0;0;50;0;0;0;0;0;0;0;0;0;0;0;1;0;0;0;0;0;0;0;0;0;0;0;0;0;0;0;5;22;22,73;6;27,27;NA;0;1;1;1;0;0;0;0;1;0;0;0;0;0;1;1;0;0;0;0;0;50;100;0;0;50;0;0;50;0;0;0;37,5;50;50;33,33;16,67;50;50;100;0;50;50;0;0;0;50;2;0;1;1;2;0;1;1;0;0;0;1
"10.1016/j.molcel.2020.12.042";"https://dx.doi.org/10.17632/5fpk9g52rw.1";"Mendeley Data";"CC BY";"general-purpose repository";"Mendeley Data";62,5;85,71;66,67;75;40;100;100;0;100;66,67;100;0;100;25;100;50;0;1;1;2;0;2;1;1;0;2;0;1;1;2;1;0;0;11;22;50;11;50;NA;1;1;1;1;0;0;0;0;1;0;1;0;0;0;1;1;0;1;1;0;1;100;100;0;0;50;50;0;50;50;50;50;83,33;62,5;100;83,33;100;50;75;100;100;50;100;100;100;100;100;2;0;1;2;2;2;1;2;2;2;2;2
"10.1371/journal.pone.0252356";"https://figshare.com/articles/dataset/S1_Dataset_-/14749705";"figshare";"CC BY";"general-purpose repository";"figshare";54,17;71,43;66,67;50;40;50;100;100;50;66,67;50;0;100;25;100;50;0;1;0;2;1;1;0;1;1;1;0;1;1;2;1;0;0;12;22;54,55;12;54,55;NA;0;1;1;1;1;0;0;1;1;1;0;0;0;0;1;1;0;1;1;0;1;50;100;50;0;100;50;0;50;50;50;50;83,33;87,5;100;50;100;100;75;100;100;50;100;0;100;100;100;2;2;1;2;2;2;1;2;0;2;2;2
"10.3390/polym13030433";"https://dx.doi.org/10.17617/3.5k";"Edmond";"CC BY";"general-purpose repository";"Edmond";60,42;92,86;33,33;75;40;100;100;50;100;33,33;100;0;100;25;100;50;0;1;1;2;0,5;2;0;1;0;2;0;1;1;2;1;0;0;12;22;54,55;10;45,45;NA;1;1;1;1;0;0;0;0;1;0;1;0;0;0;1;1;0;1;1;0;0;100;100;0;0;50;50;0;50;50;50;0;79,17;75;100;66,67;83,33;100;50;100;100;50;50;100;100;100;50;2;2;1;1;2;2;1;1;2;2;2;1
"10.3390/medicina57070646";"https://osf.io/5d8vu/";"OSF";"NULL";"general-purpose repository";"Open Science Framework";29,17;42,86;33,33;25;20;50;50;0;50;33,33;50;0;0;25;0;50;0;1;0;1;0;1;0;1;0;1;0;0;1;0;1;0;0;10;22;45,45;7;31,82;NA;0;1;1;1;0;0;0;0;1;0;0;0;0;0;1;1;0;0;1;0;0;50;100;0;0;50;0;0;50;0;50;0;54,17;75;50;33,33;50;100;50;100;0;50;50;0;0;100;50;2;2;1;1;2;0;1;1;0;0;2;1
"10.1016/j.diabres.2021.108996";"https://github.com/athieffry/T1International-OoPE-survey-2020/tree/main/1a%20-%20Raw%20Data/survey";"GitHub";"NULL";"general-purpose repository";"GitHub";4,17;14,29;0;0;0;50;0;0;0;0;0;0;0;0;0;0;0;1;0;0;0;0;0;0;0;0;0;0;0;0;0;0;0;5;22;22,73;6;27,27;NA;0;1;1;1;0;0;0;0;1;0;0;0;0;0;1;1;0;0;0;0;0;50;100;0;0;50;0;0;50;0;0;0;37,5;50;50;33,33;16,67;50;50;100;0;50;50;0;0;0;50;2;0;1;1;2;0;1;1;0;0;0;1
"10.1016/j.jhepr.2021.100234";"https://osf.io/y8dfw/";"OSF";"NULL";"general-purpose repository";"Open Science Framework";33,33;42,86;33,33;50;20;50;50;0;50;33,33;50;0;100;25;0;50;0;1;0;1;0;1;0;1;0;1;0;1;1;0;1;0;0;10;22;45,45;7;31,82;NA;0;1;1;1;0;0;0;0;1;0;0;0;0;0;1;1;0;0;1;0;0;50;100;0;0;50;0;0;50;0;50;0;54,17;75;50;33,33;50;100;50;100;0;50;50;0;0;100;50;2;2;1;1;2;0;1;1;0;0;2;1
"10.1016/j.patter.2021.100351";"https://doi.org/10.7910/DVN/CQHHEH";"Harvard Dataverse";"NULL";"general-purpose repository";"Harvard Dataverse";75;100;66,67;75;60;100;100;100;100;66,67;100;0;100;75;50;50;50;1;1;2;1;2;0;1;1;2;0;1;3;1;1;1;0;NA;NA;NA;10;45,45;TRUE;1;1;1;1;0;0;0;0;1;0;1;0;0;0;1;1;0;1;1;0;0;100;100;0;0;50;50;0;50;50;50;0;79,17;75;100;66,67;83,33;100;50;100;100;50;50;100;100;100;50;2;2;1;1;2;2;1;1;2;2;2;1
"10.1016/j.xcrm.2021.100291";"https://doi.org/10.17632/5n8df8jvk4.1";"Mendeley Data";"CC BY";"general-purpose repository";"Mendeley Data";62,5;85,71;66,67;75;40;100;100;0;100;66,67;100;0;100;25;100;50;0;1;1;2;0;2;1;1;0;2;0;1;1;2;1;0;0;13;22;59,09;11;50;NA;1;1;1;1;0;0;0;0;1;0;1;0;0;0;1;1;0;1;1;0;1;100;100;0;0;50;50;0;50;50;50;50;83,33;62,5;100;83,33;100;50;75;100;100;50;100;100;100;100;100;2;0;1;2;2;2;1;2;2;2;2;2
"10.1038/s41467-021-22786-w";"https://github.com/csi-hamburg/WAKE-UP-preserved-SC/tree/main/code/statistics_R";"GitHub";"NULL";"general-purpose repository";"GitHub";4,17;14,29;0;0;0;50;0;0;0;0;0;0;0;0;0;0;0;1;0;0;0;0;0;0;0;0;0;0;0;0;0;0;0;5;22;22,73;6;27,27;NA;0;1;1;1;0;0;0;0;1;0;0;0;0;0;1;1;0;0;0;0;0;50;100;0;0;50;0;0;50;0;0;0;37,5;50;50;33,33;16,67;50;50;100;0;50;50;0;0;0;50;2;0;1;1;2;0;1;1;0;0;0;1
"10.1016/j.drudis.2021.06.007";"https://osf.io/bc58f/";"OSF";"CC BY 4.0";"general-purpose repository";"OSF";37,5;42,86;33,33;25;40;50;50;0;50;33,33;50;0;0;25;100;50;0;1;0;1;0;1;0;1;0;1;0;0;1;2;1;0;0;11;22;50;7;31,82;NA;0;1;1;1;0;0;0;0;1;0;0;0;0;0;1;1;0;0;1;0;0;50;100;0;0;50;0;0;50;0;50;0;70,83;75;100;33,33;83,33;100;50;100;100;50;50;0;100;100;50;2;2;1;1;2;2;1;1;0;2;2;1
"10.1038/s41467-021-25914-8";"https://github.com/fsera/COVIDWeather/blob/main/mcc_covid_temp_data.csv";"GitHub";"NULL";"general-purpose repository";"GitHub";4,17;14,29;0;0;0;50;0;0;0;0;0;0;0;0;0;0;0;1;0;0;0;0;0;0;0;0;0;0;0;0;0;0;0;5;22;22,73;6;27,27;NA;0;1;1;1;0;0;0;0;1;0;0;0;0;0;1;1;0;0;0;0;0;50;100;0;0;50;0;0;50;0;0;0;37,5;50;50;33,33;16,67;50;50;100;0;50;50;0;0;0;50;2;0;1;1;2;0;1;1;0;0;0;1
"10.1016/j.xhgg.2021.100042";"https://doi.org/10.5281/zenodo.3572799";"Zenodo";"CC BY";"general-purpose repository";"Zenodo";75;85,71;100;75;60;100;50;100;100;100;100;0;100;50;100;50;50;1;1;1;1;2;1;1;1;2;0;1;2;2;1;0;1;NA;NA;NA;14;63,64;TRUE;1;1;1;1;1;0;0;1;1;1;1;0;0;0;1;1;0;1;1;0;1;100;100;50;0;100;100;0;50;50;50;50;91,67;87,5;100;83,33;100;100;75;100;100;50;100;100;100;100;100;2;2;1;2;2;2;1;2;2;2;2;2
"10.1038/s41591-020-01227-z";"https://github.com/theislab/Covid_meta_analysis/tree/main/Figure1_ACE2_TMPRSS2_coexp";"GitHub";"NULL";"general-purpose repository";"GitHub";4,17;14,29;0;0;0;50;0;0;0;0;0;0;0;0;0;0;0;1;0;0;0;0;0;0;0;0;0;0;0;0;0;0;0;5;22;22,73;6;27,27;NA;0;1;1;1;0;0;0;0;1;0;0;0;0;0;1;1;0;0;0;0;0;50;100;0;0;50;0;0;50;0;0;0;37,5;50;50;33,33;16,67;50;50;100;0;50;50;0;0;0;50;2;0;1;1;2;0;1;1;0;0;0;1
"10.1038/s42003-021-02307-7";"https://doi.org/10.5061/dryad.pnvx0k6kr";"DRYAD";"CC0";"general-purpose repository";"DRYAD";66,67;100;100;50;40;100;100;100;100;100;100;0;0;25;50;50;50;1;1;2;1;2;1;1;1;2;0;0;1;1;1;1;0;17;22;77,27;15;68,18;NA;1;1;1;1;1;1;0;1;1;1;1;0;0;0;1;1;0;1;1;0;1;100;100;100;0;100;100;0;50;50;50;50;91,67;87,5;100;83,33;100;100;75;100;100;50;100;100;100;100;100;2;2;1;2;2;2;1;2;2;2;2;2
"10.1038/s42003-021-02307-7";"https://doi.org/10.5281/zenodo.4768563";"Zenodo";"NULL";"general-purpose repository";"Zenodo";54,17;71,43;66,67;75;30;100;50;0;100;66,67;100;0;100;25;50;50;0;1;1;1;0;2;1;1;0;2;0;1;1;1;1;0;0;13;22;59,09;11;50;NA;1;1;1;1;0;0;0;0;1;0;1;0;0;0;1;1;0;1;1;0;1;100;100;0;0;50;50;0;50;50;50;50;54,17;75;50;33,33;50;100;50;100;0;50;50;0;0;100;50;2;2;1;1;2;0;1;1;0;0;2;1
"10.1093/braincomms/fcab027";"https://doi.org/10.5281/zenodo.4425256";"Zenodo";"CC BY";"general-purpose repository";"Zenodo";75;100;100;75;50;100;100;100;100;100;100;0;100;50;100;50;0;1;1;2;1;2;1;1;1;2;0;1;2;2;1;0;0;NA;NA;NA;15;68,18;TRUE;1;1;1;1;1;1;0;1;1;1;1;0;0;0;1;1;0;1;1;0;1;100;100;100;0;100;100;0;50;50;50;50;91,67;87,5;100;83,33;100;100;75;100;100;50;100;100;100;100;100;2;2;1;2;2;2;1;2;2;2;2;2
"10.1177/21677026211049366";"https://doi.org/10.17605/OSF.IO/P3X4R";"OSF";"CC BY-NC-ND";"general-purpose repository";"Open Science Framework";47,92;85,71;50;25;30;100;100;0;100;50;50;0;0;25;50;50;0;1;1;2;0;2;0,5;1;0;1;0;0;1;1;1;0;0;5;22;22,73;12;54,55;NA;1;1;1;1;0;0;0;1;1;1;1;0;0;0;1;1;0;1;1;0;0;100;100;0;0;100;100;0;50;50;50;0;16,67;25;50;0;0;50;0;100;0;0;0;0;0;0;0;2;0;0;0;2;0;0;0;0;0;0;0
"10.1002/14651858.CD014963";"https://doi.org/10.5281/zenodo.6500842";"Zenodo";"CC BY 4.0";"general-purpose repository";"Zenodo";70,83;100;66,67;75;50;100;100;100;100;66,67;100;0;100;50;100;50;0;1;1;2;1;2;1;1;0;2;0;1;2;2;1;0;0;16;22;72,73;11;50;NA;1;1;1;1;0;0;0;0;1;0;1;0;0;0;1;1;0;1;1;0;1;100;100;0;0;50;50;0;50;50;50;50;91,67;87,5;100;83,33;100;100;75;100;100;50;100;100;100;100;100;2;2;1;2;2;2;1;2;2;2;2;2
"10.1016/j.neuroimage.2021.117951";"https://osf.io/duj47/";"OSF";"CC BY";"general-purpose repository";"Open Science Framework";37,5;42,86;33,33;25;40;50;50;0;50;33,33;50;0;0;25;100;50;0;1;0;1;0;1;0;1;0;1;0;0;1;2;1;0;0;NA;NA;NA;7;31,82;TRUE;0;1;1;1;0;0;0;0;1;0;0;0;0;0;1;1;0;0;1;0;0;50;100;0;0;50;0;0;50;0;50;0;70,83;75;100;33,33;83,33;100;50;100;100;50;50;0;100;100;50;2;2;1;1;2;2;1;1;0;2;2;1
"10.1038/s41589-020-00724-z";"https://doi.org/10.5281/zenodo.3736430";"Zenodo";"CC BY";"general-purpose repository";"Zenodo";79,17;100;100;75;60;100;100;100;100;100;100;0;100;50;100;50;50;1;1;2;1;2;1;1;1;2;0;1;2;2;1;0;1;14;22;63,64;14;63,64;NA;1;1;1;1;1;0;0;1;1;1;1;0;0;0;1;1;0;1;1;0;1;100;100;50;0;100;100;0;50;50;50;50;91,67;87,5;100;83,33;100;100;75;100;100;50;100;100;100;100;100;2;2;1;2;2;2;1;2;2;2;2;2
"10.1371/journal.pone.0244497";"https://figshare.com/articles/dataset/Y-chromosome_haplotypes_Guevara_et_al_2016_and_SNP_assignment_by_multiplexes_This_study_/13509710";"figshare";"CC BY";"general-purpose repository";"figshare";58,33;71,43;66,67;50;50;50;100;100;50;66,67;50;0;100;25;100;50;50;1;0;2;1;1;0;1;1;1;0;1;1;2;1;0;1;12;22;54,55;12;54,55;NA;0;1;1;1;1;0;0;1;1;1;0;0;0;0;1;1;0;1;1;0;1;50;100;50;0;100;50;0;50;50;50;50;83,33;87,5;100;50;100;100;75;100;100;50;100;0;100;100;100;2;2;1;2;2;2;1;2;0;2;2;2
"10.1038/s41388-021-02054-3";"https://doi.org/10.24433/CO.0121060.v1";"Code Ocean";"CC0";"general-purpose repository";"Code Ocean";54,17;85,71;66,67;25;40;100;100;0;100;66,67;50;0;0;25;100;50;0;1;1;2;0;2;1;1;0;1;0;0;1;2;1;0;0;7;22;31,82;11;50;NA;1;1;1;1;0;0;0;0;1;0;1;0;0;0;1;1;0;1;1;0;1;100;100;0;0;50;50;0;50;50;50;50;50;62,5;50;50;33,33;50;75;100;0;50;100;0;0;0;100;2;0;1;2;2;0;1;2;0;0;0;2
"10.1371/journal.pone.0260168";"https://figshare.com/articles/dataset/Minimal_underlying_data_set_and_codebook_/17044919";"figshare";"CC BY";"general-purpose repository";"figshare";58,33;71,43;66,67;50;50;50;100;100;50;66,67;50;0;100;25;100;50;50;1;0;2;1;1;0;1;1;1;0;1;1;2;1;0;1;12;22;54,55;12;54,55;NA;0;1;1;1;1;0;0;1;1;1;0;0;0;0;1;1;0;1;1;0;1;50;100;50;0;100;50;0;50;50;50;50;83,33;87,5;100;50;100;100;75;100;100;50;100;0;100;100;100;2;2;1;2;2;2;1;2;0;2;2;2
"10.1016/j.cub.2021.04.043";"http://doi.org/10.17605/OSF.IO/YKM6X";"OSF";"NULL";"general-purpose repository";"Open Science Framework";41,67;71,43;33,33;50;20;100;50;0;100;33,33;100;0;0;25;0;50;0;1;1;1;0;2;0;1;0;2;0;0;1;0;1;0;0;12;22;54,55;9;40,91;NA;1;1;1;1;0;0;0;0;1;0;1;0;0;0;1;1;0;0;1;0;0;100;100;0;0;50;50;0;50;0;50;0;54,17;75;50;33,33;50;100;50;100;0;50;50;0;0;100;50;2;2;1;1;2;0;1;1;0;0;2;1
"10.1016/j.immuni.2021.09.002";"https://data.mendeley.com/datasets/hwxhw2sxys/1";"Mendeley Data";"CC BY-NC";"general-purpose repository";"Mendeley Data";62,5;85,71;66,67;75;40;100;100;0;100;66,67;100;0;100;25;100;50;0;1;1;2;0;2;1;1;0;2;0;1;1;2;1;0;0;11;22;50;8;36,36;NA;0;1;1;1;0;0;0;0;1;0;0;0;0;0;1;1;0;1;1;0;0;50;100;0;0;50;0;0;50;50;50;0;83,33;62,5;100;83,33;100;50;75;100;100;50;100;100;100;100;100;2;0;1;2;2;2;1;2;2;2;2;2
"10.1038/s41559-021-01486-0";"https://doi.org/10.5061/dryad.7h44j0zsr";"DRYAD";"CC0";"general-purpose repository";"DRYAD";70,83;100;100;75;40;100;100;100;100;100;100;0;100;25;50;50;50;1;1;2;1;2;1;1;1;2;0;1;1;1;1;1;0;17;22;77,27;15;68,18;NA;1;1;1;1;1;1;0;1;1;1;1;0;0;0;1;1;0;1;1;0;1;100;100;100;0;100;100;0;50;50;50;50;91,67;87,5;100;83,33;100;100;75;100;100;50;100;100;100;100;100;2;2;1;2;2;2;1;2;2;2;2;2
"10.1073/pnas.2014876118";"https://doi.org/10.5281/zenodo.4671006";"Zenodo";"CC BY";"general-purpose repository";"Zenodo";66,67;85,71;66,67;75;50;100;50;100;100;66,67;100;0;100;50;100;50;0;1;1;1;1;2;1;1;0;2;0;1;2;2;1;0;0;16;22;72,73;12;54,55;NA;1;1;1;1;0;1;0;0;1;0;1;0;0;0;1;1;0;1;1;0;1;100;100;50;0;50;50;0;50;50;50;50;91,67;87,5;100;83,33;100;100;75;100;100;50;100;100;100;100;100;2;2;1;2;2;2;1;2;2;2;2;2
"10.1073/pnas.2108157118";"https://doi.org/10.5281/zenodo.5203142";"Zenodo";"CC BY";"general-purpose repository";"Zenodo";70,83;85,71;66,67;75;60;100;50;100;100;66,67;100;0;100;50;100;50;50;1;1;1;1;2;1;1;0;2;0;1;2;2;1;0;1;NA;NA;NA;14;63,64;TRUE;1;1;1;1;1;0;0;1;1;1;1;0;0;0;1;1;0;1;1;0;1;100;100;50;0;100;100;0;50;50;50;50;79,17;75;100;66,67;83,33;100;50;100;100;50;50;100;100;100;50;2;2;1;1;2;2;1;1;2;2;2;1
"10.1080/13506285.2021.1915902";"https://osf.io/dkx6y/";"OSF";"NULL";"general-purpose repository";"Open Science Framework";33,33;57,14;33,33;25;20;50;100;0;50;33,33;50;0;0;25;0;50;0;1;0;2;0;1;0;1;0;1;0;0;1;0;1;0;0;10;22;45,45;7;31,82;NA;0;1;1;1;0;0;0;0;1;0;0;0;0;0;1;1;0;0;1;0;0;50;100;0;0;50;0;0;50;0;50;0;54,17;75;50;33,33;50;100;50;100;0;50;50;0;0;100;50;2;2;1;1;2;0;1;1;0;0;2;1
"10.1126/science.abf1357";"https://github.com/YunzheLiu/RLReplay/blob/main/MEGTrial_Thres.mat";"GitHub";"NULL";"general-purpose repository";"GitHub";4,17;14,29;0;0;0;50;0;0;0;0;0;0;0;0;0;0;0;1;0;0;0;0;0;0;0;0;0;0;0;0;0;0;0;5;22;22,73;6;27,27;NA;0;1;1;1;0;0;0;0;1;0;0;0;0;0;1;1;0;0;0;0;0;50;100;0;0;50;0;0;50;0;0;0;37,5;50;50;33,33;16,67;50;50;100;0;50;50;0;0;0;50;2;0;1;1;2;0;1;1;0;0;0;1
"10.1126/science.abj4336";"https://github.com/CERI-KRISP/africa-covid19-genomics/tree/main/data";"GitHub";"NULL";"general-purpose repository";"GitHub";4,17;14,29;0;0;0;50;0;0;0;0;0;0;0;0;0;0;0;1;0;0;0;0;0;0;0;0;0;0;0;0;0;0;0;5;22;22,73;6;27,27;NA;0;1;1;1;0;0;0;0;1;0;0;0;0;0;1;1;0;0;0;0;0;50;100;0;0;50;0;0;50;0;0;0;37,5;50;50;33,33;16,67;50;50;100;0;50;50;0;0;0;50;2;0;1;1;2;0;1;1;0;0;0;1
"10.1152/physiolgenomics.00160.2020";"https://doi.org/10.6084/m9.figshare.13490262.v3";"figshare";"CC BY";"general-purpose repository";"figshare";66,67;100;66,67;75;40;100;100;100;100;66,67;100;0;100;25;100;50;0;1;1;2;1;2;0;1;1;2;0;1;1;2;1;0;0;17;22;77,27;15;68,18;NA;1;1;1;1;1;1;0;1;1;1;1;0;0;0;1;1;0;1;1;0;1;100;100;100;0;100;100;0;50;50;50;50;91,67;87,5;100;83,33;100;100;75;100;100;50;100;100;100;100;100;2;2;1;2;2;2;1;2;2;2;2;2
"10.1177/13591053211027631";"https://osf.io/spd9u/";"OSF";"NULL";"general-purpose repository";"Open Science Framework";29,17;42,86;33,33;25;20;50;50;0;50;33,33;50;0;0;25;0;50;0;1;0;1;0;1;0;1;0;1;0;0;1;0;1;0;0;10;22;45,45;7;31,82;NA;0;1;1;1;0;0;0;0;1;0;0;0;0;0;1;1;0;0;1;0;0;50;100;0;0;50;0;0;50;0;50;0;54,17;75;50;33,33;50;100;50;100;0;50;50;0;0;100;50;2;2;1;1;2;0;1;1;0;0;2;1
"10.1177/1745691620979806";"https://osf.io/5qmz7/";"OSF";"CC0";"general-purpose repository";"Open Science Framework";41,67;42,86;33,33;50;40;50;50;0;50;33,33;50;0;100;25;100;50;0;1;0;1;0;1;0;1;0;1;0;1;1;2;1;0;0;11;22;50;7;31,82;NA;0;1;1;1;0;0;0;0;1;0;0;0;0;0;1;1;0;0;1;0;0;50;100;0;0;50;0;0;50;0;50;0;70,83;75;100;33,33;83,33;100;50;100;100;50;50;0;100;100;50;2;2;1;1;2;2;1;1;0;2;2;1
"10.1177/17470218211053992";"https://github.com/wangbenchi/Shared_data";"GitHub";"NULL";"general-purpose repository";"GitHub";18,75;35,71;33,33;0;10;50;25;0;50;33,33;0;0;0;0;0;50;0;1;0;0,5;0;1;0;1;0;0;0;0;0;0;1;0;0;NA;NA;NA;6;27,27;TRUE;0;1;1;1;0;0;0;0;1;0;0;0;0;0;1;1;0;0;0;0;0;50;100;0;0;50;0;0;50;0;0;0;37,5;50;50;33,33;16,67;50;50;100;0;50;50;0;0;0;50;2;0;1;1;2;0;1;1;0;0;0;1
"10.1177/17474930211006286";"https://doi.org/10.5281/zenodo.3899830";"Zenodo";"CC BY";"general-purpose repository";"Zenodo";75;100;100;75;50;100;100;100;100;100;100;0;100;50;100;50;0;1;1;2;1;2;1;1;1;2;0;1;2;2;1;0;0;19;22;86,36;15;68,18;NA;1;1;1;1;1;1;0;1;1;1;1;0;0;0;1;1;0;1;1;0;1;100;100;100;0;100;100;0;50;50;50;50;91,67;87,5;100;83,33;100;100;75;100;100;50;100;100;100;100;100;2;2;1;2;2;2;1;2;2;2;2;2
"10.1182/bloodadvances.2021004335";"https://osf.io/uhxvt";"OSF";"NULL";"general-purpose repository";"Open Science Framework";33,33;57,14;33,33;25;20;50;100;0;50;33,33;50;0;0;25;0;50;0;1;0;2;0;1;0;1;0;1;0;0;1;0;1;0;0;11;22;50;2;9,09;NA;0;1;0;0;0;0;0;0;1;0;0;0;0;0;0;0;0;0;0;0;0;50;0;0;0;50;0;0;0;0;0;0;16,67;25;50;0;0;50;0;100;0;0;0;0;0;0;0;2;0;0;0;2;0;0;0;0;0;0;0
"10.1371/journal.pgen.1009250";"https://figshare.com/articles/dataset/List_of_up-_and_downregulated_transcripts_from_sorted_stem_cells_sorted_Paneth_cells_and_organoids_with_a_p_value_0_05_/17123909?backTo=/collections/MLL1_is_required_for_maintenance_of_intestinal_stem_cells/5736735";"figshare";"CC BY";"general-purpose repository";"figshare";58,33;71,43;66,67;50;50;50;100;100;50;66,67;50;0;100;25;100;50;50;1;0;2;1;1;0;1;1;1;0;1;1;2;1;0;1;12;22;54,55;12;54,55;NA;0;1;1;1;1;0;0;1;1;1;0;0;0;0;1;1;0;1;1;0;1;50;100;50;0;100;50;0;50;50;50;50;83,33;87,5;100;50;100;100;75;100;100;50;100;0;100;100;100;2;2;1;2;2;2;1;2;0;2;2;2
"10.1371/journal.pone.0249256";"https://doi.org/10.6084/m9.figshare.14931708.v1";"figshare";"CC BY";"general-purpose repository";"figshare";70,83;100;66,67;75;50;100;100;100;100;66,67;100;0;100;25;100;50;50;1;1;2;1;2;0;1;1;2;0;1;1;2;1;0;1;NA;NA;NA;15;68,18;TRUE;1;1;1;1;1;1;0;1;1;1;1;0;0;0;1;1;0;1;1;0;1;100;100;100;0;100;100;0;50;50;50;50;91,67;87,5;100;83,33;100;100;75;100;100;50;100;100;100;100;100;2;2;1;2;2;2;1;2;2;2;2;2
"10.7717/peerj.10213";"https://doi.org/10.6084/m9.figshare.13204370.v1";"figshare";"CC0";"general-purpose repository";"figshare";70,83;100;66,67;75;50;100;100;100;100;66,67;100;0;100;25;100;50;50;1;1;2;1;2;0;1;1;2;0;1;1;2;1;0;1;NA;NA;NA;15;68,18;TRUE;1;1;1;1;1;1;0;1;1;1;1;0;0;0;1;1;0;1;1;0;1;100;100;100;0;100;100;0;50;50;50;50;91,67;87,5;100;83,33;100;100;75;100;100;50;100;100;100;100;100;2;2;1;2;2;2;1;2;2;2;2;2
