"target_uri";"fair_checker_score";"checker_percent_f";"checker_percent_a";"checker_percent_i";"checker_percent_r";"fair_checker_f1";"fair_checker_f2";"fair_checker_a1.1";"fair_checker_a1.2";"fair_checker_i1";"fair_checker_i2";"fair_checker_i3";"fair_checker_r1.1";"fair_checker_r1.2";"fair_checker_r1.3";"F1A";"F1B";"F2A";"F2B";"A1.1";"A1.2";"I1";"I2";"I3";"R1.1";"R1.2";"R1.3"
"https://osf.io/r7g9q/";70,83;75;100;33,33;83,33;100;50;100;100;50;50;0;100;100;50;2;2;1;1;2;2;1;1;0;2;2;1
"https://www.ncbi.nlm.nih.gov/nuccore/MW208755";16,67;25;50;0;0;50;0;100;0;0;0;0;0;0;0;2;0;0;0;2;0;0;0;0;0;0;0
"https://www.ncbi.nlm.nih.gov/nuccore/MN555567";16,67;25;50;0;0;50;0;100;0;0;0;0;0;0;0;2;0;0;0;2;0;0;0;0;0;0;0
"https://www.ebi.ac.uk/pride/archive/projects/PXD022350";58,33;62,5;50;50;66,67;50;75;100;0;50;100;0;0;100;100;2;0;1;2;2;0;1;2;0;0;2;2
"https://osf.io/738yf/";37,5;50;50;33,33;16,67;50;50;100;0;50;50;0;0;0;50;2;0;1;1;2;0;1;1;0;0;0;1
"https://osf.io/ftb9c/";37,5;50;50;33,33;16,67;50;50;100;0;50;50;0;0;0;50;2;0;1;1;2;0;1;1;0;0;0;1
"https://doi.org/10.5061/dryad.66t1g1k27";91,67;87,5;100;83,33;100;100;75;100;100;50;100;100;100;100;100;2;2;1;2;2;2;1;2;2;2;2;2
"https://trace.ncbi.nlm.nih.gov/Traces/sra/?run=SRR12059634";16,67;25;50;0;0;50;0;100;0;0;0;0;0;0;0;2;0;0;0;2;0;0;0;0;0;0;0
"https://oar.ptb.de/resources/show/10.7795/710.20201113";16,67;25;50;0;0;50;0;100;0;0;0;0;0;0;0;2;0;0;0;2;0;0;0;0;0;0;0
"https://www.ncbi.nlm.nih.gov/geo/query/acc.cgi?acc=GSE159907";16,67;25;50;0;0;50;0;100;0;0;0;0;0;0;0;2;0;0;0;2;0;0;0;0;0;0;0
"https://www.ncbi.nlm.nih.gov/nuccore/NM_013275.6?report=fasta&to=9301";16,67;25;50;0;0;50;0;100;0;0;0;0;0;0;0;2;0;0;0;2;0;0;0;0;0;0;0
"https://osf.io/92swt/?view_only=faec41999e4848ef9535139dfe982c1c";70,83;75;100;33,33;83,33;100;50;100;100;50;50;0;100;100;50;2;2;1;1;2;2;1;1;0;2;2;1
"https://www.ncbi.nlm.nih.gov/geo/query/acc.cgi?acc=GSE168808";16,67;25;50;0;0;50;0;100;0;0;0;0;0;0;0;2;0;0;0;2;0;0;0;0;0;0;0
"https://www.ncbi.nlm.nih.gov/nuccore/MW057694";16,67;25;50;0;0;50;0;100;0;0;0;0;0;0;0;2;0;0;0;2;0;0;0;0;0;0;0
"https://www.ncbi.nlm.nih.gov/nuccore/MW072297";16,67;25;50;0;0;50;0;100;0;0;0;0;0;0;0;2;0;0;0;2;0;0;0;0;0;0;0
"https://doi.org/10.5281/zenodo.4669937";91,67;87,5;100;83,33;100;100;75;100;100;50;100;100;100;100;100;2;2;1;2;2;2;1;2;2;2;2;2
"https://www.ncbi.nlm.nih.gov/geo/query/acc.cgi?acc=GSE175699";16,67;25;50;0;0;50;0;100;0;0;0;0;0;0;0;2;0;0;0;2;0;0;0;0;0;0;0
"https://www.ebi.ac.uk/ena/browser/view/PRJEB35507";16,67;25;50;0;0;50;0;100;0;0;0;0;0;0;0;2;0;0;0;2;0;0;0;0;0;0;0
"https://www.ncbi.nlm.nih.gov/geo/query/acc.cgi?acc=GSE90805";16,67;25;50;0;0;50;0;100;0;0;0;0;0;0;0;2;0;0;0;2;0;0;0;0;0;0;0
"https://www.ncbi.nlm.nih.gov/geo/query/acc.cgi?acc=GSE163579";16,67;25;50;0;0;50;0;100;0;0;0;0;0;0;0;2;0;0;0;2;0;0;0;0;0;0;0
"https://osf.io/bupge/";54,17;75;50;33,33;50;100;50;100;0;50;50;0;0;100;50;2;2;1;1;2;0;1;1;0;0;2;1
"https://www.ncbi.nlm.nih.gov/geo/query/acc.cgi?acc=GSE165332";16,67;25;50;0;0;50;0;100;0;0;0;0;0;0;0;2;0;0;0;2;0;0;0;0;0;0;0
"https://trace.ncbi.nlm.nih.gov/Traces/sra/?run=SRR12801265";16,67;25;50;0;0;50;0;100;0;0;0;0;0;0;0;2;0;0;0;2;0;0;0;0;0;0;0
"https://trace.ncbi.nlm.nih.gov/Traces/sra/?run=SRR13999246";16,67;25;50;0;0;50;0;100;0;0;0;0;0;0;0;2;0;0;0;2;0;0;0;0;0;0;0
"https://www.ncbi.nlm.nih.gov/geo/query/acc.cgi?acc=GSE180557";16,67;25;50;0;0;50;0;100;0;0;0;0;0;0;0;2;0;0;0;2;0;0;0;0;0;0;0
"https://www.ebi.ac.uk/pride/archive/projects/PXD014260";58,33;62,5;50;50;66,67;50;75;100;0;50;100;0;0;100;100;2;0;1;2;2;0;1;2;0;0;2;2
"https://www.ncbi.nlm.nih.gov/geo/query/acc.cgi?acc=GSE158596";16,67;25;50;0;0;50;0;100;0;0;0;0;0;0;0;2;0;0;0;2;0;0;0;0;0;0;0
"https://www.ncbi.nlm.nih.gov/geo/query/acc.cgi?acc=GSE168499";16,67;25;50;0;0;50;0;100;0;0;0;0;0;0;0;2;0;0;0;2;0;0;0;0;0;0;0
"https://osf.io/er6b8/";16,67;25;50;0;0;50;0;100;0;0;0;0;0;0;0;2;0;0;0;2;0;0;0;0;0;0;0
"https://doi.org/10.6084/m9.figshare.14524716.v1";91,67;87,5;100;83,33;100;100;75;100;100;50;100;100;100;100;100;2;2;1;2;2;2;1;2;2;2;2;2
"https://osf.io/xwnr3/";54,17;75;50;33,33;50;100;50;100;0;50;50;0;0;100;50;2;2;1;1;2;0;1;1;0;0;2;1
"https://doi.org/10.5281/zenodo.5159386";91,67;87,5;100;83,33;100;100;75;100;100;50;100;100;100;100;100;2;2;1;2;2;2;1;2;2;2;2;2
"https://doi.org/10.6084/m9.figshare.14450727.v1";91,67;87,5;100;83,33;100;100;75;100;100;50;100;100;100;100;100;2;2;1;2;2;2;1;2;2;2;2;2
"https://doi.org/10.17605/OSF.IO/AKRH9";79,17;75;100;66,67;83,33;100;50;100;100;50;50;100;100;100;50;2;2;1;1;2;2;1;1;2;2;2;1
"https://www.ncbi.nlm.nih.gov/geo/query/acc.cgi?acc=GSE165263";16,67;25;50;0;0;50;0;100;0;0;0;0;0;0;0;2;0;0;0;2;0;0;0;0;0;0;0
"https://trace.ncbi.nlm.nih.gov/Traces/sra/?run=SRR10743233";16,67;25;50;0;0;50;0;100;0;0;0;0;0;0;0;2;0;0;0;2;0;0;0;0;0;0;0
"https://www.ncbi.nlm.nih.gov/geo/query/acc.cgi?acc=GSE141861";16,67;25;50;0;0;50;0;100;0;0;0;0;0;0;0;2;0;0;0;2;0;0;0;0;0;0;0
"https://figshare.com/articles/dataset/Additional_file_1_of_The_glycosyltransferase_ST3GAL2_is_regulated_by_miR-615-3p_in_the_intestinal_tract_of_Campylobacter_jejuni_infected_mice/14870435";83,33;87,5;100;50;100;100;75;100;100;50;100;0;100;100;100;2;2;1;2;2;2;1;2;0;2;2;2
"https://www.ncbi.nlm.nih.gov/geo/query/acc.cgi?acc=GSE163521";16,67;25;50;0;0;50;0;100;0;0;0;0;0;0;0;2;0;0;0;2;0;0;0;0;0;0;0
"https://figshare.com/articles/dataset/Additional_file_1_of_Epigenetic_adaptations_of_the_masticatory_mucosa_to_periodontal_inflammation/16928628";83,33;87,5;100;50;100;100;75;100;100;50;100;0;100;100;100;2;2;1;2;2;2;1;2;0;2;2;2
"https://www.ncbi.nlm.nih.gov/nuccore/MT107888";16,67;25;50;0;0;50;0;100;0;0;0;0;0;0;0;2;0;0;0;2;0;0;0;0;0;0;0
"https://github.com/volkamerlab/cptox21_manuscript_SI/tree/master/data/data_signatures";37,5;50;50;33,33;16,67;50;50;100;0;50;50;0;0;0;50;2;0;1;1;2;0;1;1;0;0;0;1
"https://www.ebi.ac.uk/ena/browser/view/PRJEB39814?show=reads";16,67;25;50;0;0;50;0;100;0;0;0;0;0;0;0;2;0;0;0;2;0;0;0;0;0;0;0
"https://trace.ncbi.nlm.nih.gov/Traces/sra/?run=SRR12921007";16,67;25;50;0;0;50;0;100;0;0;0;0;0;0;0;2;0;0;0;2;0;0;0;0;0;0;0
"https://www.ebi.ac.uk/ena/browser/view/PRJEB46911?show=reads";16,67;25;50;0;0;50;0;100;0;0;0;0;0;0;0;2;0;0;0;2;0;0;0;0;0;0;0
"https://osf.io/zy7vs";37,5;50;50;33,33;16,67;50;50;100;0;50;50;0;0;0;50;2;0;1;1;2;0;1;1;0;0;0;1
"https://doi.org/10.6084/m9.figshare.14527317.v4";91,67;87,5;100;83,33;100;100;75;100;100;50;100;100;100;100;100;2;2;1;2;2;2;1;2;2;2;2;2
"https://osf.io/7xc23/";37,5;50;50;33,33;16,67;50;50;100;0;50;50;0;0;0;50;2;0;1;1;2;0;1;1;0;0;0;1
"https://doi.org/10.5281/zenodo.4498214";91,67;87,5;100;83,33;100;100;75;100;100;50;100;100;100;100;100;2;2;1;2;2;2;1;2;2;2;2;2
"https://doi.org/10.17605/OSF.IO/B5296";79,17;75;100;66,67;83,33;100;50;100;100;50;50;100;100;100;50;2;2;1;1;2;2;1;1;2;2;2;1
"https://doi.org/10.17605/OSF.IO/W3JUH";54,17;75;50;33,33;50;100;50;100;0;50;50;0;0;100;50;2;2;1;1;2;0;1;1;0;0;2;1
"https://figshare.com/articles/dataset/Reporting_assessments_for_sample_of_110_preclinical_systematic_reviews_/14543924";83,33;87,5;100;50;100;100;75;100;100;50;100;0;100;100;100;2;2;1;2;2;2;1;2;0;2;2;2
"https://figshare.com/articles/dataset/This_file_contains_all_raw_data_underlying_the_figures_/17226515";83,33;87,5;100;50;100;100;75;100;100;50;100;0;100;100;100;2;2;1;2;2;2;1;2;0;2;2;2
"https://figshare.com/articles/dataset/Numerical_values_underlying_summary_data_displayed_in_figures_/17123529";83,33;87,5;100;50;100;100;75;100;100;50;100;0;100;100;100;2;2;1;2;2;2;1;2;0;2;2;2
"https://dx.doi.org/10.5281/zenodo.4064148";79,17;75;100;66,67;83,33;100;50;100;100;50;50;100;100;100;50;2;2;1;1;2;2;1;1;2;2;2;1
"https://www.ebi.ac.uk/ena/browser/view/PRJEB40670?show=reads";16,67;25;50;0;0;50;0;100;0;0;0;0;0;0;0;2;0;0;0;2;0;0;0;0;0;0;0
"https://itbgit.biologie.hu-berlin.de/dorel/phosphoproteomics_tnb_perturbations/-/blob/master/210113.proteinGroups.filteredNormalz.txt?expanded=true&viewer=simple";37,5;50;50;33,33;16,67;50;50;100;0;50;50;0;0;0;50;2;0;1;1;2;0;1;1;0;0;0;1
"https://figshare.com/articles/dataset/All_somatic_SNVs_and_small_insertions_deletions_indels_detected_in_the_study_/13513223";83,33;87,5;100;50;100;100;75;100;100;50;100;0;100;100;100;2;2;1;2;2;2;1;2;0;2;2;2
"https://figshare.com/articles/dataset/NSC23766_treatment_of_wild_type_mouse_sperm_/13714335";83,33;87,5;100;50;100;100;75;100;100;50;100;0;100;100;100;2;2;1;2;2;2;1;2;0;2;2;2
"https://figshare.com/articles/dataset/Raw_data_of_the_lipidomics_experiments_including_sample_identifiers_/14831532";83,33;87,5;100;50;100;100;75;100;100;50;100;0;100;100;100;2;2;1;2;2;2;1;2;0;2;2;2
"https://figshare.com/articles/dataset/Sources_of_the_CNV-case_cohorts_used_in_this_study_/15077835";83,33;87,5;100;50;100;100;75;100;100;50;100;0;100;100;100;2;2;1;2;2;2;1;2;0;2;2;2
"https://figshare.com/articles/journal_contribution/Data_basis_for_meta-analyses_and_meta-regression_analyses_/16415146";50;62,5;50;50;33,33;50;75;100;0;50;100;0;0;0;100;2;0;1;2;2;0;1;2;0;0;0;2
"https://figshare.com/articles/dataset/Data_table_depicting_overall_typing_results_/14311834";83,33;87,5;100;50;100;100;75;100;100;50;100;0;100;100;100;2;2;1;2;2;2;1;2;0;2;2;2
"https://www.ncbi.nlm.nih.gov/nuccore/MW383507";16,67;25;50;0;0;50;0;100;0;0;0;0;0;0;0;2;0;0;0;2;0;0;0;0;0;0;0
"https://figshare.com/articles/dataset/Dataset_1_/16806162";83,33;87,5;100;50;100;100;75;100;100;50;100;0;100;100;100;2;2;1;2;2;2;1;2;0;2;2;2
"https://doi.org/10.5281/zenodo.4049178";91,67;87,5;100;83,33;100;100;75;100;100;50;100;100;100;100;100;2;2;1;2;2;2;1;2;2;2;2;2
"https://figshare.com/articles/dataset/Tacrolimus_PK_model_dataset_/13630924";83,33;87,5;100;50;100;100;75;100;100;50;100;0;100;100;100;2;2;1;2;2;2;1;2;0;2;2;2
"https://figshare.com/articles/dataset/Raw_data_/13866240";83,33;87,5;100;50;100;100;75;100;100;50;100;0;100;100;100;2;2;1;2;2;2;1;2;0;2;2;2
"https://figshare.com/articles/dataset/S1_Data_-/14041848";83,33;87,5;100;50;100;100;75;100;100;50;100;0;100;100;100;2;2;1;2;2;2;1;2;0;2;2;2
"https://www.ncbi.nlm.nih.gov/geo/query/acc.cgi?acc=GSE166400";16,67;25;50;0;0;50;0;100;0;0;0;0;0;0;0;2;0;0;0;2;0;0;0;0;0;0;0
"https://figshare.com/articles/dataset/S1_Data_-/14162457";83,33;87,5;100;50;100;100;75;100;100;50;100;0;100;100;100;2;2;1;2;2;2;1;2;0;2;2;2
"https://doi.org/10.11588/data/FSPQL4";70,83;75;100;33,33;83,33;100;50;100;100;50;50;0;100;100;50;2;2;1;1;2;2;1;1;0;2;2;1
"https://osf.io/t3mcj/";37,5;50;50;33,33;16,67;50;50;100;0;50;50;0;0;0;50;2;0;1;1;2;0;1;1;0;0;0;1
"https://figshare.com/articles/dataset/S1_Dataset_-/14409535";83,33;87,5;100;50;100;100;75;100;100;50;100;0;100;100;100;2;2;1;2;2;2;1;2;0;2;2;2
"https://doi.org/10.5281/zenodo.4135394";91,67;87,5;100;83,33;100;100;75;100;100;50;100;100;100;100;100;2;2;1;2;2;2;1;2;2;2;2;2
"https://figshare.com/articles/dataset/Raw_data_of_all_MRSA_outbreak_reports_included_/14383401";83,33;87,5;100;50;100;100;75;100;100;50;100;0;100;100;100;2;2;1;2;2;2;1;2;0;2;2;2
"https://figshare.com/articles/dataset/Raw_data_1_/14549776";83,33;87,5;100;50;100;100;75;100;100;50;100;0;100;100;100;2;2;1;2;2;2;1;2;0;2;2;2
"https://doi.org/10.5281/zenodo.3718578";91,67;87,5;100;83,33;100;100;75;100;100;50;100;100;100;100;100;2;2;1;2;2;2;1;2;2;2;2;2
"https://figshare.com/articles/dataset/S1_Dataset_-/14976465";83,33;87,5;100;50;100;100;75;100;100;50;100;0;100;100;100;2;2;1;2;2;2;1;2;0;2;2;2
"https://figshare.com/articles/dataset/Supplementary_study_data_/14894303";83,33;87,5;100;50;100;100;75;100;100;50;100;0;100;100;100;2;2;1;2;2;2;1;2;0;2;2;2
"https://doi.org/10.6084/m9.figshare.13251428";91,67;87,5;100;83,33;100;100;75;100;100;50;100;100;100;100;100;2;2;1;2;2;2;1;2;2;2;2;2
"http://dx.doi.org/10.25532/OPARA-120";16,67;25;50;0;0;50;0;100;0;0;0;0;0;0;0;2;0;0;0;2;0;0;0;0;0;0;0
"https://osf.io/bdsqv/";37,5;50;50;33,33;16,67;50;50;100;0;50;50;0;0;0;50;2;0;1;1;2;0;1;1;0;0;0;1
"https://figshare.com/articles/dataset/S1_Dataset_-/16602615";83,33;87,5;100;50;100;100;75;100;100;50;100;0;100;100;100;2;2;1;2;2;2;1;2;0;2;2;2
"https://figshare.com/articles/dataset/S1_Dataset_-/16662303";83,33;87,5;100;50;100;100;75;100;100;50;100;0;100;100;100;2;2;1;2;2;2;1;2;0;2;2;2
"https://doi.org/10.6084/m9.figshare.16680565.v2";91,67;87,5;100;83,33;100;100;75;100;100;50;100;100;100;100;100;2;2;1;2;2;2;1;2;2;2;2;2
"https://figshare.com/articles/dataset/Dataset_for_60_pats_CPI_/16925496";83,33;87,5;100;50;100;100;75;100;100;50;100;0;100;100;100;2;2;1;2;2;2;1;2;0;2;2;2
"https://figshare.com/articles/dataset/Somatic_variants_of_candidate_driver_genes_in_MSH3-deficient_adenomas_/17094902";83,33;87,5;100;50;100;100;75;100;100;50;100;0;100;100;100;2;2;1;2;2;2;1;2;0;2;2;2
"https://www.ncbi.nlm.nih.gov/nuccore/MT776952";16,67;25;50;0;0;50;0;100;0;0;0;0;0;0;0;2;0;0;0;2;0;0;0;0;0;0;0
"https://trace.ncbi.nlm.nih.gov/Traces/sra/?run=SRR9891693";16,67;25;50;0;0;50;0;100;0;0;0;0;0;0;0;2;0;0;0;2;0;0;0;0;0;0;0
"https://www.wwpdb.org/pdb?id=pdb_00006zue";16,67;25;50;0;0;50;0;100;0;0;0;0;0;0;0;2;0;0;0;2;0;0;0;0;0;0;0
"https://www.ebi.ac.uk/emdb/EMD-10611";50;62,5;50;50;33,33;50;75;100;0;50;100;0;0;0;100;2;0;1;2;2;0;1;2;0;0;0;2
"https://www.ebi.ac.uk/pride/archive/projects/PXD020453";58,33;62,5;50;50;66,67;50;75;100;0;50;100;0;0;100;100;2;0;1;2;2;0;1;2;0;0;2;2
"https://www.ncbi.nlm.nih.gov/geo/query/acc.cgi?acc=GSE160845";16,67;25;50;0;0;50;0;100;0;0;0;0;0;0;0;2;0;0;0;2;0;0;0;0;0;0;0
"https://www.ebi.ac.uk/pride/archive/projects/PXD018651";58,33;62,5;50;50;66,67;50;75;100;0;50;100;0;0;100;100;2;0;1;2;2;0;1;2;0;0;2;2
"https://www.metabolomicsworkbench.org/data/DRCCMetadata.php?Mode=Study&StudyID=ST001673";16,67;25;50;0;0;50;0;100;0;0;0;0;0;0;0;2;0;0;0;2;0;0;0;0;0;0;0
"https://www.ebi.ac.uk/pride/archive/projects/PXD020175";58,33;62,5;50;50;66,67;50;75;100;0;50;100;0;0;100;100;2;0;1;2;2;0;1;2;0;0;2;2
"https://www.ncbi.nlm.nih.gov/geo/query/acc.cgi?acc=GSE156544";16,67;25;50;0;0;50;0;100;0;0;0;0;0;0;0;2;0;0;0;2;0;0;0;0;0;0;0
"https://www.ncbi.nlm.nih.gov/geo/query/acc.cgi?acc=GSE153105";16,67;25;50;0;0;50;0;100;0;0;0;0;0;0;0;2;0;0;0;2;0;0;0;0;0;0;0
"https://www.ncbi.nlm.nih.gov/geo/query/acc.cgi?acc=GSE166555";16,67;25;50;0;0;50;0;100;0;0;0;0;0;0;0;2;0;0;0;2;0;0;0;0;0;0;0
"https://github.com/molsysbio/sccrc/tree/master/_data";37,5;50;50;33,33;16,67;50;50;100;0;50;50;0;0;0;50;2;0;1;1;2;0;1;1;0;0;0;1
"https://www.ncbi.nlm.nih.gov/geo/query/acc.cgi?acc=GSE159978";16,67;25;50;0;0;50;0;100;0;0;0;0;0;0;0;2;0;0;0;2;0;0;0;0;0;0;0
"https://doi.org/10.5281/zenodo.4434363";91,67;87,5;100;83,33;100;100;75;100;100;50;100;100;100;100;100;2;2;1;2;2;2;1;2;2;2;2;2
"https://www.ncbi.nlm.nih.gov/geo/query/acc.cgi?acc=GSE153894";16,67;25;50;0;0;50;0;100;0;0;0;0;0;0;0;2;0;0;0;2;0;0;0;0;0;0;0
"https://www.ebi.ac.uk/pride/archive/projects/PXD024707";58,33;62,5;50;50;66,67;50;75;100;0;50;100;0;0;100;100;2;0;1;2;2;0;1;2;0;0;2;2
"https://doi.org/10.6084/m9.figshare.14778417";91,67;87,5;100;83,33;100;100;75;100;100;50;100;100;100;100;100;2;2;1;2;2;2;1;2;2;2;2;2
"https://www.ncbi.nlm.nih.gov/geo/query/acc.cgi?acc=GSE185854";16,67;25;50;0;0;50;0;100;0;0;0;0;0;0;0;2;0;0;0;2;0;0;0;0;0;0;0
"https://trace.ncbi.nlm.nih.gov/Traces/sra/?run=SRR11498174";16,67;25;50;0;0;50;0;100;0;0;0;0;0;0;0;2;0;0;0;2;0;0;0;0;0;0;0
"https://www.ncbi.nlm.nih.gov/geo/query/acc.cgi?acc=GSE146284";16,67;25;50;0;0;50;0;100;0;0;0;0;0;0;0;2;0;0;0;2;0;0;0;0;0;0;0
"https://github.com/hdsu-bioquant/irene-data";37,5;50;50;33,33;16,67;50;50;100;0;50;50;0;0;0;50;2;0;1;1;2;0;1;1;0;0;0;1
"https://figshare.com/articles/dataset/DataSheet1_A_Systematic_Review_of_Transcriptional_Dysregulation_in_Huntington_s_Disease_Studied_by_RNA_Sequencing_XLSX/16816798?backTo=/collections/A_Systematic_Review_of_Transcriptional_Dysregulation_in_Huntington_s_Disease_Studied_by_RNA_Sequencing/5663986";83,33;87,5;100;50;100;100;75;100;100;50;100;0;100;100;100;2;2;1;2;2;2;1;2;0;2;2;2
"https://trace.ncbi.nlm.nih.gov/Traces/sra/?run=SRR12678969";16,67;25;50;0;0;50;0;100;0;0;0;0;0;0;0;2;0;0;0;2;0;0;0;0;0;0;0
"https://figshare.com/articles/dataset/Table_2_Evidence_of_B_Cell_Clonality_and_Investigation_Into_Properties_of_the_IgM_in_Patients_With_Schnitzler_Syndrome_xlsx/13324736?backTo=/collections/Evidence_of_B_Cell_Clonality_and_Investigation_Into_Properties_of_the_IgM_in_Patients_With_Schnitzler_Syndrome/5227352";83,33;87,5;100;50;100;100;75;100;100;50;100;0;100;100;100;2;2;1;2;2;2;1;2;0;2;2;2
"https://trace.ncbi.nlm.nih.gov/Traces/sra/?run=SRR13009845";16,67;25;50;0;0;50;0;100;0;0;0;0;0;0;0;2;0;0;0;2;0;0;0;0;0;0;0
"https://www.ncbi.nlm.nih.gov/geo/query/acc.cgi?acc=GSE124719";16,67;25;50;0;0;50;0;100;0;0;0;0;0;0;0;2;0;0;0;2;0;0;0;0;0;0;0
"https://figshare.com/articles/dataset/Table_1_Modulation_of_Liver_Inflammation_and_Fibrosis_by_Interleukin-37_XLSX/14160740?backTo=/collections/Modulation_of_Liver_Inflammation_and_Fibrosis_by_Interleukin-37/5326814";83,33;87,5;100;50;100;100;75;100;100;50;100;0;100;100;100;2;2;1;2;2;2;1;2;0;2;2;2
"https://www.ncbi.nlm.nih.gov/geo/query/acc.cgi?acc=GSE182644";16,67;25;50;0;0;50;0;100;0;0;0;0;0;0;0;2;0;0;0;2;0;0;0;0;0;0;0
"https://www.ebi.ac.uk/arrayexpress/experiments/E-MTAB-9850/";50;62,5;50;50;33,33;50;75;100;0;50;100;0;0;0;100;2;0;1;2;2;0;1;2;0;0;0;2
"https://www.ebi.ac.uk/ena/browser/view/PRJEB42795?show=reads";16,67;25;50;0;0;50;0;100;0;0;0;0;0;0;0;2;0;0;0;2;0;0;0;0;0;0;0
"https://www.ebi.ac.uk/pride/archive/projects/PXD024375";58,33;62,5;50;50;66,67;50;75;100;0;50;100;0;0;100;100;2;0;1;2;2;0;1;2;0;0;2;2
"https://figshare.com/articles/dataset/Data_Sheet_1_The_Effect_of_Allicin_on_the_Proteome_of_SARS-CoV-2_Infected_Calu-3_Cells_XLSX/16894696?backTo=/collections/The_Effect_of_Allicin_on_the_Proteome_of_SARS-CoV-2_Infected_Calu-3_Cells/5682514";83,33;87,5;100;50;100;100;75;100;100;50;100;0;100;100;100;2;2;1;2;2;2;1;2;0;2;2;2
"https://www.ebi.ac.uk/pride/archive/projects/PXD023740/";58,33;62,5;50;50;66,67;50;75;100;0;50;100;0;0;100;100;2;0;1;2;2;0;1;2;0;0;2;2
"https://figshare.com/articles/dataset/Table1_Altered_Glycosylation_in_the_Aging_Heart_XLSX/14694453?backTo=/collections/Altered_Glycosylation_in_the_Aging_Heart/5442648";83,33;87,5;100;50;100;100;75;100;100;50;100;0;100;100;100;2;2;1;2;2;2;1;2;0;2;2;2
"https://www.ncbi.nlm.nih.gov/geo/query/acc.cgi?acc=GSE155945";16,67;25;50;0;0;50;0;100;0;0;0;0;0;0;0;2;0;0;0;2;0;0;0;0;0;0;0
"http://doi.org/10.5281/zenodo.4362503";91,67;87,5;100;83,33;100;100;75;100;100;50;100;100;100;100;100;2;2;1;2;2;2;1;2;2;2;2;2
"https://www.ncbi.nlm.nih.gov/geo/query/acc.cgi?acc=GSE88710";16,67;25;50;0;0;50;0;100;0;0;0;0;0;0;0;2;0;0;0;2;0;0;0;0;0;0;0
"https://figshare.com/articles/dataset/EEG_resting_state_power_before_during_and_after_60_days_of_bed_rest/12148359?file=25963484";83,33;87,5;100;50;100;100;75;100;100;50;100;0;100;100;100;2;2;1;2;2;2;1;2;0;2;2;2
"http://doi.org/10.6084/m9.figshare.13633790";91,67;87,5;100;83,33;100;100;75;100;100;50;100;100;100;100;100;2;2;1;2;2;2;1;2;2;2;2;2
"https://figshare.com/articles/dataset/raw_data_of_Aging_Affects_KV7_Channels_and_Perivascular_Adipose_Tissue-Mediated_Vascular_Tone/16920589";83,33;87,5;100;50;100;100;75;100;100;50;100;0;100;100;100;2;2;1;2;2;2;1;2;0;2;2;2
"https://osf.io/e8tg5/";70,83;75;100;33,33;83,33;100;50;100;100;50;50;0;100;100;50;2;2;1;1;2;2;1;1;0;2;2;1
"https://osf.io/qgntp/";37,5;50;50;33,33;16,67;50;50;100;0;50;50;0;0;0;50;2;0;1;1;2;0;1;1;0;0;0;1
"https://data.4dnucleome.org/files-processed/4DNFIJRX16EK/#file-overview";16,67;25;50;0;0;50;0;100;0;0;0;0;0;0;0;2;0;0;0;2;0;0;0;0;0;0;0
"https://www.ebi.ac.uk/ena/browser/view/PRJEB44908?show=reads";16,67;25;50;0;0;50;0;100;0;0;0;0;0;0;0;2;0;0;0;2;0;0;0;0;0;0;0
"https://trace.ncbi.nlm.nih.gov/Traces/sra/?run=ERR5917174";16,67;25;50;0;0;50;0;100;0;0;0;0;0;0;0;2;0;0;0;2;0;0;0;0;0;0;0
"https://www.ebi.ac.uk/pride/archive/projects/PXD018230";58,33;62,5;50;50;66,67;50;75;100;0;50;100;0;0;100;100;2;0;1;2;2;0;1;2;0;0;2;2
"https://www.ncbi.nlm.nih.gov/geo/query/acc.cgi?acc=GSE111079";16,67;25;50;0;0;50;0;100;0;0;0;0;0;0;0;2;0;0;0;2;0;0;0;0;0;0;0
"https://www.ebi.ac.uk/arrayexpress/experiments/E-MTAB-9701/";50;62,5;50;50;33,33;50;75;100;0;50;100;0;0;0;100;2;0;1;2;2;0;1;2;0;0;0;2
"https://www.ncbi.nlm.nih.gov/geo/query/acc.cgi?acc=GSE178468";16,67;25;50;0;0;50;0;100;0;0;0;0;0;0;0;2;0;0;0;2;0;0;0;0;0;0;0
"https://www.ncbi.nlm.nih.gov/nuccore/MZ474965.1";16,67;25;50;0;0;50;0;100;0;0;0;0;0;0;0;2;0;0;0;2;0;0;0;0;0;0;0
"https://www.ncbi.nlm.nih.gov/Traces/wgs/JAIEZW01?display=contigs";16,67;25;50;0;0;50;0;100;0;0;0;0;0;0;0;2;0;0;0;2;0;0;0;0;0;0;0
"https://trace.ncbi.nlm.nih.gov/Traces/sra/?run=SRR15177978";16,67;25;50;0;0;50;0;100;0;0;0;0;0;0;0;2;0;0;0;2;0;0;0;0;0;0;0
"https://trace.ncbi.nlm.nih.gov/Traces/sra/?run=SRR15177977";16,67;25;50;0;0;50;0;100;0;0;0;0;0;0;0;2;0;0;0;2;0;0;0;0;0;0;0
"https://doi.org/10.6084/m9.figshare.14975286.v1";91,67;87,5;100;83,33;100;100;75;100;100;50;100;100;100;100;100;2;2;1;2;2;2;1;2;2;2;2;2
"https://www.ncbi.nlm.nih.gov/geo/query/acc.cgi?acc=GSE163168";16,67;25;50;0;0;50;0;100;0;0;0;0;0;0;0;2;0;0;0;2;0;0;0;0;0;0;0
"https://doi.org/doi:10.25345/C5NN4G";16,67;25;50;0;0;50;0;100;0;0;0;0;0;0;0;2;0;0;0;2;0;0;0;0;0;0;0
"https://www.ncbi.nlm.nih.gov/protein/NP_849148.2/";16,67;25;50;0;0;50;0;100;0;0;0;0;0;0;0;2;0;0;0;2;0;0;0;0;0;0;0
"http://doi.org/10.5281/zenodo.4884946";91,67;87,5;100;83,33;100;100;75;100;100;50;100;100;100;100;100;2;2;1;2;2;2;1;2;2;2;2;2
"http://doi.org/10.5281/zenodo.5524539";91,67;87,5;100;83,33;100;100;75;100;100;50;100;100;100;100;100;2;2;1;2;2;2;1;2;2;2;2;2
"https://trace.ncbi.nlm.nih.gov/Traces/index.html?view=run_browser&acc=SRR19746232&display=metadata";16,67;25;50;0;0;50;0;100;0;0;0;0;0;0;0;2;0;0;0;2;0;0;0;0;0;0;0
"https://www.ncbi.nlm.nih.gov/geo/query/acc.cgi?acc=GSE169213";16,67;25;50;0;0;50;0;100;0;0;0;0;0;0;0;2;0;0;0;2;0;0;0;0;0;0;0
"https://www.ncbi.nlm.nih.gov/nuccore/mw822235";16,67;25;50;0;0;50;0;100;0;0;0;0;0;0;0;2;0;0;0;2;0;0;0;0;0;0;0
"https://doi.org/10.5281/zenodo.5377507";91,67;87,5;100;83,33;100;100;75;100;100;50;100;100;100;100;100;2;2;1;2;2;2;1;2;2;2;2;2
"https://doi.org/10.17605/OSF.IO/NGHFS";54,17;75;50;33,33;50;100;50;100;0;50;50;0;0;100;50;2;2;1;1;2;0;1;1;0;0;2;1
"https://www.ncbi.nlm.nih.gov/geo/query/acc.cgi?acc=GSE178416";16,67;25;50;0;0;50;0;100;0;0;0;0;0;0;0;2;0;0;0;2;0;0;0;0;0;0;0
"https://www.ncbi.nlm.nih.gov/geo/query/acc.cgi?acc=GSE171994";16,67;25;50;0;0;50;0;100;0;0;0;0;0;0;0;2;0;0;0;2;0;0;0;0;0;0;0
"https://doi.org/10.5281/zenodo.4906565";91,67;87,5;100;83,33;100;100;75;100;100;50;100;100;100;100;100;2;2;1;2;2;2;1;2;2;2;2;2
"https://doi.org/10.6084/m9.figshare.13653269";91,67;87,5;100;83,33;100;100;75;100;100;50;100;100;100;100;100;2;2;1;2;2;2;1;2;2;2;2;2
"https://data.4dnucleome.org/files-fastq/4DNFI1F6ZLAO/";16,67;25;50;0;0;50;0;100;0;0;0;0;0;0;0;2;0;0;0;2;0;0;0;0;0;0;0
"https://trace.ncbi.nlm.nih.gov/Traces/index.html?view=run_browser&acc=SRR14197386&display=data-access";16,67;25;50;0;0;50;0;100;0;0;0;0;0;0;0;2;0;0;0;2;0;0;0;0;0;0;0
"https://doi.org/10.5281/zenodo.5235706";91,67;87,5;100;83,33;100;100;75;100;100;50;100;100;100;100;100;2;2;1;2;2;2;1;2;2;2;2;2
"https://osf.io/qakbv/";54,17;75;50;33,33;50;100;50;100;0;50;50;0;0;100;50;2;2;1;1;2;0;1;1;0;0;2;1
"https://dx.doi.org/10.17617/3.64";79,17;75;100;66,67;83,33;100;50;100;100;50;50;100;100;100;50;2;2;1;1;2;2;1;1;2;2;2;1
"https://osf.io/3jq76?view_only=917a4a545f144ddd948c4ae6a3bcb2e5";37,5;50;50;33,33;16,67;50;50;100;0;50;50;0;0;0;50;2;0;1;1;2;0;1;1;0;0;0;1
"https://osf.io/kyr8v/";70,83;75;100;33,33;83,33;100;50;100;100;50;50;0;100;100;50;2;2;1;1;2;2;1;1;0;2;2;1
"https://doi.org/10.5281/zenodo.3876271";91,67;87,5;100;83,33;100;100;75;100;100;50;100;100;100;100;100;2;2;1;2;2;2;1;2;2;2;2;2
"https://doi.org/10.6084/m9.figshare.13298012.v1";91,67;87,5;100;83,33;100;100;75;100;100;50;100;100;100;100;100;2;2;1;2;2;2;1;2;2;2;2;2
"https://doi.org/10.6084/m9.figshare.14035935";91,67;87,5;100;83,33;100;100;75;100;100;50;100;100;100;100;100;2;2;1;2;2;2;1;2;2;2;2;2
"https://doi.org/10.6084/m9.figshare.14780127.v1";91,67;87,5;100;83,33;100;100;75;100;100;50;100;100;100;100;100;2;2;1;2;2;2;1;2;2;2;2;2
"https://www.ncbi.nlm.nih.gov/geo/query/acc.cgi?acc=GSE161441";16,67;25;50;0;0;50;0;100;0;0;0;0;0;0;0;2;0;0;0;2;0;0;0;0;0;0;0
"https://www.ebi.ac.uk/gwas/studies/GCST90010722";16,67;25;50;0;0;50;0;100;0;0;0;0;0;0;0;2;0;0;0;2;0;0;0;0;0;0;0
"https://doi.org/10.6084/m9.figshare.14938755";91,67;87,5;100;83,33;100;100;75;100;100;50;100;100;100;100;100;2;2;1;2;2;2;1;2;2;2;2;2
"https://www.ebi.ac.uk/pride/archive/projects/PXD023613";58,33;62,5;50;50;66,67;50;75;100;0;50;100;0;0;100;100;2;0;1;2;2;0;1;2;0;0;2;2
"https://trace.ncbi.nlm.nih.gov/Traces/index.html?view=run_browser&acc=ERR1915528&display=data-access";16,67;25;50;0;0;50;0;100;0;0;0;0;0;0;0;2;0;0;0;2;0;0;0;0;0;0;0
"https://doi.org/10.5281/zenodo.4728981";79,17;75;100;66,67;83,33;100;50;100;100;50;50;100;100;100;50;2;2;1;1;2;2;1;1;2;2;2;1
"https://www.ebi.ac.uk/ena/browser/view/PRJEB41311";16,67;25;50;0;0;50;0;100;0;0;0;0;0;0;0;2;0;0;0;2;0;0;0;0;0;0;0
"https://massive.ucsd.edu/ProteoSAFe/dataset.jsp?task=1a42c18056484609afafe07519049ad9";16,67;25;50;0;0;50;0;100;0;0;0;0;0;0;0;2;0;0;0;2;0;0;0;0;0;0;0
"https://www.ncbi.nlm.nih.gov/geo/query/acc.cgi?acc=GSE184329";16,67;25;50;0;0;50;0;100;0;0;0;0;0;0;0;2;0;0;0;2;0;0;0;0;0;0;0
"https://www.ncbi.nlm.nih.gov/geo/query/acc.cgi?acc=GSE148792";16,67;25;50;0;0;50;0;100;0;0;0;0;0;0;0;2;0;0;0;2;0;0;0;0;0;0;0
"https://github.com/pombo-lab/WinickNg_Kukalev_Harabula_Nature_2021/tree/main/microscopy_images/";37,5;50;50;33,33;16,67;50;50;100;0;50;50;0;0;0;50;2;0;1;1;2;0;1;1;0;0;0;1
"https://www.ebi.ac.uk/ena/browser/view/ERR389126?show=reads";16,67;25;50;0;0;50;0;100;0;0;0;0;0;0;0;2;0;0;0;2;0;0;0;0;0;0;0
"https://www.ncbi.nlm.nih.gov/geo/query/acc.cgi?acc=GSE165532";16,67;25;50;0;0;50;0;100;0;0;0;0;0;0;0;2;0;0;0;2;0;0;0;0;0;0;0
"https://doi.org/10.6084/m9.figshare.12436517";91,67;87,5;100;83,33;100;100;75;100;100;50;100;100;100;100;100;2;2;1;2;2;2;1;2;2;2;2;2
"https://www.ncbi.nlm.nih.gov/geo/query/acc.cgi?acc=GSE144103";16,67;25;50;0;0;50;0;100;0;0;0;0;0;0;0;2;0;0;0;2;0;0;0;0;0;0;0
"https://trace.ncbi.nlm.nih.gov/Traces/index.html?view=run_browser&acc=SRR6122124&display=metadata";16,67;25;50;0;0;50;0;100;0;0;0;0;0;0;0;2;0;0;0;2;0;0;0;0;0;0;0
"https://www.ncbi.nlm.nih.gov/geo/query/acc.cgi?acc=GSE137335";16,67;25;50;0;0;50;0;100;0;0;0;0;0;0;0;2;0;0;0;2;0;0;0;0;0;0;0
"https://www.ncbi.nlm.nih.gov/nuccore/MW294174.2/";16,67;25;50;0;0;50;0;100;0;0;0;0;0;0;0;2;0;0;0;2;0;0;0;0;0;0;0
"https://www.ncbi.nlm.nih.gov/geo/query/acc.cgi?acc=GSE128636";16,67;25;50;0;0;50;0;100;0;0;0;0;0;0;0;2;0;0;0;2;0;0;0;0;0;0;0
"https://www.ncbi.nlm.nih.gov/geo/query/acc.cgi?acc=GSE87076";16,67;25;50;0;0;50;0;100;0;0;0;0;0;0;0;2;0;0;0;2;0;0;0;0;0;0;0
"https://doi.org/10.6084/m9.figshare.12129534";91,67;87,5;100;83,33;100;100;75;100;100;50;100;100;100;100;100;2;2;1;2;2;2;1;2;2;2;2;2
"https://www.ebi.ac.uk/biostudies/studies/S-BSST699?query=S-BSST699";50;62,5;50;50;33,33;50;75;100;0;50;100;0;0;0;100;2;0;1;2;2;0;1;2;0;0;0;2
"https://www.ncbi.nlm.nih.gov/geo/query/acc.cgi?acc=GSE154803";16,67;25;50;0;0;50;0;100;0;0;0;0;0;0;0;2;0;0;0;2;0;0;0;0;0;0;0
"https://www.ncbi.nlm.nih.gov/nuccore/MN481964";16,67;25;50;0;0;50;0;100;0;0;0;0;0;0;0;2;0;0;0;2;0;0;0;0;0;0;0
"https://doi.org/10.6084/m9.figshare.14785434";91,67;87,5;100;83,33;100;100;75;100;100;50;100;100;100;100;100;2;2;1;2;2;2;1;2;2;2;2;2
"https://trace.ncbi.nlm.nih.gov/Traces/index.html?view=run_browser&acc=SRR13039593&display=data-access";16,67;25;50;0;0;50;0;100;0;0;0;0;0;0;0;2;0;0;0;2;0;0;0;0;0;0;0
"https://www.ebi.ac.uk/biostudies/studies/S-BSST630";50;62,5;50;50;33,33;50;75;100;0;50;100;0;0;0;100;2;0;1;2;2;0;1;2;0;0;0;2
"https://www.ebi.ac.uk/pride/archive/projects/PXD024800";58,33;62,5;50;50;66,67;50;75;100;0;50;100;0;0;100;100;2;0;1;2;2;0;1;2;0;0;2;2
"https://doi.org/10.5281/zenodo.3478502";91,67;87,5;100;83,33;100;100;75;100;100;50;100;100;100;100;100;2;2;1;2;2;2;1;2;2;2;2;2
"https://www.ncbi.nlm.nih.gov/geo/query/acc.cgi?acc=GSE158038";16,67;25;50;0;0;50;0;100;0;0;0;0;0;0;0;2;0;0;0;2;0;0;0;0;0;0;0
"https://osf.io/qesv4/";70,83;75;100;33,33;83,33;100;50;100;100;50;50;0;100;100;50;2;2;1;1;2;2;1;1;0;2;2;1
"https://www.ncbi.nlm.nih.gov/geo/query/acc.cgi?acc=GSE152915";16,67;25;50;0;0;50;0;100;0;0;0;0;0;0;0;2;0;0;0;2;0;0;0;0;0;0;0
"https://www.ebi.ac.uk/pride/archive/projects/PXD019112";58,33;62,5;50;50;66,67;50;75;100;0;50;100;0;0;100;100;2;0;1;2;2;0;1;2;0;0;2;2
"https://doi.org/10.5281/zenodo.3744152";91,67;87,5;100;83,33;100;100;75;100;100;50;100;100;100;100;100;2;2;1;2;2;2;1;2;2;2;2;2
"https://www.ncbi.nlm.nih.gov/geo/query/acc.cgi?acc=GSE63197";16,67;25;50;0;0;50;0;100;0;0;0;0;0;0;0;2;0;0;0;2;0;0;0;0;0;0;0
"https://trace.ncbi.nlm.nih.gov/Traces/index.html?view=run_browser&acc=SRR10392018&display=data-access";16,67;25;50;0;0;50;0;100;0;0;0;0;0;0;0;2;0;0;0;2;0;0;0;0;0;0;0
"https://www.ncbi.nlm.nih.gov/geo/query/acc.cgi?acc=GSE140929";16,67;25;50;0;0;50;0;100;0;0;0;0;0;0;0;2;0;0;0;2;0;0;0;0;0;0;0
"https://www.ebi.ac.uk/ena/browser/view/PRJEB35529?show=reads";16,67;25;50;0;0;50;0;100;0;0;0;0;0;0;0;2;0;0;0;2;0;0;0;0;0;0;0
"https://doi.org/10.5281/zenodo.3992607";79,17;75;100;66,67;83,33;100;50;100;100;50;50;100;100;100;50;2;2;1;1;2;2;1;1;2;2;2;1
"https://www.ncbi.nlm.nih.gov/geo/query/acc.cgi?acc=GSE169265";16,67;25;50;0;0;50;0;100;0;0;0;0;0;0;0;2;0;0;0;2;0;0;0;0;0;0;0
"https://www.ncbi.nlm.nih.gov/geo/query/acc.cgi?acc=GSE185041";16,67;25;50;0;0;50;0;100;0;0;0;0;0;0;0;2;0;0;0;2;0;0;0;0;0;0;0
"https://doi.org/10.5281/zenodo.4223729";54,17;75;50;33,33;50;100;50;100;0;50;50;0;0;100;50;2;2;1;1;2;0;1;1;0;0;2;1
"https://doi.org/10.25375/uct.9782798";91,67;87,5;100;83,33;100;100;75;100;100;50;100;100;100;100;100;2;2;1;2;2;2;1;2;2;2;2;2
"https://www.ebi.ac.uk/arrayexpress/experiments/E-MTAB-10389/";50;62,5;50;50;33,33;50;75;100;0;50;100;0;0;0;100;2;0;1;2;2;0;1;2;0;0;0;2
"https://www.ebi.ac.uk/pride/archive/projects/PXD025752";58,33;62,5;50;50;66,67;50;75;100;0;50;100;0;0;100;100;2;0;1;2;2;0;1;2;0;0;2;2
"http://dx.doi.org/10.17632/fzcmhhjs76.3";83,33;62,5;100;83,33;100;50;75;100;100;50;100;100;100;100;100;2;0;1;2;2;2;1;2;2;2;2;2
"https://trace.ncbi.nlm.nih.gov/Traces/index.html?view=run_browser&acc=SRR13753728&display=data-access";16,67;25;50;0;0;50;0;100;0;0;0;0;0;0;0;2;0;0;0;2;0;0;0;0;0;0;0
"https://www.ncbi.nlm.nih.gov/geo/query/acc.cgi?acc=GSE148729";16,67;25;50;0;0;50;0;100;0;0;0;0;0;0;0;2;0;0;0;2;0;0;0;0;0;0;0
"https://zenodo.org/record/4031204#.YCpK_S1h1Bw";91,67;87,5;100;83,33;100;100;75;100;100;50;100;100;100;100;100;2;2;1;2;2;2;1;2;2;2;2;2
"https://doi.org/10.17605/OSF.IO/Y2CFM";54,17;75;50;33,33;50;100;50;100;0;50;50;0;0;100;50;2;2;1;1;2;0;1;1;0;0;2;1
"https://www.ebi.ac.uk/arrayexpress/experiments/E-MTAB-8924/";50;62,5;50;50;33,33;50;75;100;0;50;100;0;0;0;100;2;0;1;2;2;0;1;2;0;0;0;2
"https://doi.org/10.5281/zenodo.5141343";91,67;87,5;100;83,33;100;100;75;100;100;50;100;100;100;100;100;2;2;1;2;2;2;1;2;2;2;2;2
"http://dx.doi.org/10.17632/fzcmhhjs76.2";83,33;62,5;100;83,33;100;50;75;100;100;50;100;100;100;100;100;2;0;1;2;2;2;1;2;2;2;2;2
"doi.org/10.17605/osf.io/gs2t5";NA;NA;NA;NA;NA;NA;NA;NA;NA;NA;NA;NA;NA;NA;NA;NA;NA;NA;NA;NA;NA;NA;NA;NA;NA;NA;NA
"https://osf.io/vraun/";70,83;75;100;33,33;83,33;100;50;100;100;50;50;0;100;100;50;2;2;1;1;2;2;1;1;0;2;2;1
"https://www.ebi.ac.uk/biostudies/studies/S-BSST525";50;62,5;50;50;33,33;50;75;100;0;50;100;0;0;0;100;2;0;1;2;2;0;1;2;0;0;0;2
"https://osf.io/3xcdu/?view_only=957edc6293894497ba7aaf5bb8fc8205";37,5;50;50;33,33;16,67;50;50;100;0;50;50;0;0;0;50;2;0;1;1;2;0;1;1;0;0;0;1
"https://www.ncbi.nlm.nih.gov/geo/query/acc.cgi?acc=GSE178959";16,67;25;50;0;0;50;0;100;0;0;0;0;0;0;0;2;0;0;0;2;0;0;0;0;0;0;0
"https://osf.io/5xq9p/";54,17;75;50;33,33;50;100;50;100;0;50;50;0;0;100;50;2;2;1;1;2;0;1;1;0;0;2;1
"http://doi.org/10.2210/pdb7PIV/pdb";16,67;25;50;0;0;50;0;100;0;0;0;0;0;0;0;2;0;0;0;2;0;0;0;0;0;0;0
"https://www.ebi.ac.uk/emdb/EMD-13454";50;62,5;50;50;33,33;50;75;100;0;50;100;0;0;0;100;2;0;1;2;2;0;1;2;0;0;0;2
"https://www.ncbi.nlm.nih.gov/nuccore/NM_020971.3?report=graph&mk=3375|NM_020971.3:c.3375_3393del|green";16,67;25;50;0;0;50;0;100;0;0;0;0;0;0;0;2;0;0;0;2;0;0;0;0;0;0;0
"https://trace.ncbi.nlm.nih.gov/Traces/index.html?view=run_browser&acc=SRR14368488&display=data-access";16,67;25;50;0;0;50;0;100;0;0;0;0;0;0;0;2;0;0;0;2;0;0;0;0;0;0;0
"https://github.com/dieterich-lab/ComparisonOfMetabolicLabeling/tree/master/pulseRTc/results/slam/data";37,5;50;50;33,33;16,67;50;50;100;0;50;50;0;0;0;50;2;0;1;1;2;0;1;1;0;0;0;1
"http://doi.org/10.17605/OSF.IO/GUPBF";54,17;75;50;33,33;50;100;50;100;0;50;50;0;0;100;50;2;2;1;1;2;0;1;1;0;0;2;1
"https://www.ncbi.nlm.nih.gov/geo/query/acc.cgi?acc=GSE140383";16,67;25;50;0;0;50;0;100;0;0;0;0;0;0;0;2;0;0;0;2;0;0;0;0;0;0;0
"https://doi.org/doi:10.25345/C58D7S";16,67;25;50;0;0;50;0;100;0;0;0;0;0;0;0;2;0;0;0;2;0;0;0;0;0;0;0
"https://www.ncbi.nlm.nih.gov/geo/query/acc.cgi?acc=GSE150305";16,67;25;50;0;0;50;0;100;0;0;0;0;0;0;0;2;0;0;0;2;0;0;0;0;0;0;0
"https://www.ebi.ac.uk/gwas/studies/GCST90027163";16,67;25;50;0;0;50;0;100;0;0;0;0;0;0;0;2;0;0;0;2;0;0;0;0;0;0;0
"https://www.ncbi.nlm.nih.gov/geo/query/acc.cgi?acc=GSE157486";16,67;25;50;0;0;50;0;100;0;0;0;0;0;0;0;2;0;0;0;2;0;0;0;0;0;0;0
"https://www.ncbi.nlm.nih.gov/geo/query/acc.cgi?acc=GSE156478";16,67;25;50;0;0;50;0;100;0;0;0;0;0;0;0;2;0;0;0;2;0;0;0;0;0;0;0
"https://www.ncbi.nlm.nih.gov/geo/query/acc.cgi?acc=GSE165580";16,67;25;50;0;0;50;0;100;0;0;0;0;0;0;0;2;0;0;0;2;0;0;0;0;0;0;0
"https://trace.ncbi.nlm.nih.gov/Traces/?view=run_browser&acc=SRR15817216&display=data-access";16,67;25;50;0;0;50;0;100;0;0;0;0;0;0;0;2;0;0;0;2;0;0;0;0;0;0;0
"https://doi.org/10.5281/zenodo.3527540";91,67;87,5;100;83,33;100;100;75;100;100;50;100;100;100;100;100;2;2;1;2;2;2;1;2;2;2;2;2
"https://trace.ncbi.nlm.nih.gov/Traces/?view=run_browser&acc=SRR12880623&display=data-access";16,67;25;50;0;0;50;0;100;0;0;0;0;0;0;0;2;0;0;0;2;0;0;0;0;0;0;0
"https://www.ebi.ac.uk/arrayexpress/experiments/E-MTAB-10478/";50;62,5;50;50;33,33;50;75;100;0;50;100;0;0;0;100;2;0;1;2;2;0;1;2;0;0;0;2
"https://www.deciphergenomics.org/patient/427511/overview/general";16,67;25;50;0;0;50;0;100;0;0;0;0;0;0;0;2;0;0;0;2;0;0;0;0;0;0;0
"https://www.ebi.ac.uk/arrayexpress/experiments/E-MTAB-10633/";50;62,5;50;50;33,33;50;75;100;0;50;100;0;0;0;100;2;0;1;2;2;0;1;2;0;0;0;2
"https://www.ncbi.nlm.nih.gov/geo/query/acc.cgi?acc=GSE182004";8,33;0;50;0;0;0;0;100;0;0;0;0;0;0;0;0;0;0;0;2;0;0;0;0;0;0;0
"https://www.ebi.ac.uk/ena/browser/view/PRJEB32775";16,67;25;50;0;0;50;0;100;0;0;0;0;0;0;0;2;0;0;0;2;0;0;0;0;0;0;0
"http://doi.org/10.17632/mtd59df24s.2";83,33;62,5;100;83,33;100;50;75;100;100;50;100;100;100;100;100;2;0;1;2;2;2;1;2;2;2;2;2
"https://trace.ncbi.nlm.nih.gov/Traces/?view=run_browser&acc=SRR14573783&display=metadata";16,67;25;50;0;0;50;0;100;0;0;0;0;0;0;0;2;0;0;0;2;0;0;0;0;0;0;0
"https://data.mendeley.com/datasets/mkz6jfywmd/1";83,33;62,5;100;83,33;100;50;75;100;100;50;100;100;100;100;100;2;0;1;2;2;2;1;2;2;2;2;2
"https://www.ebi.ac.uk/pride/archive/projects/PXD018244";58,33;62,5;50;50;66,67;50;75;100;0;50;100;0;0;100;100;2;0;1;2;2;0;1;2;0;0;2;2
"https://doi.org/10.18112/openneuro.ds003716.v1.0.0";83,33;87,5;100;50;100;100;75;100;100;50;100;0;100;100;100;2;2;1;2;2;2;1;2;0;2;2;2
"https://www.ncbi.nlm.nih.gov/geo/query/acc.cgi?acc=GSE109600";16,67;25;50;0;0;50;0;100;0;0;0;0;0;0;0;2;0;0;0;2;0;0;0;0;0;0;0
"https://www.ncbi.nlm.nih.gov/geo/query/acc.cgi?acc=GSE140686";16,67;25;50;0;0;50;0;100;0;0;0;0;0;0;0;2;0;0;0;2;0;0;0;0;0;0;0
"https://www.ncbi.nlm.nih.gov/geo/query/acc.cgi?acc=GSE165329";16,67;25;50;0;0;50;0;100;0;0;0;0;0;0;0;2;0;0;0;2;0;0;0;0;0;0;0
"https://www.ncbi.nlm.nih.gov/geo/query/acc.cgi?acc=GSE112658";16,67;25;50;0;0;50;0;100;0;0;0;0;0;0;0;2;0;0;0;2;0;0;0;0;0;0;0
"https://www.ebi.ac.uk/ena/browser/view/ERX2579784?show=reads";16,67;25;50;0;0;50;0;100;0;0;0;0;0;0;0;2;0;0;0;2;0;0;0;0;0;0;0
"https://www.ncbi.nlm.nih.gov/geo/query/acc.cgi?acc=GSE58211";16,67;25;50;0;0;50;0;100;0;0;0;0;0;0;0;2;0;0;0;2;0;0;0;0;0;0;0
"https://www.ebi.ac.uk/pride/archive/projects/PXD004608";58,33;62,5;50;50;66,67;50;75;100;0;50;100;0;0;100;100;2;0;1;2;2;0;1;2;0;0;2;2
"https://www.ncbi.nlm.nih.gov/geo/query/acc.cgi?acc=GSM3608793";16,67;25;50;0;0;50;0;100;0;0;0;0;0;0;0;2;0;0;0;2;0;0;0;0;0;0;0
"https://www.ncbi.nlm.nih.gov/geo/query/acc.cgi?acc=GSE183598";16,67;25;50;0;0;50;0;100;0;0;0;0;0;0;0;2;0;0;0;2;0;0;0;0;0;0;0
"https://www.ebi.ac.uk/pride/archive/projects/PXD023889";58,33;62,5;50;50;66,67;50;75;100;0;50;100;0;0;100;100;2;0;1;2;2;0;1;2;0;0;2;2
"https://www.ncbi.nlm.nih.gov/geo/query/acc.cgi?acc=GSE149025";16,67;25;50;0;0;50;0;100;0;0;0;0;0;0;0;2;0;0;0;2;0;0;0;0;0;0;0
"https://doi.org/10.6084/m9.figshare.12382685.v1";91,67;87,5;100;83,33;100;100;75;100;100;50;100;100;100;100;100;2;2;1;2;2;2;1;2;2;2;2;2
"https://www.ncbi.nlm.nih.gov/geo/query/acc.cgi?acc=GSE181457";16,67;25;50;0;0;50;0;100;0;0;0;0;0;0;0;2;0;0;0;2;0;0;0;0;0;0;0
"https://www.ncbi.nlm.nih.gov/nuccore/mt094341";16,67;25;50;0;0;50;0;100;0;0;0;0;0;0;0;2;0;0;0;2;0;0;0;0;0;0;0
"https://trace.ncbi.nlm.nih.gov/Traces/?view=run_browser&acc=SRR12749894&display=data-access";16,67;25;50;0;0;50;0;100;0;0;0;0;0;0;0;2;0;0;0;2;0;0;0;0;0;0;0
"https://www.ebi.ac.uk/pride/archive/projects/PXD022709";58,33;62,5;50;50;66,67;50;75;100;0;50;100;0;0;100;100;2;0;1;2;2;0;1;2;0;0;2;2
"https://osf.io/q23ce/";54,17;75;50;33,33;50;100;50;100;0;50;50;0;0;100;50;2;2;1;1;2;0;1;1;0;0;2;1
"https://www.ncbi.nlm.nih.gov/geo/query/acc.cgi?acc=GSE141504";16,67;25;50;0;0;50;0;100;0;0;0;0;0;0;0;2;0;0;0;2;0;0;0;0;0;0;0
"http://doi.org/10.2210/pdb7BL2/pdb";16,67;25;50;0;0;50;0;100;0;0;0;0;0;0;0;2;0;0;0;2;0;0;0;0;0;0;0
"https://www.ebi.ac.uk/pride/archive/projects/PXD021374";58,33;62,5;50;50;66,67;50;75;100;0;50;100;0;0;100;100;2;0;1;2;2;0;1;2;0;0;2;2
"https://dx.doi.org/10.17632/g2ghpnf4zk.1";83,33;62,5;100;83,33;100;50;75;100;100;50;100;100;100;100;100;2;0;1;2;2;2;1;2;2;2;2;2
"https://www.ebi.ac.uk/pride/archive/projects/PXD011715";58,33;62,5;50;50;66,67;50;75;100;0;50;100;0;0;100;100;2;0;1;2;2;0;1;2;0;0;2;2
"https://www.ebi.ac.uk/arrayexpress/experiments/E-MTAB-6588/";50;62,5;50;50;33,33;50;75;100;0;50;100;0;0;0;100;2;0;1;2;2;0;1;2;0;0;0;2
"https://www.ncbi.nlm.nih.gov/geo/query/acc.cgi?acc=GSE171099";16,67;25;50;0;0;50;0;100;0;0;0;0;0;0;0;2;0;0;0;2;0;0;0;0;0;0;0
"http://doi.org/10.17605/OSF.IO/6K7VN";79,17;75;100;66,67;83,33;100;50;100;100;50;50;100;100;100;50;2;2;1;1;2;2;1;1;2;2;2;1
"https://doi.org/10.5281/zenodo.4670433";54,17;75;50;33,33;50;100;50;100;0;50;50;0;0;100;50;2;2;1;1;2;0;1;1;0;0;2;1
"https://www.ncbi.nlm.nih.gov/geo/query/acc.cgi?acc=GSE158577";16,67;25;50;0;0;50;0;100;0;0;0;0;0;0;0;2;0;0;0;2;0;0;0;0;0;0;0
"https://doi.org/10.5281/zenodo.4945655";54,17;75;50;33,33;50;100;50;100;0;50;50;0;0;100;50;2;2;1;1;2;0;1;1;0;0;2;1
"https://www.ncbi.nlm.nih.gov/geo/query/acc.cgi?acc=GSE160672";16,67;25;50;0;0;50;0;100;0;0;0;0;0;0;0;2;0;0;0;2;0;0;0;0;0;0;0
"https://www.ncbi.nlm.nih.gov/geo/query/acc.cgi?acc=GSE40589";16,67;25;50;0;0;50;0;100;0;0;0;0;0;0;0;2;0;0;0;2;0;0;0;0;0;0;0
"https://doi.org/doi:10.25345/C5VG6C";16,67;25;50;0;0;50;0;100;0;0;0;0;0;0;0;2;0;0;0;2;0;0;0;0;0;0;0
"https://gnps.ucsd.edu/ProteoSAFe/status.jsp?task=628bd0896fad4eae91f6be5f12373d25";16,67;25;50;0;0;50;0;100;0;0;0;0;0;0;0;2;0;0;0;2;0;0;0;0;0;0;0
"https://www.ebi.ac.uk/pride/archive/projects/PXD011771";58,33;62,5;50;50;66,67;50;75;100;0;50;100;0;0;100;100;2;0;1;2;2;0;1;2;0;0;2;2
"https://www.ncbi.nlm.nih.gov/geo/query/acc.cgi?acc=gse160097";16,67;25;50;0;0;50;0;100;0;0;0;0;0;0;0;2;0;0;0;2;0;0;0;0;0;0;0
"https://www.ebi.ac.uk/arrayexpress/experiments/E-MTAB-7680/";50;62,5;50;50;33,33;50;75;100;0;50;100;0;0;0;100;2;0;1;2;2;0;1;2;0;0;0;2
"https://doi.org/10.5281/zenodo.3479558";91,67;87,5;100;83,33;100;100;75;100;100;50;100;100;100;100;100;2;2;1;2;2;2;1;2;2;2;2;2
"https://www.ebi.ac.uk/pride/archive/projects/PXD028005";58,33;62,5;50;50;66,67;50;75;100;0;50;100;0;0;100;100;2;0;1;2;2;0;1;2;0;0;2;2
"http://doi.org/10.17605/OSF.IO/PTJBN";79,17;75;100;66,67;83,33;100;50;100;100;50;50;100;100;100;50;2;2;1;1;2;2;1;1;2;2;2;1
"https://www.ebi.ac.uk/pride/archive/projects/PXD014740";58,33;62,5;50;50;66,67;50;75;100;0;50;100;0;0;100;100;2;0;1;2;2;0;1;2;0;0;2;2
"https://www.ncbi.nlm.nih.gov/geo/query/acc.cgi?acc=GSE136199";16,67;25;50;0;0;50;0;100;0;0;0;0;0;0;0;2;0;0;0;2;0;0;0;0;0;0;0
"https://www.rcsb.org/structure/6SWA";50;62,5;50;50;33,33;50;75;100;0;50;100;0;0;0;100;2;0;1;2;2;0;1;2;0;0;0;2
"https://www.ebi.ac.uk/emdb/EMD-10321";50;62,5;50;50;33,33;50;75;100;0;50;100;0;0;0;100;2;0;1;2;2;0;1;2;0;0;0;2
"https://github.com/grundm/graphCA/blob/master/analysis/behavior/nt_trials.txt";37,5;50;50;33,33;16,67;50;50;100;0;50;50;0;0;0;50;2;0;1;1;2;0;1;1;0;0;0;1
"https://www.ncbi.nlm.nih.gov/geo/query/acc.cgi?acc=GSE184895";16,67;25;50;0;0;50;0;100;0;0;0;0;0;0;0;2;0;0;0;2;0;0;0;0;0;0;0
"https://www.ebi.ac.uk/arrayexpress/experiments/E-MTAB-9067/";50;62,5;50;50;33,33;50;75;100;0;50;100;0;0;0;100;2;0;1;2;2;0;1;2;0;0;0;2
"http://dx.doi.org/10.2210/pdb7o6x/pdb";16,67;25;50;0;0;50;0;100;0;0;0;0;0;0;0;2;0;0;0;2;0;0;0;0;0;0;0
"https://doi.org/10.23729/4d448eb0-c6ef-4b7d-a557-3758f5f68d47";16,67;25;50;0;0;50;0;100;0;0;0;0;0;0;0;2;0;0;0;2;0;0;0;0;0;0;0
"https://doi.org/10.17605/OSF.IO/RUJWA";54,17;75;50;33,33;50;100;50;100;0;50;50;0;0;100;50;2;2;1;1;2;0;1;1;0;0;2;1
"https://www.ccdc.cam.ac.uk/structures/Search?Ccdcid=2033292&DatabaseToSearch=Published";16,67;25;50;0;0;50;0;100;0;0;0;0;0;0;0;2;0;0;0;2;0;0;0;0;0;0;0
"https://www.ncbi.nlm.nih.gov/geo/query/acc.cgi?acc=GSE166420";16,67;25;50;0;0;50;0;100;0;0;0;0;0;0;0;2;0;0;0;2;0;0;0;0;0;0;0
"https://flowrepository.org/id/FR-FCM-Z3G7";NA;NA;NA;NA;NA;NA;NA;NA;NA;NA;NA;NA;NA;NA;NA;NA;NA;NA;NA;NA;NA;NA;NA;NA;NA;NA;NA
"https://doi.org/10.6084/m9.figshare.14166983";50;62,5;50;50;33,33;50;75;100;0;50;100;0;0;0;100;2;0;1;2;2;0;1;2;0;0;0;2
"https://www.ncbi.nlm.nih.gov/nuccore/MW582527";16,67;25;50;0;0;50;0;100;0;0;0;0;0;0;0;2;0;0;0;2;0;0;0;0;0;0;0
"https://doi.org/10.6084/m9.figshare.14393600";91,67;87,5;100;83,33;100;100;75;100;100;50;100;100;100;100;100;2;2;1;2;2;2;1;2;2;2;2;2
"https://www.ebi.ac.uk/arrayexpress/experiments/E-MTAB-8746/";50;62,5;50;50;33,33;50;75;100;0;50;100;0;0;0;100;2;0;1;2;2;0;1;2;0;0;0;2
"https://osf.io/w8h2q/";70,83;75;100;33,33;83,33;100;50;100;100;50;50;0;100;100;50;2;2;1;1;2;2;1;1;0;2;2;1
"https://trace.ncbi.nlm.nih.gov/Traces/?view=run_browser&acc=ERR4778373&display=metadata";16,67;25;50;0;0;50;0;100;0;0;0;0;0;0;0;2;0;0;0;2;0;0;0;0;0;0;0
"https://github.com/wan-yang/flu-subtropic-climate-models/tree/main/data_climate";37,5;50;50;33,33;16,67;50;50;100;0;50;50;0;0;0;50;2;0;1;1;2;0;1;1;0;0;0;1
"https://figshare.com/articles/dataset/S1_File_-/14441052";83,33;87,5;100;50;100;100;75;100;100;50;100;0;100;100;100;2;2;1;2;2;2;1;2;0;2;2;2
"https://www.sasbdb.org/data/SASDKW8/";16,67;25;50;0;0;50;0;100;0;0;0;0;0;0;0;2;0;0;0;2;0;0;0;0;0;0;0
"https://www.ebi.ac.uk/pride/archive/projects/PXD027257";58,33;62,5;50;50;66,67;50;75;100;0;50;100;0;0;100;100;2;0;1;2;2;0;1;2;0;0;2;2
"https://www.ebi.ac.uk/arrayexpress/experiments/E-MTAB-10788/";50;62,5;50;50;33,33;50;75;100;0;50;100;0;0;0;100;2;0;1;2;2;0;1;2;0;0;0;2
"https://github.com/lveaor/Umbrella-review-2021/blob/main/Table_for_script.xlsx";37,5;50;50;33,33;16,67;50;50;100;0;50;50;0;0;0;50;2;0;1;1;2;0;1;1;0;0;0;1
"https://github.com/agschlagenhauf/qMRI/tree/main/data";37,5;50;50;33,33;16,67;50;50;100;0;50;50;0;0;0;50;2;0;1;1;2;0;1;1;0;0;0;1
"https://www.ncbi.nlm.nih.gov/geo/query/acc.cgi?acc=GSE171965";16,67;25;50;0;0;50;0;100;0;0;0;0;0;0;0;2;0;0;0;2;0;0;0;0;0;0;0
"https://www.addgene.org/137191/";16,67;25;50;0;0;50;0;100;0;0;0;0;0;0;0;2;0;0;0;2;0;0;0;0;0;0;0
"https://trace.ncbi.nlm.nih.gov/Traces/sra/?run=SRR16549034";16,67;25;50;0;0;50;0;100;0;0;0;0;0;0;0;2;0;0;0;2;0;0;0;0;0;0;0
"https://github.com/arx-deidentifier/genetic-benchmark/tree/master/data";37,5;50;50;33,33;16,67;50;50;100;0;50;50;0;0;0;50;2;0;1;1;2;0;1;1;0;0;0;1
"https://doi.org/10.6084/m9.figshare.14573082";91,67;87,5;100;83,33;100;100;75;100;100;50;100;100;100;100;100;2;2;1;2;2;2;1;2;2;2;2;2
"https://doi.org/10.17632/f9vm3c4d7v.1";83,33;62,5;100;83,33;100;50;75;100;100;50;100;100;100;100;100;2;0;1;2;2;2;1;2;2;2;2;2
"https://doi.org/10.6084/m9.figshare.15179134.v1";50;62,5;50;50;33,33;50;75;100;0;50;100;0;0;0;100;2;0;1;2;2;0;1;2;0;0;0;2
"https://dx.doi.org/10.17632/btchxktzyw";83,33;62,5;100;83,33;100;50;75;100;100;50;100;100;100;100;100;2;0;1;2;2;2;1;2;2;2;2;2
"https://www.ncbi.nlm.nih.gov/bioproject/PRJNA680013";16,67;25;50;0;0;50;0;100;0;0;0;0;0;0;0;2;0;0;0;2;0;0;0;0;0;0;0
"https://doi.org/10.6084/m9.figshare.13318754";91,67;87,5;100;83,33;100;100;75;100;100;50;100;100;100;100;100;2;2;1;2;2;2;1;2;2;2;2;2
"https://doi.org/10.17605/OSF.IO/CDBHN";79,17;75;100;66,67;83,33;100;50;100;100;50;50;100;100;100;50;2;2;1;1;2;2;1;1;2;2;2;1
"10.5281/zenodo.4454489";NA;NA;NA;NA;NA;NA;NA;NA;NA;NA;NA;NA;NA;NA;NA;NA;NA;NA;NA;NA;NA;NA;NA;NA;NA;NA;NA
"http://www.addgene.org/129027/";16,67;25;50;0;0;50;0;100;0;0;0;0;0;0;0;2;0;0;0;2;0;0;0;0;0;0;0
"https://osf.io/3u62p/";54,17;75;50;33,33;50;100;50;100;0;50;50;0;0;100;50;2;2;1;1;2;0;1;1;0;0;2;1
"doi.org/10.17605/OSF.IO/BTWNQ";NA;NA;NA;NA;NA;NA;NA;NA;NA;NA;NA;NA;NA;NA;NA;NA;NA;NA;NA;NA;NA;NA;NA;NA;NA;NA;NA
"https://doi.org/10.5281/zenodo.3922212";91,67;87,5;100;83,33;100;100;75;100;100;50;100;100;100;100;100;2;2;1;2;2;2;1;2;2;2;2;2
"https://doi.org/10.5281/zenodo.5746691";62,5;75;50;66,67;50;100;50;100;0;50;50;100;0;100;50;2;2;1;1;2;0;1;1;2;0;2;1
"https://github.com/MarisaIsabell/CF-lung-microbiome-longitudinal-development/tree/master/data";37,5;50;50;33,33;16,67;50;50;100;0;50;50;0;0;0;50;2;0;1;1;2;0;1;1;0;0;0;1
"https://www.ebi.ac.uk/ena/browser/view/PRJEB44368?show=reads";16,67;25;50;0;0;50;0;100;0;0;0;0;0;0;0;2;0;0;0;2;0;0;0;0;0;0;0
"https://www.ncbi.nlm.nih.gov/geo/query/acc.cgi?acc=GSE158743";16,67;25;50;0;0;50;0;100;0;0;0;0;0;0;0;2;0;0;0;2;0;0;0;0;0;0;0
"https://doi.org/10.6084/m9.figshare.16573481.v1";50;62,5;50;50;33,33;50;75;100;0;50;100;0;0;0;100;2;0;1;2;2;0;1;2;0;0;0;2
"https://github.com/BernardoGG/SARS-CoV-2_Genomic_lineages_Ecuador/tree/master/Data";37,5;50;50;33,33;16,67;50;50;100;0;50;50;0;0;0;50;2;0;1;1;2;0;1;1;0;0;0;1
"https://www.ebi.ac.uk/ena/browser/view/ERR7057540?show=reads";16,67;25;50;0;0;50;0;100;0;0;0;0;0;0;0;2;0;0;0;2;0;0;0;0;0;0;0
"https://github.com/FunDyn/VirtualCohorts";37,5;50;50;33,33;16,67;50;50;100;0;50;50;0;0;0;50;2;0;1;1;2;0;1;1;0;0;0;1
"doi.org/10.11588/data/KXTQTZ";NA;NA;NA;NA;NA;NA;NA;NA;NA;NA;NA;NA;NA;NA;NA;NA;NA;NA;NA;NA;NA;NA;NA;NA;NA;NA;NA
"https://doi.org/10.17605/OSF.IO/YJ5CA";79,17;75;100;66,67;83,33;100;50;100;100;50;50;100;100;100;50;2;2;1;1;2;2;1;1;2;2;2;1
"https://github.com/saezlab/combiMS/tree/master/data/phosphos_raw_clean";37,5;50;50;33,33;16,67;50;50;100;0;50;50;0;0;0;50;2;0;1;1;2;0;1;1;0;0;0;1
"10.5281/zenodo.4640140";NA;NA;NA;NA;NA;NA;NA;NA;NA;NA;NA;NA;NA;NA;NA;NA;NA;NA;NA;NA;NA;NA;NA;NA;NA;NA;NA
"https://www.ebi.ac.uk/gwas/studies/GCST90044763";16,67;25;50;0;0;50;0;100;0;0;0;0;0;0;0;2;0;0;0;2;0;0;0;0;0;0;0
"https://www.ncbi.nlm.nih.gov/geo/query/acc.cgi?acc=gse173610";16,67;25;50;0;0;50;0;100;0;0;0;0;0;0;0;2;0;0;0;2;0;0;0;0;0;0;0
"https://dx.doi.org/10.17632/5fpk9g52rw.1";83,33;62,5;100;83,33;100;50;75;100;100;50;100;100;100;100;100;2;0;1;2;2;2;1;2;2;2;2;2
"https://www.ebi.ac.uk/metabolights/MTBLS2840/files";16,67;25;50;0;0;50;0;100;0;0;0;0;0;0;0;2;0;0;0;2;0;0;0;0;0;0;0
"https://www.ncbi.nlm.nih.gov/geo/query/acc.cgi?acc=GSE162208";16,67;25;50;0;0;50;0;100;0;0;0;0;0;0;0;2;0;0;0;2;0;0;0;0;0;0;0
"https://www.ebi.ac.uk/pride/archive/projects/PXD025164";58,33;62,5;50;50;66,67;50;75;100;0;50;100;0;0;100;100;2;0;1;2;2;0;1;2;0;0;2;2
"https://www.ncbi.nlm.nih.gov/geo/query/acc.cgi?acc=GSE153403";16,67;25;50;0;0;50;0;100;0;0;0;0;0;0;0;2;0;0;0;2;0;0;0;0;0;0;0
"https://www.ncbi.nlm.nih.gov/geo/query/acc.cgi?acc=GSE173378";16,67;25;50;0;0;50;0;100;0;0;0;0;0;0;0;2;0;0;0;2;0;0;0;0;0;0;0
"http://www.ebi.ac.uk/ena/data/view/PRJEB38096";16,67;25;50;0;0;50;0;100;0;0;0;0;0;0;0;2;0;0;0;2;0;0;0;0;0;0;0
"https://www.ncbi.nlm.nih.gov/geo/query/acc.cgi?acc=GSE175668";16,67;25;50;0;0;50;0;100;0;0;0;0;0;0;0;2;0;0;0;2;0;0;0;0;0;0;0
"https://www.ncbi.nlm.nih.gov/nuccore/2085340607";0;0;0;0;0;0;0;0;0;0;0;0;0;0;0;0;0;0;0;0;0;0;0;0;0;0;0
"https://figshare.com/articles/dataset/S1_Dataset_-/14749705";83,33;87,5;100;50;100;100;75;100;100;50;100;0;100;100;100;2;2;1;2;2;2;1;2;0;2;2;2
"https://dx.doi.org/10.17617/3.5k";79,17;75;100;66,67;83,33;100;50;100;100;50;50;100;100;100;50;2;2;1;1;2;2;1;1;2;2;2;1
"https://www.ebi.ac.uk/ena/browser/view/PRJEB37553?show=reads";16,67;25;50;0;0;50;0;100;0;0;0;0;0;0;0;2;0;0;0;2;0;0;0;0;0;0;0
"https://www.ncbi.nlm.nih.gov/geo/query/acc.cgi?acc=GSE89888";16,67;25;50;0;0;50;0;100;0;0;0;0;0;0;0;2;0;0;0;2;0;0;0;0;0;0;0
"https://osf.io/5d8vu/";54,17;75;50;33,33;50;100;50;100;0;50;50;0;0;100;50;2;2;1;1;2;0;1;1;0;0;2;1
"https://www.ncbi.nlm.nih.gov/nuccore/MZ389693";16,67;25;50;0;0;50;0;100;0;0;0;0;0;0;0;2;0;0;0;2;0;0;0;0;0;0;0
"https://www.ncbi.nlm.nih.gov/geo/query/acc.cgi?acc=GSE190365";16,67;25;50;0;0;50;0;100;0;0;0;0;0;0;0;2;0;0;0;2;0;0;0;0;0;0;0
"https://massive.ucsd.edu/ProteoSAFe/dataset.jsp?task=2ae5c0457a3f4e9196365f9448657b59";16,67;25;50;0;0;50;0;100;0;0;0;0;0;0;0;2;0;0;0;2;0;0;0;0;0;0;0
"https://www.ebi.ac.uk/pride/archive/projects/PXD018674";58,33;62,5;50;50;66,67;50;75;100;0;50;100;0;0;100;100;2;0;1;2;2;0;1;2;0;0;2;2
"https://www.ebi.ac.uk/ena/browser/view/PRJEB42732?show=reads";16,67;25;50;0;0;50;0;100;0;0;0;0;0;0;0;2;0;0;0;2;0;0;0;0;0;0;0
"https://www.ncbi.nlm.nih.gov/nuccore/MW002785";16,67;25;50;0;0;50;0;100;0;0;0;0;0;0;0;2;0;0;0;2;0;0;0;0;0;0;0
"https://www.ebi.ac.uk/emdb/EMD-23469";50;62,5;50;50;33,33;50;75;100;0;50;100;0;0;0;100;2;0;1;2;2;0;1;2;0;0;0;2
"https://www.rcsb.org/structure/7LM8";50;62,5;50;50;33,33;50;75;100;0;50;100;0;0;0;100;2;0;1;2;2;0;1;2;0;0;0;2
"https://github.com/athieffry/T1International-OoPE-survey-2020/tree/main/1a%20-%20Raw%20Data/survey";37,5;50;50;33,33;16,67;50;50;100;0;50;50;0;0;0;50;2;0;1;1;2;0;1;1;0;0;0;1
"https://trace.ncbi.nlm.nih.gov/Traces/?view=run_browser&acc=SRR12130588&display=metadata";16,67;25;50;0;0;50;0;100;0;0;0;0;0;0;0;2;0;0;0;2;0;0;0;0;0;0;0
"https://www.ncbi.nlm.nih.gov/geo/query/acc.cgi?acc=GSE173204";16,67;25;50;0;0;50;0;100;0;0;0;0;0;0;0;2;0;0;0;2;0;0;0;0;0;0;0
"https://www.ebi.ac.uk/pride/archive/projects/PXD027109";58,33;62,5;50;50;66,67;50;75;100;0;50;100;0;0;100;100;2;0;1;2;2;0;1;2;0;0;2;2
"https://www.ncbi.nlm.nih.gov/geo/query/acc.cgi?acc=GSE157820";16,67;25;50;0;0;50;0;100;0;0;0;0;0;0;0;2;0;0;0;2;0;0;0;0;0;0;0
"https://osf.io/y8dfw/";54,17;75;50;33,33;50;100;50;100;0;50;50;0;0;100;50;2;2;1;1;2;0;1;1;0;0;2;1
"https://www.ncbi.nlm.nih.gov/nuccore/OK239717";16,67;25;50;0;0;50;0;100;0;0;0;0;0;0;0;2;0;0;0;2;0;0;0;0;0;0;0
"https://www.ncbi.nlm.nih.gov/geo/query/acc.cgi?acc=GSE167358";16,67;25;50;0;0;50;0;100;0;0;0;0;0;0;0;2;0;0;0;2;0;0;0;0;0;0;0
"https://www.ncbi.nlm.nih.gov/geo/query/acc.cgi?acc=GSE173610";16,67;25;50;0;0;50;0;100;0;0;0;0;0;0;0;2;0;0;0;2;0;0;0;0;0;0;0
"https://doi.org/10.7910/DVN/CQHHEH";79,17;75;100;66,67;83,33;100;50;100;100;50;50;100;100;100;50;2;2;1;1;2;2;1;1;2;2;2;1
"https://www.ncbi.nlm.nih.gov/geo/query/acc.cgi?acc=GSE159082";16,67;25;50;0;0;50;0;100;0;0;0;0;0;0;0;2;0;0;0;2;0;0;0;0;0;0;0
"https://doi.org/10.17632/5n8df8jvk4.1";83,33;62,5;100;83,33;100;50;75;100;100;50;100;100;100;100;100;2;0;1;2;2;2;1;2;2;2;2;2
"https://www.ncbi.nlm.nih.gov/geo/query/acc.cgi?acc=GSE185624";16,67;25;50;0;0;50;0;100;0;0;0;0;0;0;0;2;0;0;0;2;0;0;0;0;0;0;0
"http://doi.org/10.2210/pdb7OW1/pdb";16,67;25;50;0;0;50;0;100;0;0;0;0;0;0;0;2;0;0;0;2;0;0;0;0;0;0;0
"https://www.ebi.ac.uk/metabolights/MTBLS284/descriptors";16,67;25;50;0;0;50;0;100;0;0;0;0;0;0;0;2;0;0;0;2;0;0;0;0;0;0;0
"https://github.com/csi-hamburg/WAKE-UP-preserved-SC/tree/main/code/statistics_R";37,5;50;50;33,33;16,67;50;50;100;0;50;50;0;0;0;50;2;0;1;1;2;0;1;1;0;0;0;1
"https://www.pgscatalog.org/score/PGS000886/";16,67;25;50;0;0;50;0;100;0;0;0;0;0;0;0;2;0;0;0;2;0;0;0;0;0;0;0
"http://csg.sph.umich.edu/willer/public/glgc-lipids2021/";16,67;25;50;0;0;50;0;100;0;0;0;0;0;0;0;2;0;0;0;2;0;0;0;0;0;0;0
"https://www.ncbi.nlm.nih.gov/geo/query/acc.cgi?acc=GSE94452";16,67;25;50;0;0;50;0;100;0;0;0;0;0;0;0;2;0;0;0;2;0;0;0;0;0;0;0
"https://osf.io/bc58f/";70,83;75;100;33,33;83,33;100;50;100;100;50;50;0;100;100;50;2;2;1;1;2;2;1;1;0;2;2;1
"https://github.com/fsera/COVIDWeather/blob/main/mcc_covid_temp_data.csv";37,5;50;50;33,33;16,67;50;50;100;0;50;50;0;0;0;50;2;0;1;1;2;0;1;1;0;0;0;1
"https://www.ebi.ac.uk/gwas/studies/GCST004415";16,67;25;50;0;0;50;0;100;0;0;0;0;0;0;0;2;0;0;0;2;0;0;0;0;0;0;0
"https://doi.org/10.5281/zenodo.3572799";91,67;87,5;100;83,33;100;100;75;100;100;50;100;100;100;100;100;2;2;1;2;2;2;1;2;2;2;2;2
"https://www.ebi.ac.uk/biostudies/arrayexpress/studies/E-MTAB-10432";50;62,5;50;50;33,33;50;75;100;0;50;100;0;0;0;100;2;0;1;2;2;0;1;2;0;0;0;2
"https://www.ebi.ac.uk/ena/browser/view/PRJEB39208";16,67;25;50;0;0;50;0;100;0;0;0;0;0;0;0;2;0;0;0;2;0;0;0;0;0;0;0
"https://www.ebi.ac.uk/arrayexpress/experiments/E-MTAB-10163/";50;62,5;50;50;33,33;50;75;100;0;50;100;0;0;0;100;2;0;1;2;2;0;1;2;0;0;0;2
"https://www.ncbi.nlm.nih.gov/geo/query/acc.cgi?acc=GSE158916";16,67;25;50;0;0;50;0;100;0;0;0;0;0;0;0;2;0;0;0;2;0;0;0;0;0;0;0
"https://www.ncbi.nlm.nih.gov/geo/query/acc.cgi?acc=GSE181599";16,67;25;50;0;0;50;0;100;0;0;0;0;0;0;0;2;0;0;0;2;0;0;0;0;0;0;0
"https://www.ebi.ac.uk/pride/archive/projects/PXD018345";58,33;62,5;50;50;66,67;50;75;100;0;50;100;0;0;100;100;2;0;1;2;2;0;1;2;0;0;2;2
"https://www.ebi.ac.uk/ena/browser/view/PRJEB31628";16,67;25;50;0;0;50;0;100;0;0;0;0;0;0;0;2;0;0;0;2;0;0;0;0;0;0;0
"https://www.ncbi.nlm.nih.gov/geo/query/acc.cgi?acc=GSE145104";16,67;25;50;0;0;50;0;100;0;0;0;0;0;0;0;2;0;0;0;2;0;0;0;0;0;0;0
"https://www.ebi.ac.uk/emdb/EMD-24120";50;62,5;50;50;33,33;50;75;100;0;50;100;0;0;0;100;2;0;1;2;2;0;1;2;0;0;0;2
"https://doi.org/10.2210/pdb7n1p/pdb";16,67;25;50;0;0;50;0;100;0;0;0;0;0;0;0;2;0;0;0;2;0;0;0;0;0;0;0
"https://www.ncbi.nlm.nih.gov/geo/query/acc.cgi?acc=GSE159986";16,67;25;50;0;0;50;0;100;0;0;0;0;0;0;0;2;0;0;0;2;0;0;0;0;0;0;0
"https://trace.ncbi.nlm.nih.gov/Traces/?view=run_browser&acc=SRR17009152&display=data-access";16,67;25;50;0;0;50;0;100;0;0;0;0;0;0;0;2;0;0;0;2;0;0;0;0;0;0;0
"https://www.ncbi.nlm.nih.gov/nuccore/OV076251.1";16,67;25;50;0;0;50;0;100;0;0;0;0;0;0;0;2;0;0;0;2;0;0;0;0;0;0;0
"https://trace.ncbi.nlm.nih.gov/Traces/?view=run_browser&acc=SRR17052077&display=data-access";16,67;25;50;0;0;50;0;100;0;0;0;0;0;0;0;2;0;0;0;2;0;0;0;0;0;0;0
"https://www.ncbi.nlm.nih.gov/geo/query/acc.cgi?acc=GSE152989";16,67;25;50;0;0;50;0;100;0;0;0;0;0;0;0;2;0;0;0;2;0;0;0;0;0;0;0
"https://www.ebi.ac.uk/ena/browser/view/PRJEB45367";16,67;25;50;0;0;50;0;100;0;0;0;0;0;0;0;2;0;0;0;2;0;0;0;0;0;0;0
"https://www.ebi.ac.uk/pride/archive/projects/PXD026748";58,33;62,5;50;50;66,67;50;75;100;0;50;100;0;0;100;100;2;0;1;2;2;0;1;2;0;0;2;2
"https://www.ncbi.nlm.nih.gov/geo/query/acc.cgi?acc=GSE154027";16,67;25;50;0;0;50;0;100;0;0;0;0;0;0;0;2;0;0;0;2;0;0;0;0;0;0;0
"https://github.com/theislab/Covid_meta_analysis/tree/main/Figure1_ACE2_TMPRSS2_coexp";37,5;50;50;33,33;16,67;50;50;100;0;50;50;0;0;0;50;2;0;1;1;2;0;1;1;0;0;0;1
"https://www.ncbi.nlm.nih.gov/geo/query/acc.cgi?acc=GSE119025";16,67;25;50;0;0;50;0;100;0;0;0;0;0;0;0;2;0;0;0;2;0;0;0;0;0;0;0
"https://www.ncbi.nlm.nih.gov/nuccore/KT587350";16,67;25;50;0;0;50;0;100;0;0;0;0;0;0;0;2;0;0;0;2;0;0;0;0;0;0;0
"https://doi.org/10.5061/dryad.pnvx0k6kr";91,67;87,5;100;83,33;100;100;75;100;100;50;100;100;100;100;100;2;2;1;2;2;2;1;2;2;2;2;2
"https://trace.ncbi.nlm.nih.gov/Traces/index.html?view=run_browser&acc=SRR12567753&display=data-access";16,67;25;50;0;0;50;0;100;0;0;0;0;0;0;0;2;0;0;0;2;0;0;0;0;0;0;0
"https://doi.org/10.5281/zenodo.4768563";54,17;75;50;33,33;50;100;50;100;0;50;50;0;0;100;50;2;2;1;1;2;0;1;1;0;0;2;1
"https://doi.org/10.5281/zenodo.4425256";91,67;87,5;100;83,33;100;100;75;100;100;50;100;100;100;100;100;2;2;1;2;2;2;1;2;2;2;2;2
"https://doi.org/10.17605/OSF.IO/P3X4R";16,67;25;50;0;0;50;0;100;0;0;0;0;0;0;0;2;0;0;0;2;0;0;0;0;0;0;0
"https://doi.org/10.5281/zenodo.6500842";91,67;87,5;100;83,33;100;100;75;100;100;50;100;100;100;100;100;2;2;1;2;2;2;1;2;2;2;2;2
"https://osf.io/duj47/";70,83;75;100;33,33;83,33;100;50;100;100;50;50;0;100;100;50;2;2;1;1;2;2;1;1;0;2;2;1
"https://identifiers.org/neurovault.collection:7566";70,83;75;100;66,67;50;100;50;100;100;50;50;100;100;0;50;2;2;1;1;2;2;1;1;2;2;0;1
"https://doi.org/10.5281/zenodo.3736430";91,67;87,5;100;83,33;100;100;75;100;100;50;100;100;100;100;100;2;2;1;2;2;2;1;2;2;2;2;2
"https://www.ebi.ac.uk/gwas/studies/GCST90007526";16,67;25;50;0;0;50;0;100;0;0;0;0;0;0;0;2;0;0;0;2;0;0;0;0;0;0;0
"https://figshare.com/articles/dataset/Y-chromosome_haplotypes_Guevara_et_al_2016_and_SNP_assignment_by_multiplexes_This_study_/13509710";83,33;87,5;100;50;100;100;75;100;100;50;100;0;100;100;100;2;2;1;2;2;2;1;2;0;2;2;2
"https://doi.org/10.24433/CO.0121060.v1";50;62,5;50;50;33,33;50;75;100;0;50;100;0;0;0;100;2;0;1;2;2;0;1;2;0;0;0;2
"https://figshare.com/articles/dataset/Minimal_underlying_data_set_and_codebook_/17044919";83,33;87,5;100;50;100;100;75;100;100;50;100;0;100;100;100;2;2;1;2;2;2;1;2;0;2;2;2
"http://doi.org/10.17605/OSF.IO/YKM6X";54,17;75;50;33,33;50;100;50;100;0;50;50;0;0;100;50;2;2;1;1;2;0;1;1;0;0;2;1
"https://data.mendeley.com/datasets/hwxhw2sxys/1";83,33;62,5;100;83,33;100;50;75;100;100;50;100;100;100;100;100;2;0;1;2;2;2;1;2;2;2;2;2
"http://doi.org/10.2210/pdb6MD5/pdb";16,67;25;50;0;0;50;0;100;0;0;0;0;0;0;0;2;0;0;0;2;0;0;0;0;0;0;0
"https://www.ncbi.nlm.nih.gov/geo/query/acc.cgi?acc=GSE94916";16,67;25;50;0;0;50;0;100;0;0;0;0;0;0;0;2;0;0;0;2;0;0;0;0;0;0;0
"https://www.ebi.ac.uk/pride/archive/projects/PXD027265";58,33;62,5;50;50;66,67;50;75;100;0;50;100;0;0;100;100;2;0;1;2;2;0;1;2;0;0;2;2
"https://www.ncbi.nlm.nih.gov/geo/query/acc.cgi?acc=GSE151333";16,67;25;50;0;0;50;0;100;0;0;0;0;0;0;0;2;0;0;0;2;0;0;0;0;0;0;0
"https://doi.org/doi:10.25345/C5NM3R";16,67;25;50;0;0;50;0;100;0;0;0;0;0;0;0;2;0;0;0;2;0;0;0;0;0;0;0
"https://massive.ucsd.edu/ProteoSAFe/dataset.jsp?accession=MSV000081885";16,67;25;50;0;0;50;0;100;0;0;0;0;0;0;0;2;0;0;0;2;0;0;0;0;0;0;0
"https://www.ebi.ac.uk/pride/archive/projects/PXD027498";58,33;62,5;50;50;66,67;50;75;100;0;50;100;0;0;100;100;2;0;1;2;2;0;1;2;0;0;2;2
"https://ddbj.nig.ac.jp/public/ddbj_database/dra/fastq/DRA010/DRA010491/";16,67;25;50;0;0;50;0;100;0;0;0;0;0;0;0;2;0;0;0;2;0;0;0;0;0;0;0
"https://trace.ncbi.nlm.nih.gov/Traces/?view=run_browser&acc=SRR11196254&display=data-access";16,67;25;50;0;0;50;0;100;0;0;0;0;0;0;0;2;0;0;0;2;0;0;0;0;0;0;0
"https://doi.org/10.5061/dryad.7h44j0zsr";91,67;87,5;100;83,33;100;100;75;100;100;50;100;100;100;100;100;2;2;1;2;2;2;1;2;2;2;2;2
"https://www.ncbi.nlm.nih.gov/geo/query/acc.cgi?acc=GSE122505";16,67;25;50;0;0;50;0;100;0;0;0;0;0;0;0;2;0;0;0;2;0;0;0;0;0;0;0
"https://www.ebi.ac.uk/gwas/studies/GCST011074";16,67;25;50;0;0;50;0;100;0;0;0;0;0;0;0;2;0;0;0;2;0;0;0;0;0;0;0
"https://www.ncbi.nlm.nih.gov/geo/query/acc.cgi?acc=GSE144288";16,67;25;50;0;0;50;0;100;0;0;0;0;0;0;0;2;0;0;0;2;0;0;0;0;0;0;0
"https://www.ncbi.nlm.nih.gov/geo/query/acc.cgi?acc=GSE147722";16,67;25;50;0;0;50;0;100;0;0;0;0;0;0;0;2;0;0;0;2;0;0;0;0;0;0;0
"https://doi.org/10.5281/zenodo.4671006";91,67;87,5;100;83,33;100;100;75;100;100;50;100;100;100;100;100;2;2;1;2;2;2;1;2;2;2;2;2
"http://doi.org/10.2210/pdb7CQF/pdb";16,67;25;50;0;0;50;0;100;0;0;0;0;0;0;0;2;0;0;0;2;0;0;0;0;0;0;0
"https://www.ncbi.nlm.nih.gov/geo/query/acc.cgi?acc=GSE160294";16,67;25;50;0;0;50;0;100;0;0;0;0;0;0;0;2;0;0;0;2;0;0;0;0;0;0;0
"https://doi.org/10.5281/zenodo.5203142";79,17;75;100;66,67;83,33;100;50;100;100;50;50;100;100;100;50;2;2;1;1;2;2;1;1;2;2;2;1
"https://osf.io/dkx6y/";54,17;75;50;33,33;50;100;50;100;0;50;50;0;0;100;50;2;2;1;1;2;0;1;1;0;0;2;1
"doi.org/10.5281/zenodo.4327115";NA;NA;NA;NA;NA;NA;NA;NA;NA;NA;NA;NA;NA;NA;NA;NA;NA;NA;NA;NA;NA;NA;NA;NA;NA;NA;NA
"https://github.com/YunzheLiu/RLReplay/blob/main/MEGTrial_Thres.mat";37,5;50;50;33,33;16,67;50;50;100;0;50;50;0;0;0;50;2;0;1;1;2;0;1;1;0;0;0;1
"http://doi.org/10.2210/pdb7LOP/pdb";16,67;25;50;0;0;50;0;100;0;0;0;0;0;0;0;2;0;0;0;2;0;0;0;0;0;0;0
"https://www.ebi.ac.uk/emdb/EMD-23466";50;62,5;50;50;33,33;50;75;100;0;50;100;0;0;0;100;2;0;1;2;2;0;1;2;0;0;0;2
"https://github.com/CERI-KRISP/africa-covid19-genomics/tree/main/data";37,5;50;50;33,33;16,67;50;50;100;0;50;50;0;0;0;50;2;0;1;1;2;0;1;1;0;0;0;1
"https://www.ncbi.nlm.nih.gov/geo/query/acc.cgi?acc=GSE118174";16,67;25;50;0;0;50;0;100;0;0;0;0;0;0;0;2;0;0;0;2;0;0;0;0;0;0;0
"https://www.ncbi.nlm.nih.gov/geo/query/acc.cgi?acc=GSE148163";16,67;25;50;0;0;50;0;100;0;0;0;0;0;0;0;2;0;0;0;2;0;0;0;0;0;0;0
"https://www.ebi.ac.uk/pride/archive/projects/PXD015579";58,33;62,5;50;50;66,67;50;75;100;0;50;100;0;0;100;100;2;0;1;2;2;0;1;2;0;0;2;2
"https://www.ebi.ac.uk/biostudies/arrayexpress/studies/E-MTAB-9361";50;62,5;50;50;33,33;50;75;100;0;50;100;0;0;0;100;2;0;1;2;2;0;1;2;0;0;0;2
"https://doi.org/10.6084/m9.figshare.13490262.v3";91,67;87,5;100;83,33;100;100;75;100;100;50;100;100;100;100;100;2;2;1;2;2;2;1;2;2;2;2;2
"https://osf.io/spd9u/";54,17;75;50;33,33;50;100;50;100;0;50;50;0;0;100;50;2;2;1;1;2;0;1;1;0;0;2;1
"https://osf.io/5qmz7/";70,83;75;100;33,33;83,33;100;50;100;100;50;50;0;100;100;50;2;2;1;1;2;2;1;1;0;2;2;1
"https://github.com/wangbenchi/Shared_data";37,5;50;50;33,33;16,67;50;50;100;0;50;50;0;0;0;50;2;0;1;1;2;0;1;1;0;0;0;1
"https://doi.org/10.5281/zenodo.3899830";91,67;87,5;100;83,33;100;100;75;100;100;50;100;100;100;100;100;2;2;1;2;2;2;1;2;2;2;2;2
"https://www.ncbi.nlm.nih.gov/geo/query/acc.cgi?acc=GSE165499";16,67;25;50;0;0;50;0;100;0;0;0;0;0;0;0;2;0;0;0;2;0;0;0;0;0;0;0
"https://osf.io/uhxvt";16,67;25;50;0;0;50;0;100;0;0;0;0;0;0;0;2;0;0;0;2;0;0;0;0;0;0;0
"https://www.ncbi.nlm.nih.gov/geo/query/acc.cgi?acc=GSE157285";16,67;25;50;0;0;50;0;100;0;0;0;0;0;0;0;2;0;0;0;2;0;0;0;0;0;0;0
"https://figshare.com/articles/dataset/List_of_up-_and_downregulated_transcripts_from_sorted_stem_cells_sorted_Paneth_cells_and_organoids_with_a_p_value_0_05_/17123909?backTo=/collections/MLL1_is_required_for_maintenance_of_intestinal_stem_cells/5736735";83,33;87,5;100;50;100;100;75;100;100;50;100;0;100;100;100;2;2;1;2;2;2;1;2;0;2;2;2
"https://doi.org/10.6084/m9.figshare.14931708.v1";91,67;87,5;100;83,33;100;100;75;100;100;50;100;100;100;100;100;2;2;1;2;2;2;1;2;2;2;2;2
"https://www.ncbi.nlm.nih.gov/nuccore/MW809725";16,67;25;50;0;0;50;0;100;0;0;0;0;0;0;0;2;0;0;0;2;0;0;0;0;0;0;0
"https://www.ncbi.nlm.nih.gov/nuccore/MT993951";16,67;25;50;0;0;50;0;100;0;0;0;0;0;0;0;2;0;0;0;2;0;0;0;0;0;0;0
"https://www.ncbi.nlm.nih.gov/nuccore/MT108784";16,67;25;50;0;0;50;0;100;0;0;0;0;0;0;0;2;0;0;0;2;0;0;0;0;0;0;0
"https://www.ncbi.nlm.nih.gov/geo/query/acc.cgi?acc=GSE129772";16,67;25;50;0;0;50;0;100;0;0;0;0;0;0;0;2;0;0;0;2;0;0;0;0;0;0;0
"https://www.ebi.ac.uk/pride/archive/projects/PXD029319";58,33;62,5;50;50;66,67;50;75;100;0;50;100;0;0;100;100;2;0;1;2;2;0;1;2;0;0;2;2
"https://www.ebi.ac.uk/emdb/EMD-13672";50;62,5;50;50;33,33;50;75;100;0;50;100;0;0;0;100;2;0;1;2;2;0;1;2;0;0;0;2
"https://www.ebi.ac.uk/empiar/EMPIAR-10822/";16,67;25;50;0;0;50;0;100;0;0;0;0;0;0;0;2;0;0;0;2;0;0;0;0;0;0;0
"https://doi.org/10.6084/m9.figshare.13204370.v1";91,67;87,5;100;83,33;100;100;75;100;100;50;100;100;100;100;100;2;2;1;2;2;2;1;2;2;2;2;2
